timestamp,system,incident_type,severity,region,cpu_usage,memory_usage,latency_ms,resolved,resolution_time_minutes
2026-03-21 12:40:22.328330,payment-api,latency_spike,high,eu-west,72.45,68.34,271.82,True,40.0
2026-03-12 16:40:22.328330,payment-api,network_issue,low,ap-south,87.85,67.19,201.27,False,
2026-05-15 20:05:22.328330,payment-api,latency_spike,medium,eu-west,88.69,79.21,182.44,True,148.0
2026-04-30 15:08:22.328330,search-api,network_issue,critical,eu-west,73.14,64.44,182.74,False,
2026-03-26 02:14:22.328330,inventory-engine,deployment_failure,low,eu-west,68.63,47.04,82.01,False,
2026-04-17 18:13:22.328330,inventory-engine,memory_leak,medium,us-east,56.57,57.85,245.14,True,28.0
2026-04-14 03:33:22.328330,payment-api,cpu_overload,high,ap-south,51.38,53.05,337.25,False,
2026-03-06 06:19:22.328330,payment-api,network_issue,critical,ap-south,61.61,70.81,106.02,True,101.0
2026-05-11 13:22:22.328330,notification-service,cpu_overload,high,ap-south,56.83,71.33,127.92,True,185.0
2026-05-12 09:34:22.328330,payment-api,network_issue,medium,us-east,70.64,62.79,196.66,True,223.0
2026-04-27 12:58:22.328330,analytics-pipeline,latency_spike,critical,us-east,55.97,92.23,218.92,False,
2026-03-21 20:50:22.328330,analytics-pipeline,cpu_overload,medium,us-east,49.13,79.87,122.33,False,
2026-04-29 15:50:22.328330,search-api,cpu_overload,low,ap-south,68.13,46.48,113.75,True,141.0
2026-03-13 08:42:22.328330,auth-service,memory_leak,critical,us-east,67.95,78.86,233.71,False,
2026-02-23 11:58:22.328330,search-api,network_issue,medium,ap-south,63.27,66.39,101.72,False,
2026-03-03 00:16:22.328330,analytics-pipeline,deployment_failure,low,eu-west,54.2,64.47,304.57,True,211.0
2026-04-20 00:23:22.328330,recommendation-engine,cpu_overload,low,eu-west,70.15,48.84,245.93,False,
2026-04-29 09:01:22.328330,search-api,api_timeout,critical,ap-south,59.22,61.88,268.93,False,
2026-05-05 17:24:22.328330,inventory-engine,memory_leak,medium,ap-south,80.46,81.18,152.86,False,
2026-03-11 17:38:22.328330,notification-service,api_timeout,critical,us-east,60.36,73.98,298.04,True,40.0
2026-04-02 08:26:22.328330,recommendation-engine,latency_spike,low,eu-west,57.81,67.77,131.49,True,165.0
2026-05-04 04:01:22.328330,analytics-pipeline,network_issue,critical,ap-south,47.06,79.75,328.5,True,103.0
2026-04-13 23:51:22.328330,notification-service,api_timeout,high,ap-south,63.92,82.04,248.93,True,179.0
2026-03-14 03:04:22.328330,payment-api,network_issue,high,ap-south,55.32,74.34,343.04,False,
2026-05-08 13:49:22.328330,inventory-engine,api_timeout,medium,us-east,64.46,88.78,10.42,True,189.0
2026-02-28 00:11:22.328330,search-api,cpu_overload,medium,ap-south,77.33,71.04,196.08,True,227.0
2026-03-22 19:31:22.328330,inventory-engine,deployment_failure,medium,eu-west,66.38,46.15,202.43,False,
2026-03-10 07:47:22.328330,auth-service,database_failure,low,ap-south,70.36,87.73,178.54,False,
2026-04-04 06:08:22.328330,payment-api,latency_spike,high,us-east,52.87,63.98,293.23,True,19.0
2026-04-26 19:19:22.328330,notification-service,latency_spike,low,ap-south,69.93,63.64,261.06,False,
2026-03-05 10:53:22.328330,payment-api,deployment_failure,medium,eu-west,66.46,81.62,163.84,False,
2026-02-21 13:05:22.328330,notification-service,memory_leak,high,ap-south,60.09,65.29,102.92,False,
2026-02-19 22:50:22.328330,auth-service,database_failure,medium,ap-south,69.44,73.13,220.41,False,
2026-04-12 09:54:22.328330,search-api,network_issue,high,us-east,61.48,53.02,186.35,False,
2026-05-07 17:10:22.328330,auth-service,memory_leak,low,us-east,59.86,60.37,207.1,True,155.0
2026-03-29 07:27:22.328330,auth-service,database_failure,medium,eu-west,71.06,92.63,233.97,True,186.0
2026-03-22 06:51:22.328330,payment-api,memory_leak,low,eu-west,68.86,69.11,66.5,False,
2026-05-12 06:43:22.328330,notification-service,memory_leak,high,ap-south,64.6,70.72,417.06,False,
2026-04-29 05:30:22.328330,notification-service,memory_leak,critical,eu-west,62.11,73.62,217.22,False,
2026-03-06 05:30:22.328330,recommendation-engine,memory_leak,low,eu-west,47.47,83.71,280.15,False,
2026-04-16 11:32:22.328330,recommendation-engine,api_timeout,critical,ap-south,76.87,59.09,332.22,True,177.0
2026-03-20 06:01:22.328330,search-api,latency_spike,low,us-east,43.97,77.04,395.24,False,
2026-03-06 20:35:22.328330,analytics-pipeline,latency_spike,medium,eu-west,50.14,63.2,227.97,True,142.0
2026-04-07 21:30:22.328330,auth-service,api_timeout,medium,us-east,57.45,51.39,225.49,False,
2026-04-25 23:48:22.328330,analytics-pipeline,latency_spike,critical,ap-south,49.07,75.68,146.45,True,17.0
2026-03-20 08:53:22.328330,notification-service,deployment_failure,low,eu-west,88.25,60.6,194.24,True,47.0
2026-04-11 17:41:22.328330,recommendation-engine,api_timeout,medium,us-east,77.2,55.23,238.2,True,47.0
2026-04-14 05:38:22.328330,payment-api,api_timeout,high,us-east,84.61,50.71,234.77,False,
2026-04-10 05:26:22.328330,search-api,network_issue,critical,eu-west,68.9,79.38,121.04,True,80.0
2026-04-28 21:56:22.328330,payment-api,database_failure,low,ap-south,45.19,76.26,243.76,False,
2026-05-13 12:38:22.328330,payment-api,database_failure,critical,ap-south,68.76,74.16,165.6,True,19.0
2026-02-20 06:39:22.328330,notification-service,latency_spike,medium,eu-west,68.48,73.52,162.85,True,177.0
2026-03-01 06:50:22.328330,auth-service,api_timeout,low,ap-south,92.99,75.69,124.7,True,153.0
2026-03-25 14:46:22.328330,payment-api,database_failure,low,us-east,74.85,58.3,282.97,False,
2026-02-22 15:37:22.328330,inventory-engine,memory_leak,high,eu-west,82.38,60.15,297.07,False,
2026-04-12 16:54:22.328330,auth-service,network_issue,high,us-east,71.19,79.86,371.74,False,
2026-02-23 04:02:22.328330,analytics-pipeline,latency_spike,low,us-east,61.32,60.96,148.84,True,23.0
2026-03-30 19:02:22.328330,auth-service,database_failure,high,eu-west,52.76,69.07,247.29,False,
2026-02-27 13:14:22.328330,payment-api,memory_leak,high,us-east,69.15,79.93,221.04,True,117.0
2026-03-03 20:10:22.328330,notification-service,network_issue,high,ap-south,86.8,66.82,437.61,True,175.0
2026-03-05 08:31:22.328330,notification-service,cpu_overload,low,eu-west,74.39,59.71,134.33,False,
2026-05-08 05:21:22.328330,payment-api,network_issue,medium,us-east,72.24,67.32,277.12,False,
2026-03-24 16:14:22.328330,auth-service,network_issue,high,eu-west,72.1,69.13,152.26,False,
2026-04-02 17:26:22.328330,recommendation-engine,cpu_overload,low,eu-west,42.28,64.64,288.51,False,
2026-03-04 05:46:22.328330,inventory-engine,latency_spike,low,us-east,68.21,55.05,233.85,True,168.0
2026-02-18 13:06:22.328330,inventory-engine,memory_leak,critical,ap-south,70.78,59.39,232.3,False,
2026-03-28 16:11:22.328330,payment-api,latency_spike,low,ap-south,65.87,56.28,248.62,True,144.0
2026-05-15 10:48:22.328330,analytics-pipeline,cpu_overload,medium,us-east,73.41,83.0,304.3,True,15.0
2026-04-20 16:06:22.328330,inventory-engine,deployment_failure,low,us-east,44.33,58.75,261.2,True,179.0
2026-04-26 00:24:22.328330,search-api,latency_spike,high,ap-south,72.71,76.18,528.22,False,
2026-02-19 02:08:22.328330,notification-service,network_issue,medium,eu-west,73.56,83.63,296.32,True,209.0
2026-03-05 22:21:22.328330,auth-service,api_timeout,low,eu-west,74.77,66.22,280.72,False,
2026-03-08 12:22:22.328330,recommendation-engine,deployment_failure,medium,us-east,53.41,67.16,181.17,True,206.0
2026-03-15 21:33:22.328330,payment-api,api_timeout,low,us-east,66.23,97.78,70.62,True,56.0
2026-03-05 09:39:22.328330,recommendation-engine,cpu_overload,high,eu-west,75.29,50.65,182.25,True,11.0
2026-03-19 15:39:22.328330,auth-service,api_timeout,high,us-east,81.33,70.77,133.78,True,202.0
2026-04-23 07:45:22.328330,inventory-engine,network_issue,critical,ap-south,54.27,78.16,161.57,False,
2026-02-22 05:43:22.328330,payment-api,latency_spike,high,eu-west,68.25,70.55,167.87,False,
2026-05-15 05:56:22.328330,payment-api,database_failure,critical,us-east,97.16,77.61,57.99,False,
2026-04-09 00:11:22.328330,notification-service,database_failure,low,us-east,67.8,62.06,288.19,True,70.0
2026-05-14 16:33:22.328330,search-api,api_timeout,low,ap-south,53.11,68.62,260.4,True,98.0
2026-04-09 11:19:22.328330,payment-api,network_issue,high,ap-south,77.99,55.6,193.24,False,
2026-03-19 08:19:22.328330,analytics-pipeline,latency_spike,high,ap-south,57.88,62.16,361.24,False,
2026-03-19 00:40:22.328330,recommendation-engine,cpu_overload,critical,ap-south,71.07,54.87,293.43,False,
2026-03-29 06:23:22.328330,auth-service,memory_leak,critical,ap-south,96.83,82.39,98.45,False,
2026-03-18 01:53:22.328330,search-api,memory_leak,high,us-east,57.74,85.2,163.39,True,82.0
2026-04-22 14:44:22.328330,auth-service,api_timeout,high,us-east,71.66,79.3,145.85,False,
2026-04-08 11:36:22.328330,search-api,memory_leak,critical,ap-south,64.11,31.1,138.05,True,173.0
2026-05-11 00:16:22.328330,inventory-engine,database_failure,high,eu-west,61.21,55.03,350.59,True,177.0
2026-04-20 11:23:22.328330,auth-service,deployment_failure,medium,eu-west,43.55,64.72,230.46,True,16.0
2026-04-26 10:38:22.328330,recommendation-engine,database_failure,low,us-east,86.62,52.77,313.05,False,
2026-02-27 01:43:22.328330,search-api,database_failure,medium,ap-south,65.15,58.22,256.97,False,
2026-04-03 17:31:22.328330,recommendation-engine,memory_leak,medium,ap-south,67.99,62.8,225.58,True,233.0
2026-03-11 09:00:22.328330,analytics-pipeline,deployment_failure,low,us-east,59.22,71.36,272.97,True,50.0
2026-03-06 12:54:22.328330,search-api,database_failure,critical,eu-west,88.79,55.15,390.64,True,239.0
2026-03-02 12:17:22.328330,payment-api,api_timeout,medium,us-east,35.72,68.18,267.07,False,
2026-02-21 06:07:22.328330,analytics-pipeline,api_timeout,critical,ap-south,69.21,62.53,203.35,False,
2026-02-26 01:32:22.328330,auth-service,network_issue,critical,us-east,57.6,62.93,287.97,False,
2026-03-11 07:14:22.328330,auth-service,deployment_failure,high,ap-south,70.36,61.69,291.97,False,
2026-03-22 16:21:22.328330,auth-service,cpu_overload,critical,eu-west,69.61,79.75,270.37,False,
2026-04-27 09:15:22.328330,inventory-engine,cpu_overload,high,ap-south,52.57,63.28,279.78,True,40.0
2026-05-05 00:01:22.328330,auth-service,api_timeout,medium,ap-south,74.16,69.75,229.39,True,21.0
2026-04-10 23:13:22.328330,recommendation-engine,cpu_overload,critical,us-east,84.16,62.9,263.77,True,57.0
2026-03-03 22:02:22.328330,recommendation-engine,api_timeout,low,ap-south,61.97,67.39,307.9,False,
2026-04-05 07:32:22.328330,payment-api,cpu_overload,high,us-east,77.38,79.76,324.44,False,
2026-03-30 17:45:22.328330,search-api,network_issue,medium,us-east,65.32,78.18,195.18,True,74.0
2026-04-09 01:25:22.328330,recommendation-engine,latency_spike,critical,us-east,69.86,68.44,227.76,False,
2026-03-13 19:31:22.328330,auth-service,deployment_failure,critical,eu-west,73.93,60.18,387.39,True,237.0
2026-04-12 20:45:22.328330,notification-service,database_failure,low,eu-west,49.91,55.43,312.65,False,
2026-05-06 09:04:22.328330,analytics-pipeline,api_timeout,medium,eu-west,76.87,77.49,270.27,False,
2026-04-14 05:21:22.328330,inventory-engine,memory_leak,critical,us-east,64.82,59.23,226.06,False,
2026-03-10 10:35:22.328330,recommendation-engine,cpu_overload,critical,us-east,54.84,81.7,208.24,True,125.0
2026-05-16 23:10:22.328330,search-api,database_failure,low,us-east,52.62,66.14,253.03,True,171.0
2026-05-12 11:37:22.328330,analytics-pipeline,network_issue,low,eu-west,56.54,60.13,239.49,True,56.0
2026-03-03 08:11:22.328330,payment-api,database_failure,medium,eu-west,68.67,63.92,182.32,True,126.0
2026-03-18 19:03:22.328330,payment-api,database_failure,medium,us-east,68.48,52.62,107.4,False,
2026-03-09 22:12:22.328330,inventory-engine,memory_leak,low,eu-west,54.22,67.44,244.87,False,
2026-05-08 21:22:22.328330,notification-service,latency_spike,high,ap-south,87.13,80.29,207.2,False,
2026-04-12 15:00:22.328330,search-api,memory_leak,low,ap-south,64.71,57.97,218.52,True,31.0
2026-03-16 06:28:22.328330,analytics-pipeline,cpu_overload,low,ap-south,60.67,73.87,153.82,True,93.0
2026-03-31 05:43:22.328330,recommendation-engine,network_issue,high,eu-west,72.79,88.39,211.3,False,
2026-05-17 13:52:22.328330,analytics-pipeline,api_timeout,critical,eu-west,71.03,78.28,187.9,False,
2026-02-20 06:38:22.328330,inventory-engine,network_issue,critical,ap-south,68.36,70.15,227.81,True,116.0
2026-05-02 16:44:22.328330,search-api,database_failure,high,ap-south,53.4,70.29,259.84,False,
2026-04-06 09:59:22.328330,recommendation-engine,deployment_failure,high,us-east,86.77,81.51,392.25,True,217.0
2026-02-22 15:48:22.328330,payment-api,cpu_overload,critical,eu-west,53.49,80.47,234.67,False,
2026-03-27 20:39:22.328330,notification-service,network_issue,critical,us-east,97.85,60.3,152.82,True,131.0
2026-03-02 06:34:22.328330,inventory-engine,memory_leak,critical,eu-west,56.01,44.51,177.94,False,
2026-03-07 02:37:22.328330,inventory-engine,cpu_overload,high,ap-south,53.61,71.8,247.34,False,
2026-03-29 03:22:22.328330,payment-api,database_failure,medium,eu-west,93.14,81.41,173.85,True,189.0
2026-04-11 17:39:22.328330,recommendation-engine,database_failure,medium,ap-south,51.52,75.9,114.38,False,
2026-03-20 22:31:22.328330,search-api,api_timeout,critical,eu-west,92.47,84.15,182.47,True,80.0
2026-04-28 13:25:22.328330,recommendation-engine,network_issue,medium,us-east,39.3,86.25,210.84,False,
2026-04-05 15:39:22.328330,notification-service,database_failure,high,us-east,83.57,50.87,172.05,False,
2026-04-16 16:58:22.328330,search-api,api_timeout,high,us-east,65.08,70.56,183.99,False,
2026-04-27 17:53:22.328330,payment-api,network_issue,medium,us-east,74.34,57.19,208.61,True,195.0
2026-03-30 22:54:22.328330,analytics-pipeline,network_issue,medium,eu-west,66.8,76.17,276.93,True,194.0
2026-04-04 15:46:22.328330,inventory-engine,network_issue,high,eu-west,48.13,51.59,322.21,True,80.0
2026-04-28 00:34:22.328330,inventory-engine,memory_leak,high,eu-west,69.98,61.02,344.09,True,75.0
2026-05-14 14:05:22.328330,payment-api,database_failure,high,ap-south,66.74,84.15,225.4,True,168.0
2026-02-28 16:20:22.328330,analytics-pipeline,api_timeout,low,eu-west,95.91,91.06,200.08,False,
2026-04-06 00:06:22.328330,recommendation-engine,api_timeout,high,eu-west,79.57,77.74,329.49,True,69.0
2026-02-22 01:43:22.328330,analytics-pipeline,api_timeout,low,eu-west,50.53,78.23,304.67,False,
2026-04-03 23:16:22.328330,payment-api,database_failure,low,eu-west,38.62,55.8,56.86,True,212.0
2026-03-28 11:58:22.328330,inventory-engine,latency_spike,medium,eu-west,60.96,78.61,340.19,False,
2026-03-24 12:59:22.328330,notification-service,deployment_failure,medium,ap-south,66.11,89.54,109.59,False,
2026-04-07 17:21:22.328330,recommendation-engine,cpu_overload,critical,us-east,39.45,69.33,250.73,True,161.0
2026-02-20 08:07:22.328330,search-api,latency_spike,medium,ap-south,64.51,45.19,212.87,True,72.0
2026-03-19 14:47:22.328330,payment-api,memory_leak,medium,eu-west,45.43,78.04,249.33,True,45.0
2026-05-18 11:40:22.328330,recommendation-engine,api_timeout,critical,us-east,50.9,63.83,135.26,True,64.0
2026-04-22 12:08:22.328330,search-api,cpu_overload,critical,eu-west,64.06,81.46,141.14,True,72.0
2026-03-08 00:28:22.328330,analytics-pipeline,network_issue,medium,us-east,72.56,63.64,156.57,True,144.0
2026-04-28 06:24:22.328330,search-api,memory_leak,high,eu-west,63.39,57.58,175.71,True,20.0
2026-05-03 15:03:22.328330,analytics-pipeline,cpu_overload,high,us-east,47.03,93.58,222.82,True,124.0
2026-03-17 01:04:22.328330,inventory-engine,network_issue,critical,us-east,54.5,72.57,211.01,False,
2026-04-08 21:13:22.328330,payment-api,database_failure,low,us-east,61.69,77.37,280.6,False,
2026-03-24 18:41:22.328330,inventory-engine,latency_spike,low,eu-west,57.04,63.09,198.0,True,200.0
2026-03-18 12:53:22.328330,analytics-pipeline,cpu_overload,low,eu-west,30.47,51.82,329.35,False,
2026-04-01 11:49:22.328330,search-api,api_timeout,high,eu-west,89.67,67.01,266.12,False,
2026-03-21 22:48:22.328330,analytics-pipeline,api_timeout,low,us-east,69.67,106.95,309.57,False,
2026-04-11 13:27:22.328330,inventory-engine,cpu_overload,low,eu-west,63.08,58.53,91.48,False,
2026-04-11 06:15:22.328330,search-api,api_timeout,high,ap-south,68.05,60.92,106.22,False,
2026-03-05 16:15:22.328330,analytics-pipeline,database_failure,low,us-east,55.3,57.02,354.97,True,85.0
2026-04-25 18:08:22.328330,inventory-engine,latency_spike,critical,ap-south,78.22,69.9,338.4,True,173.0
2026-02-28 14:21:22.328330,notification-service,api_timeout,critical,eu-west,66.16,59.66,341.85,True,137.0
2026-04-15 19:11:22.328330,notification-service,deployment_failure,critical,ap-south,73.08,57.55,204.77,False,
2026-03-10 13:17:22.328330,payment-api,memory_leak,high,ap-south,51.87,53.41,294.09,True,78.0
2026-04-08 20:26:22.328330,search-api,api_timeout,low,eu-west,93.64,53.22,265.04,True,186.0
2026-05-04 07:32:22.328330,inventory-engine,database_failure,low,ap-south,55.24,64.15,172.61,False,
2026-05-10 05:53:22.328330,auth-service,deployment_failure,low,us-east,52.04,70.58,153.52,True,170.0
2026-03-03 23:40:22.328330,auth-service,api_timeout,high,ap-south,69.06,69.4,200.88,False,
2026-04-10 21:51:22.328330,analytics-pipeline,api_timeout,critical,eu-west,51.39,63.08,280.43,False,
2026-03-29 13:15:22.328330,auth-service,api_timeout,medium,ap-south,72.51,58.27,227.95,True,226.0
2026-05-12 09:00:22.328330,inventory-engine,deployment_failure,critical,us-east,76.27,49.97,263.47,False,
2026-03-05 00:59:22.328330,payment-api,cpu_overload,high,ap-south,55.06,76.85,158.94,False,
2026-02-28 23:19:22.328330,auth-service,api_timeout,critical,us-east,37.93,50.47,223.85,False,
2026-03-29 11:50:22.328330,analytics-pipeline,database_failure,critical,us-east,68.9,59.15,271.09,False,
2026-02-28 13:50:22.328330,auth-service,network_issue,medium,ap-south,40.08,69.21,123.12,False,
2026-04-27 11:17:22.328330,analytics-pipeline,deployment_failure,critical,eu-west,55.22,70.57,151.17,False,
2026-03-11 22:41:22.328330,recommendation-engine,network_issue,critical,us-east,59.23,82.08,173.85,True,131.0
2026-02-19 21:49:22.328330,payment-api,memory_leak,high,eu-west,77.54,56.44,262.38,False,
2026-05-09 15:41:22.328330,notification-service,api_timeout,low,ap-south,86.62,40.34,156.25,True,109.0
2026-02-28 10:56:22.328330,search-api,memory_leak,low,us-east,73.66,67.56,249.69,False,
2026-04-17 21:55:22.328330,notification-service,network_issue,critical,ap-south,55.94,71.04,207.55,True,223.0
2026-04-18 19:45:22.328330,analytics-pipeline,network_issue,critical,us-east,82.52,73.05,247.01,False,
2026-02-28 07:46:22.328330,notification-service,latency_spike,low,eu-west,58.82,64.15,185.4,False,
2026-04-28 00:33:22.328330,search-api,latency_spike,critical,eu-west,70.92,64.95,243.18,True,118.0
2026-05-03 14:05:22.328330,search-api,cpu_overload,low,eu-west,96.13,80.45,193.92,False,
2026-03-07 06:18:22.328330,payment-api,cpu_overload,high,us-east,83.02,65.1,56.95,False,
2026-05-05 11:30:22.328330,auth-service,database_failure,critical,ap-south,49.88,47.55,191.88,True,48.0
2026-05-02 19:04:22.328330,payment-api,database_failure,critical,ap-south,65.28,90.12,246.15,True,132.0
2026-02-24 15:24:22.328330,notification-service,memory_leak,medium,us-east,61.71,79.95,43.11,False,
2026-04-06 21:34:22.328330,inventory-engine,network_issue,low,us-east,68.53,79.25,101.71,False,
2026-03-18 01:15:22.328330,notification-service,memory_leak,low,us-east,82.16,74.06,186.78,False,
2026-02-17 19:57:22.328330,notification-service,cpu_overload,critical,ap-south,74.49,97.25,234.55,False,
2026-04-07 03:32:22.328330,analytics-pipeline,cpu_overload,medium,us-east,68.72,64.49,152.01,False,
2026-05-09 00:31:22.328330,auth-service,api_timeout,high,ap-south,77.46,59.73,225.73,False,
2026-03-16 01:55:22.328330,inventory-engine,latency_spike,critical,us-east,57.84,75.75,246.69,True,149.0
2026-02-28 23:44:22.328330,search-api,deployment_failure,low,ap-south,80.56,63.88,198.41,False,
2026-03-03 22:09:22.328330,inventory-engine,deployment_failure,medium,ap-south,50.32,64.67,250.18,False,
2026-04-28 19:05:22.328330,search-api,memory_leak,high,ap-south,76.35,58.93,289.57,True,165.0
2026-05-09 21:15:22.328330,search-api,network_issue,low,us-east,85.33,74.96,370.14,False,
2026-05-15 16:37:22.328330,notification-service,cpu_overload,medium,eu-west,53.39,55.06,77.7,False,
2026-04-18 23:47:22.328330,search-api,api_timeout,medium,eu-west,87.44,77.85,215.55,True,206.0
2026-03-30 15:09:22.328330,inventory-engine,database_failure,high,eu-west,69.2,56.49,415.66,False,
2026-02-24 12:44:22.328330,analytics-pipeline,api_timeout,high,ap-south,66.94,71.31,278.06,False,
2026-03-06 12:38:22.328330,payment-api,api_timeout,low,eu-west,72.22,72.69,156.76,True,225.0
2026-03-18 04:03:22.328330,search-api,network_issue,critical,ap-south,72.07,92.58,327.63,False,
2026-05-10 12:14:22.328330,analytics-pipeline,api_timeout,low,us-east,88.9,63.87,140.83,True,121.0
2026-04-15 04:19:22.328330,search-api,network_issue,high,ap-south,63.11,70.67,307.54,False,
2026-03-04 20:55:22.328330,search-api,cpu_overload,low,ap-south,39.61,88.35,207.36,True,125.0
2026-05-16 10:50:22.328330,notification-service,database_failure,high,ap-south,58.6,57.85,87.61,True,170.0
2026-05-12 23:25:22.328330,search-api,deployment_failure,critical,ap-south,77.35,70.88,116.8,False,
2026-03-20 15:13:22.328330,recommendation-engine,latency_spike,medium,eu-west,45.57,65.97,353.52,True,82.0
2026-04-03 21:21:22.328330,payment-api,latency_spike,medium,ap-south,61.11,51.96,200.34,True,104.0
2026-04-07 10:31:22.328330,inventory-engine,network_issue,critical,ap-south,60.91,37.64,215.66,True,231.0
2026-04-10 23:11:22.328330,search-api,latency_spike,critical,ap-south,61.54,78.35,367.92,False,
2026-02-22 06:07:22.328330,inventory-engine,latency_spike,high,eu-west,81.9,66.77,131.48,False,
2026-04-08 06:03:22.328330,auth-service,deployment_failure,high,eu-west,103.6,70.71,221.11,False,
2026-03-30 04:06:22.328330,search-api,cpu_overload,low,us-east,64.64,72.38,208.45,False,
2026-05-01 10:52:22.328330,payment-api,deployment_failure,critical,eu-west,56.4,63.44,217.38,True,169.0
2026-03-21 12:31:22.328330,notification-service,latency_spike,low,us-east,56.85,61.45,228.51,True,37.0
2026-03-08 02:20:22.328330,notification-service,memory_leak,low,ap-south,61.18,88.05,7.92,True,155.0
2026-04-29 01:45:22.328330,analytics-pipeline,deployment_failure,medium,us-east,81.37,84.95,54.13,True,206.0
2026-02-25 18:16:22.328330,notification-service,latency_spike,high,eu-west,59.86,65.54,107.4,True,143.0
2026-04-25 21:57:22.328330,analytics-pipeline,memory_leak,low,ap-south,53.33,56.67,360.18,True,38.0
2026-05-17 09:03:22.328330,inventory-engine,deployment_failure,medium,ap-south,79.04,85.26,277.73,False,
2026-05-17 07:02:22.328330,auth-service,cpu_overload,low,eu-west,48.06,63.71,259.15,False,
2026-03-31 20:15:22.328330,payment-api,network_issue,low,us-east,46.67,78.56,200.77,False,
2026-03-08 21:54:22.328330,inventory-engine,database_failure,low,us-east,59.38,78.53,255.54,True,162.0
2026-05-14 18:47:22.328330,search-api,deployment_failure,high,us-east,59.59,83.91,133.51,True,20.0
2026-04-05 03:09:22.328330,analytics-pipeline,api_timeout,critical,ap-south,74.24,77.12,195.24,True,130.0
2026-03-14 21:15:22.328330,recommendation-engine,latency_spike,low,us-east,69.89,54.99,293.92,True,21.0
2026-05-07 05:50:22.328330,inventory-engine,database_failure,high,us-east,62.23,63.73,303.92,False,
2026-04-07 10:21:22.328330,notification-service,database_failure,critical,eu-west,54.43,53.1,95.47,True,223.0
2026-03-20 03:16:22.328330,search-api,deployment_failure,medium,us-east,74.09,54.63,360.38,False,
2026-02-26 21:27:22.328330,auth-service,api_timeout,high,us-east,33.77,90.36,236.88,False,
2026-04-10 20:46:22.328330,search-api,latency_spike,high,us-east,63.55,63.46,251.93,False,
2026-03-19 04:33:22.328330,inventory-engine,cpu_overload,medium,ap-south,64.44,83.24,229.14,False,
2026-05-12 14:51:22.328330,payment-api,deployment_failure,low,eu-west,67.25,65.64,215.44,False,
2026-05-09 22:34:22.328330,search-api,network_issue,high,eu-west,69.62,49.48,112.15,True,155.0
2026-02-20 15:44:22.328330,notification-service,database_failure,high,ap-south,76.15,72.05,205.28,True,110.0
2026-04-16 13:04:22.328330,analytics-pipeline,network_issue,critical,ap-south,65.28,74.17,176.82,True,78.0
2026-03-25 01:54:22.328330,inventory-engine,cpu_overload,low,ap-south,53.33,72.35,141.73,True,44.0
2026-03-19 22:51:22.328330,recommendation-engine,memory_leak,low,us-east,71.12,49.57,302.33,False,
2026-05-08 06:32:22.328330,analytics-pipeline,cpu_overload,medium,us-east,72.09,73.07,298.62,True,160.0
2026-02-23 03:54:22.328330,search-api,deployment_failure,high,eu-west,89.98,82.17,72.73,True,74.0
2026-03-15 18:26:22.328330,analytics-pipeline,cpu_overload,high,us-east,45.81,62.5,222.09,True,51.0
2026-02-28 13:16:22.328330,auth-service,database_failure,critical,eu-west,72.76,61.29,234.94,True,194.0
2026-03-22 02:19:22.328330,payment-api,latency_spike,medium,us-east,53.67,62.66,107.47,False,
2026-04-07 10:30:22.328330,inventory-engine,memory_leak,high,us-east,51.15,53.78,141.93,False,
2026-03-09 00:29:22.328330,notification-service,database_failure,low,eu-west,80.8,58.61,430.59,True,45.0
2026-03-11 01:25:22.328330,notification-service,latency_spike,low,us-east,72.4,72.22,151.33,False,
2026-03-19 11:29:22.328330,recommendation-engine,api_timeout,critical,us-east,75.5,63.09,229.76,False,
2026-04-29 02:35:22.328330,analytics-pipeline,database_failure,low,us-east,103.4,68.85,311.94,False,
2026-05-08 15:16:22.328330,inventory-engine,network_issue,critical,ap-south,54.45,69.58,361.66,False,
2026-05-14 14:18:22.328330,auth-service,api_timeout,low,eu-west,55.6,91.75,276.62,True,82.0
2026-02-21 16:25:22.328330,auth-service,deployment_failure,medium,us-east,56.56,77.59,297.8,False,
2026-04-18 20:43:22.328330,payment-api,latency_spike,critical,ap-south,74.33,51.16,161.83,False,
2026-05-02 17:42:22.328330,auth-service,api_timeout,medium,ap-south,61.29,69.11,269.65,False,
2026-05-12 04:03:22.328330,recommendation-engine,deployment_failure,low,us-east,67.67,53.98,250.42,True,122.0
2026-02-23 21:12:22.328330,payment-api,deployment_failure,high,ap-south,74.16,76.72,306.46,False,
2026-03-27 12:54:22.328330,recommendation-engine,network_issue,critical,us-east,77.51,75.51,214.39,True,108.0
2026-05-16 19:57:22.328330,inventory-engine,memory_leak,critical,ap-south,40.09,75.16,236.62,False,
2026-05-10 16:59:22.328330,recommendation-engine,deployment_failure,low,eu-west,69.07,54.68,133.52,False,
2026-03-26 03:06:22.328330,recommendation-engine,database_failure,low,us-east,80.8,69.53,274.52,False,
2026-03-11 20:16:22.328330,inventory-engine,memory_leak,high,eu-west,65.42,70.36,295.06,True,135.0
2026-03-22 02:12:22.328330,payment-api,database_failure,medium,us-east,57.26,71.15,183.02,False,
2026-03-13 12:31:22.328330,analytics-pipeline,network_issue,medium,eu-west,58.48,66.29,237.77,True,42.0
2026-04-25 10:20:22.328330,auth-service,memory_leak,medium,ap-south,57.82,85.07,148.43,True,50.0
2026-02-21 03:23:22.328330,analytics-pipeline,network_issue,critical,us-east,62.2,64.72,335.76,False,
2026-03-17 17:33:22.328330,notification-service,network_issue,high,ap-south,67.95,82.38,101.16,False,
2026-05-04 23:44:22.328330,recommendation-engine,latency_spike,critical,us-east,69.01,80.68,226.58,False,
2026-03-07 05:54:22.328330,inventory-engine,database_failure,low,us-east,80.98,63.79,332.75,True,84.0
2026-04-06 16:49:22.328330,recommendation-engine,latency_spike,low,us-east,99.48,65.65,184.36,False,
2026-05-11 17:53:22.328330,search-api,deployment_failure,low,ap-south,86.8,88.95,178.17,False,
2026-04-06 14:42:22.328330,notification-service,database_failure,low,us-east,58.7,66.62,112.44,True,87.0
2026-03-24 15:51:22.328330,recommendation-engine,database_failure,medium,eu-west,51.22,57.95,158.58,False,
2026-05-09 07:24:22.328330,analytics-pipeline,deployment_failure,high,ap-south,64.48,72.81,344.04,True,134.0
2026-03-20 22:01:22.328330,auth-service,latency_spike,medium,ap-south,50.02,81.81,202.88,False,
2026-04-08 17:35:22.328330,notification-service,database_failure,medium,us-east,64.26,78.1,130.18,False,
2026-02-24 04:15:22.328330,inventory-engine,api_timeout,critical,us-east,70.74,72.0,259.4,True,207.0
2026-03-22 07:19:22.328330,search-api,cpu_overload,low,us-east,69.34,99.46,168.98,True,147.0
2026-03-17 23:34:22.328330,recommendation-engine,cpu_overload,high,ap-south,57.04,62.52,175.56,True,90.0
2026-05-11 07:28:22.328330,notification-service,network_issue,medium,us-east,55.44,84.27,333.64,False,
2026-02-19 15:33:22.328330,search-api,network_issue,critical,eu-west,56.44,60.01,257.71,True,84.0
2026-03-28 20:31:22.328330,recommendation-engine,network_issue,high,eu-west,56.72,77.6,236.23,True,170.0
2026-03-18 16:52:22.328330,recommendation-engine,database_failure,high,eu-west,42.26,88.57,363.67,False,
2026-04-20 14:47:22.328330,auth-service,memory_leak,high,us-east,55.81,65.35,242.87,True,62.0
2026-05-06 05:00:22.328330,auth-service,latency_spike,high,eu-west,70.02,77.9,380.82,True,174.0
2026-04-18 01:50:22.328330,analytics-pipeline,database_failure,medium,ap-south,62.35,60.42,109.65,False,
2026-05-04 16:32:22.328330,auth-service,memory_leak,medium,ap-south,54.04,69.6,363.56,False,
2026-05-14 18:04:22.328330,recommendation-engine,cpu_overload,medium,us-east,57.24,72.69,218.69,False,
2026-03-11 05:53:22.328330,search-api,deployment_failure,critical,eu-west,82.83,100.32,177.53,True,84.0
2026-02-19 20:08:22.328330,analytics-pipeline,deployment_failure,critical,eu-west,57.66,82.53,274.55,False,
2026-03-17 23:43:22.328330,notification-service,api_timeout,critical,us-east,92.7,77.01,191.26,False,
2026-04-02 22:54:22.328330,notification-service,api_timeout,medium,eu-west,73.86,83.3,285.64,True,228.0
2026-04-25 23:22:22.328330,payment-api,network_issue,critical,us-east,72.61,82.8,313.54,True,187.0
2026-03-02 17:38:22.328330,notification-service,deployment_failure,low,us-east,85.73,77.78,206.63,True,200.0
2026-05-04 03:18:22.328330,inventory-engine,api_timeout,medium,us-east,67.2,84.48,154.65,True,238.0
2026-04-28 12:28:22.328330,analytics-pipeline,api_timeout,high,eu-west,70.53,65.28,222.3,False,
2026-05-13 21:10:22.328330,recommendation-engine,database_failure,high,eu-west,84.18,72.29,223.71,False,
2026-05-11 07:14:22.328330,inventory-engine,memory_leak,low,us-east,44.6,78.96,271.64,True,219.0
2026-03-14 16:13:22.328330,search-api,cpu_overload,medium,eu-west,97.45,66.31,237.53,True,78.0
2026-02-24 05:26:22.328330,analytics-pipeline,api_timeout,medium,ap-south,68.74,88.93,212.38,False,
2026-04-07 21:31:22.328330,notification-service,latency_spike,low,eu-west,69.19,77.29,234.93,False,
2026-04-29 02:24:22.328330,analytics-pipeline,memory_leak,critical,eu-west,58.3,72.33,305.89,False,
2026-04-27 02:23:22.328330,inventory-engine,latency_spike,low,eu-west,49.6,71.6,163.99,False,
2026-03-21 13:42:22.328330,analytics-pipeline,database_failure,critical,eu-west,82.93,51.72,175.29,True,219.0
2026-02-25 08:11:22.328330,recommendation-engine,database_failure,low,ap-south,70.66,88.79,214.74,True,188.0
2026-05-05 15:52:22.328330,inventory-engine,api_timeout,low,ap-south,56.67,92.57,104.16,False,
2026-04-26 19:59:22.328330,notification-service,api_timeout,medium,ap-south,32.02,75.28,179.84,True,139.0
2026-02-19 00:21:22.328330,inventory-engine,latency_spike,low,us-east,49.68,78.5,239.5,False,
2026-05-14 18:24:22.328330,search-api,api_timeout,high,us-east,56.54,54.64,289.8,True,96.0
2026-03-07 22:58:22.328330,payment-api,cpu_overload,medium,ap-south,74.75,68.81,367.73,True,202.0
2026-03-26 18:19:22.328330,search-api,deployment_failure,high,eu-west,48.95,51.69,164.65,True,95.0
2026-03-30 00:43:22.328330,inventory-engine,deployment_failure,medium,ap-south,64.32,72.92,200.7,False,
2026-02-18 10:53:22.328330,search-api,api_timeout,medium,eu-west,70.28,54.98,335.5,True,188.0
2026-03-09 01:54:22.328330,recommendation-engine,latency_spike,high,eu-west,63.77,83.41,247.42,True,207.0
2026-04-30 13:46:22.328330,payment-api,cpu_overload,high,ap-south,71.85,76.84,255.82,False,
2026-03-05 12:14:22.328330,notification-service,api_timeout,high,eu-west,74.64,85.95,235.72,True,78.0
2026-04-16 05:41:22.328330,analytics-pipeline,deployment_failure,low,ap-south,75.64,68.92,335.21,False,
2026-04-23 20:39:22.328330,payment-api,deployment_failure,high,us-east,54.85,91.61,216.79,False,
2026-03-12 01:44:22.328330,recommendation-engine,api_timeout,high,eu-west,43.54,71.54,165.52,False,
2026-03-16 17:40:22.328330,recommendation-engine,cpu_overload,high,eu-west,77.61,62.17,184.31,False,
2026-05-11 13:05:22.328330,recommendation-engine,database_failure,medium,ap-south,36.66,64.57,26.09,False,
2026-04-19 11:49:22.328330,payment-api,latency_spike,high,ap-south,41.24,79.12,282.86,False,
2026-04-20 19:57:22.328330,recommendation-engine,database_failure,critical,eu-west,71.38,58.4,216.18,False,
2026-04-16 17:33:22.328330,recommendation-engine,latency_spike,high,ap-south,64.95,56.1,340.27,False,
2026-04-23 17:44:22.328330,search-api,deployment_failure,low,eu-west,78.16,67.35,222.15,False,
2026-04-15 15:51:22.328330,notification-service,deployment_failure,medium,eu-west,68.13,45.5,200.23,True,222.0
2026-03-24 10:15:22.328330,search-api,deployment_failure,critical,eu-west,54.77,57.98,197.51,True,22.0
2026-04-27 05:58:22.328330,analytics-pipeline,network_issue,high,us-east,91.97,77.69,174.31,False,
2026-02-21 07:22:22.328330,notification-service,latency_spike,medium,ap-south,73.59,86.79,293.97,False,
2026-02-21 08:46:22.328330,inventory-engine,cpu_overload,critical,eu-west,65.89,62.24,275.86,True,140.0
2026-04-15 07:54:22.328330,recommendation-engine,cpu_overload,high,eu-west,70.9,80.74,270.81,True,11.0
2026-03-12 18:24:22.328330,auth-service,api_timeout,critical,ap-south,80.74,63.58,325.39,True,72.0
2026-03-09 04:34:22.328330,inventory-engine,network_issue,critical,eu-west,67.96,94.9,164.86,False,
2026-03-16 13:29:22.328330,recommendation-engine,memory_leak,low,eu-west,91.04,72.37,167.89,True,120.0
2026-05-03 00:20:22.328330,search-api,api_timeout,low,ap-south,57.74,66.16,253.93,False,
2026-03-18 22:35:22.328330,inventory-engine,network_issue,low,ap-south,72.84,63.12,218.05,False,
2026-02-26 14:22:22.328330,inventory-engine,deployment_failure,medium,ap-south,97.13,90.73,254.91,True,208.0
2026-04-15 19:49:22.328330,notification-service,memory_leak,low,eu-west,65.57,71.44,269.08,True,65.0
2026-03-07 18:55:22.328330,recommendation-engine,latency_spike,high,ap-south,49.66,66.91,86.51,False,
2026-04-06 04:27:22.328330,analytics-pipeline,database_failure,medium,ap-south,70.99,77.77,181.35,True,21.0
2026-04-20 13:51:22.328330,recommendation-engine,network_issue,critical,ap-south,88.61,55.29,102.85,False,
2026-03-09 17:15:22.328330,recommendation-engine,deployment_failure,low,eu-west,68.37,82.57,354.71,False,
2026-03-21 06:18:22.328330,payment-api,api_timeout,critical,ap-south,58.12,82.94,216.92,False,
2026-05-07 01:09:22.328330,analytics-pipeline,deployment_failure,medium,eu-west,62.41,80.6,272.19,False,
2026-04-02 22:59:22.328330,analytics-pipeline,latency_spike,low,ap-south,41.35,87.72,330.41,True,82.0
2026-05-03 17:49:22.328330,auth-service,cpu_overload,medium,us-east,55.62,74.75,259.52,False,
2026-03-02 17:32:22.328330,payment-api,cpu_overload,medium,ap-south,68.91,63.4,166.27,False,
2026-05-07 08:04:22.328330,search-api,cpu_overload,low,ap-south,64.62,84.07,263.49,True,156.0
2026-02-22 00:32:22.328330,notification-service,memory_leak,medium,ap-south,59.44,79.26,-7.88,False,
2026-03-03 00:58:22.328330,notification-service,latency_spike,low,eu-west,82.23,49.12,191.0,True,169.0
2026-03-09 13:11:22.328330,notification-service,cpu_overload,medium,ap-south,48.2,54.46,312.87,False,
2026-03-23 11:14:22.328330,search-api,latency_spike,critical,ap-south,57.98,74.16,216.25,False,
2026-03-21 07:14:22.328330,inventory-engine,api_timeout,medium,ap-south,72.16,70.92,117.36,False,
2026-04-21 15:45:22.328330,recommendation-engine,latency_spike,low,eu-west,79.94,64.07,95.47,False,
2026-04-10 21:34:22.328330,recommendation-engine,api_timeout,medium,us-east,58.58,88.01,288.02,True,85.0
2026-03-01 07:34:22.328330,search-api,cpu_overload,high,us-east,59.77,65.81,194.27,True,199.0
2026-04-15 00:03:22.328330,notification-service,database_failure,low,us-east,96.15,74.58,254.4,True,124.0
2026-05-07 13:51:22.328330,inventory-engine,api_timeout,medium,eu-west,80.45,72.87,199.28,True,17.0
2026-04-22 07:32:22.328330,recommendation-engine,deployment_failure,critical,eu-west,62.05,69.14,217.02,True,213.0
2026-04-18 22:13:22.328330,notification-service,network_issue,high,eu-west,75.91,70.62,278.61,True,132.0
2026-04-01 21:04:22.328330,recommendation-engine,api_timeout,high,us-east,63.79,70.94,60.14,True,28.0
2026-02-21 16:37:22.328330,recommendation-engine,database_failure,critical,eu-west,78.74,74.16,299.84,True,154.0
2026-04-16 14:36:22.328330,payment-api,latency_spike,high,us-east,21.56,95.06,208.83,False,
2026-04-22 17:17:22.328330,notification-service,latency_spike,low,us-east,81.62,57.52,269.02,True,230.0
2026-04-24 15:46:22.328330,search-api,cpu_overload,critical,us-east,49.2,62.51,373.12,True,107.0
2026-05-14 01:45:22.328330,notification-service,database_failure,medium,us-east,62.14,72.61,289.61,False,
2026-05-12 00:53:22.328330,recommendation-engine,database_failure,critical,ap-south,72.44,71.81,249.2,False,
2026-03-04 14:35:22.328330,notification-service,network_issue,low,eu-west,101.05,69.31,236.09,True,105.0
2026-04-14 18:15:22.328330,analytics-pipeline,cpu_overload,high,eu-west,80.76,83.27,314.96,True,159.0
2026-04-02 09:19:22.328330,recommendation-engine,database_failure,low,eu-west,74.58,56.28,350.67,True,40.0
2026-03-14 18:39:22.328330,inventory-engine,deployment_failure,critical,ap-south,47.8,73.63,159.66,False,
2026-05-05 04:09:22.328330,notification-service,database_failure,medium,us-east,64.04,73.95,245.71,False,
2026-05-03 22:31:22.328330,recommendation-engine,database_failure,high,ap-south,71.33,89.36,256.28,False,
2026-04-02 13:16:22.328330,analytics-pipeline,database_failure,critical,ap-south,61.34,81.57,315.16,False,
2026-04-05 12:05:22.328330,analytics-pipeline,latency_spike,high,us-east,46.59,77.17,276.09,True,111.0
2026-03-26 14:23:22.328330,inventory-engine,deployment_failure,low,ap-south,60.54,86.51,208.0,False,
2026-04-24 13:27:22.328330,search-api,deployment_failure,medium,ap-south,66.88,67.92,221.25,True,154.0
2026-04-04 23:57:22.328330,auth-service,database_failure,critical,eu-west,48.56,52.72,347.56,True,13.0
2026-03-27 14:43:22.328330,search-api,latency_spike,medium,eu-west,52.3,58.1,47.73,False,
2026-04-20 04:14:22.328330,recommendation-engine,memory_leak,critical,ap-south,55.42,54.12,351.36,True,110.0
2026-04-03 01:16:22.328330,analytics-pipeline,database_failure,critical,ap-south,80.15,61.74,400.19,True,185.0
2026-05-06 03:52:22.328330,notification-service,memory_leak,high,ap-south,79.73,66.1,20.05,False,
2026-03-31 21:35:22.328330,recommendation-engine,cpu_overload,medium,us-east,99.36,53.33,88.37,False,
2026-03-30 00:09:22.328330,inventory-engine,network_issue,high,ap-south,80.34,99.28,330.74,False,
2026-05-01 05:30:22.328330,auth-service,cpu_overload,high,eu-west,73.46,77.14,288.27,False,
2026-03-09 12:51:22.328330,inventory-engine,network_issue,medium,ap-south,76.38,73.37,228.34,False,
2026-04-19 20:55:22.328330,recommendation-engine,cpu_overload,high,us-east,64.06,60.95,197.55,True,151.0
2026-03-18 03:24:22.328330,notification-service,api_timeout,critical,us-east,39.61,68.82,140.91,True,79.0
2026-05-14 21:37:22.328330,inventory-engine,network_issue,low,us-east,48.45,72.16,331.36,False,
2026-03-20 00:31:22.328330,inventory-engine,network_issue,critical,eu-west,78.77,51.15,140.83,True,216.0
2026-03-30 16:58:22.328330,inventory-engine,database_failure,high,eu-west,79.11,58.21,202.03,True,162.0
2026-03-12 07:00:22.328330,notification-service,memory_leak,medium,eu-west,73.25,58.38,228.43,True,168.0
2026-04-27 12:52:22.328330,payment-api,latency_spike,critical,us-east,44.99,62.78,245.58,False,
2026-05-09 13:52:22.328330,search-api,deployment_failure,medium,eu-west,41.11,75.29,218.43,True,109.0
2026-03-20 07:15:22.328330,recommendation-engine,api_timeout,medium,us-east,73.29,72.69,329.13,False,
2026-04-22 18:01:22.328330,search-api,latency_spike,low,ap-south,66.88,64.85,229.78,True,141.0
2026-03-12 11:49:22.328330,search-api,deployment_failure,low,eu-west,73.15,70.59,223.25,False,
2026-02-27 10:13:22.328330,analytics-pipeline,memory_leak,low,us-east,54.47,62.05,107.79,False,
2026-05-01 18:30:22.328330,search-api,deployment_failure,high,eu-west,91.24,55.07,164.57,True,81.0
2026-03-28 00:47:22.328330,notification-service,latency_spike,high,us-east,54.22,80.74,196.4,False,
2026-03-21 08:32:22.328330,notification-service,database_failure,critical,eu-west,83.72,61.92,242.32,False,
2026-04-23 21:29:22.328330,auth-service,deployment_failure,low,us-east,52.47,95.74,124.99,True,192.0
2026-04-06 23:00:22.328330,search-api,cpu_overload,medium,eu-west,69.65,77.61,253.1,False,
2026-03-07 18:03:22.328330,inventory-engine,database_failure,medium,eu-west,62.22,68.44,223.5,False,
2026-03-04 10:55:22.328330,recommendation-engine,database_failure,high,eu-west,62.79,81.57,396.84,False,
2026-03-18 19:30:22.328330,payment-api,memory_leak,medium,us-east,56.64,53.56,212.94,False,
2026-02-22 13:10:22.328330,auth-service,latency_spike,high,us-east,103.7,60.36,351.13,True,119.0
2026-03-11 02:54:22.328330,inventory-engine,cpu_overload,high,ap-south,90.17,63.36,265.52,True,71.0
2026-03-20 05:31:22.328330,inventory-engine,network_issue,medium,eu-west,89.43,65.45,203.71,True,124.0
2026-04-20 19:17:22.328330,auth-service,api_timeout,high,ap-south,56.27,57.82,168.06,True,168.0
2026-02-24 08:11:22.328330,inventory-engine,cpu_overload,medium,eu-west,46.64,70.41,158.4,True,127.0
2026-05-04 18:52:22.328330,recommendation-engine,network_issue,high,us-east,68.51,51.33,246.47,False,
2026-03-10 19:03:22.328330,notification-service,deployment_failure,medium,eu-west,77.5,46.08,249.92,True,139.0
2026-04-08 01:34:22.328330,notification-service,network_issue,high,eu-west,83.42,55.48,353.81,True,20.0
2026-03-04 07:01:22.328330,notification-service,database_failure,medium,ap-south,71.29,61.54,215.54,True,47.0
2026-04-18 20:43:22.328330,analytics-pipeline,database_failure,critical,eu-west,73.37,70.91,263.1,True,188.0
2026-03-26 15:36:22.328330,recommendation-engine,latency_spike,critical,eu-west,51.19,72.03,106.9,False,
2026-05-06 17:16:22.328330,notification-service,api_timeout,critical,ap-south,63.33,59.15,161.16,True,148.0
2026-04-06 15:26:22.328330,search-api,deployment_failure,high,ap-south,83.54,83.1,268.73,True,106.0
2026-04-25 13:38:22.328330,analytics-pipeline,latency_spike,medium,ap-south,48.62,66.2,317.05,True,16.0
2026-04-10 03:56:22.328330,inventory-engine,network_issue,low,ap-south,67.13,97.83,251.47,True,233.0
2026-05-12 10:44:22.328330,recommendation-engine,latency_spike,high,us-east,67.88,66.29,230.68,True,201.0
2026-05-06 09:40:22.328330,analytics-pipeline,network_issue,critical,us-east,62.71,78.5,296.54,False,
2026-04-07 21:40:22.328330,analytics-pipeline,api_timeout,critical,eu-west,53.21,54.03,73.1,True,172.0
2026-03-01 10:11:22.328330,inventory-engine,latency_spike,medium,ap-south,72.62,56.76,47.77,False,
2026-03-31 14:14:22.328330,auth-service,network_issue,medium,eu-west,70.83,99.92,219.51,True,81.0
2026-04-06 14:04:22.328330,search-api,network_issue,critical,ap-south,77.58,70.98,212.09,False,
2026-03-04 18:51:22.328330,auth-service,memory_leak,critical,us-east,78.79,66.52,241.39,True,75.0
2026-05-01 13:46:22.328330,search-api,deployment_failure,low,eu-west,69.83,61.98,299.36,False,
2026-03-23 18:11:22.328330,analytics-pipeline,latency_spike,medium,eu-west,62.38,60.93,262.92,True,30.0
2026-03-25 16:01:22.328330,payment-api,api_timeout,low,eu-west,51.52,70.34,219.27,True,107.0
2026-04-08 18:35:22.328330,auth-service,database_failure,medium,eu-west,81.29,75.7,218.0,True,133.0
2026-04-22 09:36:22.328330,auth-service,deployment_failure,high,ap-south,77.27,86.68,264.62,False,
2026-04-27 03:59:22.328330,inventory-engine,memory_leak,medium,us-east,65.16,54.26,134.79,False,
2026-04-23 16:26:22.328330,payment-api,database_failure,medium,ap-south,60.42,62.69,205.04,False,
2026-03-29 03:14:22.328330,recommendation-engine,latency_spike,high,ap-south,65.85,76.36,214.36,False,
2026-03-08 04:54:22.328330,notification-service,cpu_overload,critical,us-east,72.3,70.77,61.96,True,81.0
2026-04-14 11:07:22.328330,auth-service,deployment_failure,critical,eu-west,50.91,68.27,123.22,True,81.0
2026-03-01 16:11:22.328330,search-api,memory_leak,critical,eu-west,74.0,88.37,317.5,False,
2026-02-19 15:21:22.328330,recommendation-engine,database_failure,medium,us-east,61.8,87.89,231.89,True,70.0
2026-04-30 05:19:22.328330,inventory-engine,network_issue,low,us-east,59.94,62.64,195.8,False,
2026-05-10 07:31:22.328330,notification-service,network_issue,medium,eu-west,59.18,72.04,232.85,False,
2026-04-14 09:34:22.328330,search-api,database_failure,low,eu-west,65.05,75.24,315.25,True,210.0
2026-03-10 09:33:22.328330,notification-service,network_issue,medium,us-east,79.24,52.18,15.69,True,227.0
2026-02-25 04:04:22.328330,inventory-engine,cpu_overload,low,eu-west,79.01,53.6,202.02,True,194.0
2026-05-08 01:14:22.328330,search-api,deployment_failure,critical,eu-west,47.45,48.38,263.32,True,106.0
2026-02-24 10:23:22.328330,auth-service,database_failure,high,us-east,76.39,63.08,12.72,False,
2026-04-06 06:58:22.328330,notification-service,network_issue,high,us-east,56.81,74.7,101.69,False,
2026-04-15 23:51:22.328330,notification-service,api_timeout,critical,eu-west,67.75,69.82,266.34,False,
2026-03-10 09:42:22.328330,analytics-pipeline,cpu_overload,medium,us-east,66.79,58.32,315.73,False,
2026-04-11 01:16:22.328330,payment-api,database_failure,medium,ap-south,62.62,69.67,145.34,True,9.0
2026-04-24 23:50:22.328330,notification-service,database_failure,critical,us-east,58.35,59.38,206.16,True,55.0
2026-04-18 16:54:22.328330,auth-service,api_timeout,medium,us-east,90.68,53.54,90.92,False,
2026-04-25 07:22:22.328330,analytics-pipeline,deployment_failure,critical,ap-south,87.07,67.49,166.47,False,
2026-04-06 18:49:22.328330,auth-service,network_issue,high,eu-west,80.6,62.73,366.08,True,189.0
2026-03-29 23:34:22.328330,recommendation-engine,memory_leak,low,ap-south,75.17,64.15,392.58,True,219.0
2026-03-02 15:52:22.328330,payment-api,deployment_failure,low,eu-west,55.91,78.91,243.94,False,
2026-05-06 05:09:22.328330,analytics-pipeline,network_issue,medium,eu-west,84.53,88.74,222.56,True,7.0
2026-04-28 19:42:22.328330,notification-service,api_timeout,high,eu-west,53.7,75.52,165.78,False,
2026-03-19 17:17:22.328330,recommendation-engine,latency_spike,low,ap-south,95.2,71.64,190.77,False,
2026-05-17 15:37:22.328330,payment-api,database_failure,high,ap-south,67.77,53.83,142.27,False,
2026-05-17 04:04:22.328330,notification-service,deployment_failure,critical,eu-west,83.01,62.12,136.25,True,240.0
2026-05-09 23:06:22.328330,notification-service,memory_leak,medium,eu-west,73.05,84.23,277.52,False,
2026-03-05 12:39:22.328330,inventory-engine,cpu_overload,critical,eu-west,79.94,60.92,106.26,False,
2026-02-20 09:53:22.328330,recommendation-engine,api_timeout,medium,ap-south,87.52,66.13,199.93,True,81.0
2026-03-17 11:12:22.328330,analytics-pipeline,deployment_failure,low,ap-south,84.92,76.67,256.47,True,28.0
2026-04-11 20:10:22.328330,recommendation-engine,api_timeout,critical,eu-west,97.48,62.28,294.23,True,184.0
2026-05-03 03:07:22.328330,payment-api,api_timeout,critical,ap-south,65.86,73.22,342.28,False,
2026-03-28 05:23:22.328330,analytics-pipeline,latency_spike,low,eu-west,72.62,76.46,305.8,True,235.0
2026-02-28 17:05:22.328330,search-api,database_failure,critical,us-east,59.53,59.93,136.42,True,24.0
2026-03-17 10:21:22.328330,inventory-engine,database_failure,low,eu-west,35.5,94.67,131.74,False,
2026-05-17 07:18:22.328330,auth-service,database_failure,medium,ap-south,61.68,66.68,244.59,False,
2026-02-23 04:21:22.328330,payment-api,cpu_overload,medium,ap-south,77.24,80.33,173.35,True,150.0
2026-03-03 18:11:22.328330,analytics-pipeline,api_timeout,high,us-east,62.49,73.39,200.1,True,207.0
2026-02-17 18:09:22.328330,search-api,network_issue,low,ap-south,89.11,75.89,278.79,False,
2026-05-13 20:12:22.328330,payment-api,api_timeout,medium,eu-west,74.94,84.08,234.48,False,
2026-03-24 15:30:22.328330,analytics-pipeline,database_failure,critical,us-east,45.55,74.8,167.89,True,167.0
2026-04-23 20:25:22.328330,analytics-pipeline,api_timeout,critical,eu-west,57.07,77.04,319.06,False,
2026-03-29 09:23:22.328330,recommendation-engine,api_timeout,medium,ap-south,65.32,73.71,356.18,False,
2026-05-10 22:18:22.328330,analytics-pipeline,database_failure,high,eu-west,68.61,101.22,265.24,True,26.0
2026-04-24 08:07:22.328330,auth-service,api_timeout,medium,ap-south,38.59,79.04,250.49,False,
2026-04-19 21:43:22.328330,inventory-engine,latency_spike,low,eu-west,84.35,78.08,208.92,False,
2026-04-08 05:58:22.328330,inventory-engine,deployment_failure,high,eu-west,46.64,67.49,151.96,True,27.0
2026-05-01 16:09:22.328330,recommendation-engine,api_timeout,critical,eu-west,56.29,77.06,353.59,True,27.0
2026-04-16 12:22:22.328330,notification-service,latency_spike,high,us-east,70.92,55.65,255.57,True,79.0
2026-04-11 01:32:22.328330,recommendation-engine,deployment_failure,low,ap-south,82.95,62.68,209.28,True,151.0
2026-04-01 07:08:22.328330,auth-service,network_issue,critical,eu-west,65.22,60.58,271.86,True,73.0
2026-04-21 07:41:22.328330,inventory-engine,api_timeout,medium,eu-west,63.19,75.03,149.0,True,116.0
2026-04-23 14:40:22.328330,recommendation-engine,cpu_overload,critical,eu-west,58.44,78.67,190.17,False,
2026-04-25 19:40:22.328330,auth-service,network_issue,critical,ap-south,90.9,65.2,237.97,True,122.0
2026-05-08 23:49:22.328330,auth-service,cpu_overload,low,us-east,78.99,52.98,79.14,False,
2026-03-03 02:59:22.328330,notification-service,api_timeout,high,us-east,42.12,85.15,175.85,False,
2026-04-09 12:49:22.328330,analytics-pipeline,deployment_failure,medium,us-east,103.37,63.23,234.76,False,
2026-03-24 19:46:22.328330,search-api,memory_leak,critical,us-east,88.13,94.07,384.92,True,106.0
2026-02-19 13:18:22.328330,inventory-engine,cpu_overload,critical,ap-south,83.13,82.29,267.4,True,88.0
2026-04-14 12:00:22.328330,inventory-engine,deployment_failure,critical,us-east,76.68,63.39,154.54,True,149.0
2026-04-30 13:02:22.328330,notification-service,database_failure,medium,ap-south,64.95,67.96,183.74,True,191.0
2026-04-06 17:05:22.328330,search-api,memory_leak,critical,us-east,75.45,81.46,227.07,True,214.0
2026-03-02 13:29:22.328330,analytics-pipeline,deployment_failure,critical,ap-south,87.16,56.3,204.51,False,
2026-05-06 01:28:22.328330,search-api,cpu_overload,medium,us-east,54.25,47.6,213.39,True,188.0
2026-04-10 05:10:22.328330,analytics-pipeline,api_timeout,low,us-east,63.17,88.16,270.46,False,
2026-03-26 17:35:22.328330,recommendation-engine,database_failure,critical,ap-south,49.64,92.25,317.68,True,207.0
2026-02-19 13:57:22.328330,inventory-engine,network_issue,low,eu-west,73.73,67.28,143.24,True,173.0
2026-03-19 05:28:22.328330,inventory-engine,memory_leak,low,ap-south,59.42,83.06,370.77,False,
2026-02-19 17:29:22.328330,analytics-pipeline,cpu_overload,critical,eu-west,88.15,64.13,130.43,True,30.0
2026-04-25 04:17:22.328330,auth-service,database_failure,medium,us-east,67.11,48.78,245.85,False,
2026-04-13 03:04:22.328330,recommendation-engine,deployment_failure,medium,us-east,62.79,64.41,92.42,True,128.0
2026-05-09 05:07:22.328330,inventory-engine,api_timeout,low,eu-west,72.7,63.61,126.41,True,94.0
2026-04-20 08:10:22.328330,inventory-engine,api_timeout,medium,ap-south,21.92,69.67,361.78,False,
2026-04-17 00:38:22.328330,recommendation-engine,latency_spike,critical,ap-south,89.92,64.51,171.82,False,
2026-04-19 16:50:22.328330,payment-api,cpu_overload,low,ap-south,72.03,58.02,244.14,True,10.0
2026-03-02 10:27:22.328330,inventory-engine,network_issue,low,ap-south,76.49,84.72,211.99,True,194.0
2026-04-26 12:40:22.328330,notification-service,memory_leak,medium,us-east,61.94,59.46,153.85,False,
2026-02-20 11:43:22.328330,recommendation-engine,memory_leak,critical,ap-south,61.6,74.41,293.09,True,52.0
2026-03-21 10:22:22.328330,search-api,api_timeout,critical,eu-west,52.95,87.91,198.31,True,120.0
2026-03-25 19:49:22.328330,recommendation-engine,api_timeout,low,ap-south,64.68,61.03,26.06,True,57.0
2026-04-23 09:27:22.328330,analytics-pipeline,network_issue,low,ap-south,78.26,78.84,197.49,True,209.0
2026-02-28 08:38:22.328330,notification-service,memory_leak,high,us-east,66.0,76.19,95.0,True,122.0
2026-05-08 08:34:22.328330,inventory-engine,network_issue,critical,ap-south,57.06,79.53,119.66,False,
2026-03-25 09:24:22.328330,recommendation-engine,database_failure,critical,ap-south,69.4,53.72,257.31,True,94.0
2026-04-16 16:35:22.328330,analytics-pipeline,api_timeout,medium,ap-south,64.47,50.62,313.18,False,
2026-02-24 02:37:22.328330,notification-service,database_failure,low,ap-south,53.98,60.28,236.05,True,85.0
2026-05-08 00:02:22.328330,auth-service,cpu_overload,low,eu-west,82.23,57.81,224.93,False,
2026-03-16 14:40:22.328330,auth-service,database_failure,critical,us-east,71.43,78.32,234.12,True,152.0
2026-04-13 19:17:22.328330,recommendation-engine,memory_leak,critical,ap-south,59.49,60.07,226.89,True,147.0
2026-05-03 12:59:22.328330,recommendation-engine,cpu_overload,medium,eu-west,48.92,34.94,254.92,False,
2026-03-03 02:10:22.328330,recommendation-engine,database_failure,low,us-east,78.56,41.64,139.22,True,129.0
2026-05-06 07:15:22.328330,auth-service,deployment_failure,critical,ap-south,74.29,94.69,221.66,False,
2026-04-11 11:44:22.328330,search-api,api_timeout,critical,ap-south,54.08,67.81,329.99,False,
2026-04-04 05:56:22.328330,auth-service,latency_spike,low,eu-west,55.31,60.41,181.38,False,
2026-05-15 18:05:22.328330,inventory-engine,memory_leak,high,eu-west,50.7,71.47,349.97,False,
2026-03-28 05:50:22.328330,search-api,deployment_failure,critical,ap-south,69.85,66.97,196.66,True,151.0
2026-05-08 08:01:22.328330,inventory-engine,deployment_failure,high,ap-south,41.55,80.6,213.77,True,199.0
2026-03-14 06:52:22.328330,recommendation-engine,database_failure,medium,us-east,62.29,108.32,243.9,True,193.0
2026-03-04 04:11:22.328330,search-api,deployment_failure,medium,us-east,53.72,64.88,311.88,True,120.0
2026-04-24 19:23:22.328330,inventory-engine,deployment_failure,low,us-east,66.7,52.74,293.54,True,203.0
2026-03-05 19:55:22.328330,auth-service,memory_leak,high,ap-south,54.98,92.48,306.4,False,
2026-05-03 14:55:22.328330,notification-service,memory_leak,medium,eu-west,58.29,85.37,225.43,True,150.0
2026-04-16 19:08:22.328330,notification-service,cpu_overload,medium,us-east,77.79,75.82,152.29,False,
2026-04-22 09:27:22.328330,notification-service,cpu_overload,low,eu-west,55.35,82.36,193.22,False,
2026-02-24 02:26:22.328330,payment-api,cpu_overload,medium,ap-south,58.95,58.54,253.89,True,68.0
2026-05-05 10:02:22.328330,search-api,cpu_overload,medium,ap-south,95.94,57.19,221.94,False,
2026-04-04 04:16:22.328330,auth-service,database_failure,high,ap-south,86.18,69.04,256.19,False,
2026-04-14 13:56:22.328330,recommendation-engine,latency_spike,low,us-east,49.06,75.14,205.03,False,
2026-03-16 11:54:22.328330,inventory-engine,api_timeout,critical,us-east,79.79,84.25,427.17,True,227.0
2026-03-09 06:23:22.328330,analytics-pipeline,network_issue,low,ap-south,73.69,73.91,235.55,False,
2026-03-21 22:41:22.328330,search-api,network_issue,high,eu-west,59.7,74.06,196.37,False,
2026-04-28 21:39:22.328330,recommendation-engine,deployment_failure,medium,us-east,67.53,85.81,139.48,False,
2026-04-19 08:12:22.328330,analytics-pipeline,cpu_overload,high,ap-south,82.1,85.81,210.55,True,149.0
2026-03-02 03:22:22.328330,recommendation-engine,deployment_failure,high,ap-south,33.17,62.71,323.76,True,16.0
2026-05-09 15:59:22.328330,search-api,deployment_failure,critical,eu-west,64.66,58.01,179.62,True,224.0
2026-05-04 08:23:22.328330,recommendation-engine,api_timeout,low,us-east,77.61,76.56,200.89,True,181.0
2026-02-24 22:53:22.328330,auth-service,network_issue,high,eu-west,59.5,65.3,146.21,False,
2026-05-10 05:36:22.328330,search-api,cpu_overload,high,eu-west,89.23,66.13,317.37,False,
2026-03-19 05:52:22.328330,search-api,memory_leak,low,us-east,87.82,81.98,185.47,False,
2026-03-13 15:34:22.328330,search-api,deployment_failure,medium,us-east,71.06,69.71,147.7,True,185.0
2026-05-10 01:35:22.328330,payment-api,memory_leak,critical,eu-west,69.87,55.85,315.01,True,156.0
2026-04-28 03:23:22.328330,notification-service,network_issue,critical,eu-west,58.03,72.41,242.66,True,183.0
2026-04-17 10:58:22.328330,analytics-pipeline,latency_spike,critical,ap-south,61.12,77.04,182.01,True,127.0
2026-05-12 06:47:22.328330,auth-service,api_timeout,low,ap-south,78.07,53.85,230.11,True,31.0
2026-04-20 04:59:22.328330,inventory-engine,cpu_overload,medium,us-east,94.08,58.0,165.78,True,169.0
2026-03-18 02:17:22.328330,auth-service,latency_spike,low,ap-south,72.71,72.15,248.05,True,117.0
2026-04-16 18:20:22.328330,search-api,memory_leak,medium,us-east,72.34,77.62,308.78,False,
2026-03-01 10:53:22.328330,auth-service,latency_spike,low,eu-west,71.15,67.1,273.81,True,155.0
2026-03-13 06:47:22.328330,recommendation-engine,cpu_overload,critical,us-east,93.5,68.41,142.04,True,68.0
2026-04-23 12:28:22.328330,search-api,latency_spike,medium,ap-south,81.61,68.56,46.19,False,
2026-03-08 19:49:22.328330,search-api,latency_spike,high,eu-west,77.71,63.58,212.76,True,196.0
2026-04-13 01:43:22.328330,inventory-engine,network_issue,low,eu-west,69.98,72.29,276.76,False,
2026-04-13 14:32:22.328330,payment-api,memory_leak,critical,ap-south,58.47,76.16,199.24,True,140.0
2026-02-26 20:04:22.328330,payment-api,cpu_overload,high,eu-west,76.08,77.38,145.16,False,
2026-03-01 09:02:22.328330,analytics-pipeline,database_failure,critical,us-east,81.29,63.57,284.64,True,200.0
2026-04-05 20:34:22.328330,analytics-pipeline,latency_spike,low,ap-south,70.51,92.06,202.12,True,8.0
2026-04-24 20:45:22.328330,auth-service,latency_spike,low,us-east,59.76,69.77,195.75,False,
2026-03-22 12:22:22.328330,search-api,database_failure,critical,us-east,77.0,50.6,135.71,False,
2026-05-11 05:27:22.328330,search-api,database_failure,medium,us-east,48.98,81.4,356.85,True,84.0
2026-05-11 12:53:22.328330,notification-service,memory_leak,medium,ap-south,63.43,67.97,225.6,False,
2026-04-13 03:57:22.328330,notification-service,network_issue,low,us-east,82.43,58.87,239.07,False,
2026-03-13 06:53:22.328330,analytics-pipeline,memory_leak,low,eu-west,79.63,76.01,235.17,True,116.0
2026-05-08 04:08:22.328330,recommendation-engine,database_failure,low,us-east,80.02,37.56,274.23,True,35.0
2026-05-17 13:50:22.328330,search-api,memory_leak,low,eu-west,55.19,48.03,260.9,False,
2026-02-20 23:37:22.328330,inventory-engine,database_failure,high,eu-west,85.6,68.35,296.23,False,
2026-05-07 04:13:22.328330,search-api,deployment_failure,high,ap-south,89.18,85.78,351.2,True,202.0
2026-02-25 19:39:22.328330,payment-api,cpu_overload,critical,us-east,76.13,70.91,91.84,True,72.0
2026-03-14 21:25:22.328330,notification-service,network_issue,low,us-east,61.31,59.88,393.68,False,
2026-04-02 05:41:22.328330,inventory-engine,latency_spike,critical,ap-south,62.36,71.48,264.12,True,99.0
2026-05-04 09:52:22.328330,inventory-engine,deployment_failure,low,ap-south,65.65,90.34,170.19,True,63.0
2026-03-12 07:15:22.328330,notification-service,latency_spike,low,eu-west,67.92,61.09,114.4,True,16.0
2026-04-05 18:55:22.328330,inventory-engine,api_timeout,medium,eu-west,55.82,69.56,185.66,True,146.0
2026-03-06 15:05:22.328330,search-api,network_issue,critical,eu-west,54.61,53.12,213.35,False,
2026-04-26 03:10:22.328330,recommendation-engine,network_issue,high,us-east,42.43,79.12,226.6,True,151.0
2026-04-14 19:06:22.328330,payment-api,database_failure,low,eu-west,43.14,66.29,159.83,True,210.0
2026-04-01 18:47:22.328330,payment-api,api_timeout,low,us-east,69.79,86.09,69.99,False,
2026-03-09 07:43:22.328330,analytics-pipeline,cpu_overload,high,eu-west,66.73,68.08,273.71,False,
2026-05-18 00:06:22.328330,inventory-engine,memory_leak,high,ap-south,68.2,60.98,194.48,False,
2026-03-12 09:53:22.328330,notification-service,memory_leak,critical,us-east,53.06,82.91,221.7,False,
2026-03-09 09:43:22.328330,analytics-pipeline,memory_leak,medium,eu-west,93.52,69.27,163.33,True,109.0
2026-05-16 13:17:22.328330,auth-service,database_failure,high,ap-south,42.29,48.36,93.27,True,90.0
2026-05-18 14:19:22.328330,analytics-pipeline,network_issue,critical,ap-south,69.01,76.1,93.5,False,
2026-05-09 06:26:22.328330,auth-service,database_failure,medium,us-east,78.43,64.2,231.74,False,
2026-02-20 05:46:22.328330,payment-api,memory_leak,high,eu-west,89.18,80.76,198.52,True,240.0
2026-04-27 15:51:22.328330,analytics-pipeline,database_failure,critical,ap-south,51.63,44.18,162.47,False,
2026-04-06 23:59:22.328330,search-api,latency_spike,low,ap-south,61.83,58.15,209.5,True,168.0
2026-03-05 02:16:22.328330,recommendation-engine,latency_spike,low,us-east,66.15,67.3,168.0,True,65.0
2026-04-22 04:20:22.328330,inventory-engine,deployment_failure,high,us-east,67.53,75.3,132.77,False,
2026-04-19 18:42:22.328330,recommendation-engine,cpu_overload,medium,eu-west,86.16,68.82,221.51,True,39.0
2026-03-08 17:43:22.328330,analytics-pipeline,database_failure,low,eu-west,75.62,72.8,296.25,True,47.0
2026-04-07 19:25:22.328330,recommendation-engine,cpu_overload,critical,eu-west,69.31,62.65,248.92,False,
2026-02-19 22:14:22.328330,analytics-pipeline,memory_leak,critical,us-east,47.84,71.3,217.34,False,
2026-04-24 14:35:22.328330,analytics-pipeline,latency_spike,low,eu-west,61.88,68.46,69.45,False,
2026-03-04 12:14:22.328330,search-api,network_issue,low,eu-west,56.77,71.11,232.79,False,
2026-05-05 05:29:22.328330,payment-api,network_issue,medium,us-east,49.58,85.19,150.71,False,
2026-04-01 23:50:22.328330,payment-api,network_issue,high,us-east,79.54,75.13,168.3,True,12.0
2026-02-21 01:37:22.328330,recommendation-engine,deployment_failure,critical,ap-south,91.63,55.68,293.53,True,29.0
2026-04-06 16:10:22.328330,payment-api,deployment_failure,medium,eu-west,80.01,61.95,331.4,True,20.0
2026-03-04 03:32:22.328330,analytics-pipeline,memory_leak,medium,eu-west,61.25,73.46,240.83,False,
2026-04-14 20:20:22.328330,search-api,network_issue,low,ap-south,62.99,79.73,283.48,False,
2026-02-24 05:21:22.328330,analytics-pipeline,latency_spike,low,eu-west,38.77,85.65,87.0,True,236.0
2026-03-20 22:20:22.328330,recommendation-engine,deployment_failure,medium,eu-west,80.49,83.52,132.72,False,
2026-05-07 13:51:22.328330,payment-api,api_timeout,low,eu-west,58.84,56.73,202.81,False,
2026-03-04 22:31:22.328330,search-api,api_timeout,critical,eu-west,60.38,79.36,324.82,False,
2026-03-17 13:00:22.328330,recommendation-engine,memory_leak,high,eu-west,85.94,63.25,203.26,True,75.0
2026-04-23 06:09:22.328330,recommendation-engine,memory_leak,low,ap-south,39.75,60.33,297.19,True,170.0
2026-04-21 20:50:22.328330,recommendation-engine,api_timeout,critical,eu-west,89.23,55.19,172.6,True,76.0
2026-04-13 20:48:22.328330,auth-service,api_timeout,medium,ap-south,64.6,73.36,155.23,True,166.0
2026-03-06 17:09:22.328330,notification-service,deployment_failure,low,us-east,71.36,64.31,218.84,False,
2026-04-05 01:37:22.328330,notification-service,deployment_failure,critical,us-east,73.19,70.08,185.09,False,
2026-04-13 09:05:22.328330,inventory-engine,memory_leak,low,us-east,63.36,68.94,190.4,True,12.0
2026-02-26 04:41:22.328330,analytics-pipeline,deployment_failure,high,eu-west,61.12,89.18,264.87,False,
2026-03-31 12:57:22.328330,inventory-engine,deployment_failure,medium,eu-west,60.57,78.36,193.29,True,68.0
2026-03-19 22:34:22.328330,auth-service,cpu_overload,low,eu-west,82.6,74.44,211.42,False,
2026-04-16 10:26:22.328330,analytics-pipeline,deployment_failure,medium,eu-west,71.72,51.15,129.86,True,156.0
2026-04-19 18:49:22.328330,analytics-pipeline,network_issue,high,ap-south,47.09,71.72,358.6,True,185.0
2026-03-15 23:07:22.328330,inventory-engine,database_failure,medium,ap-south,98.47,77.66,260.07,True,219.0
2026-02-17 19:11:22.328330,analytics-pipeline,api_timeout,high,eu-west,37.98,63.49,156.98,False,
2026-05-15 06:35:22.328330,payment-api,latency_spike,medium,ap-south,55.69,67.98,182.23,True,10.0
2026-03-31 19:28:22.328330,recommendation-engine,latency_spike,high,ap-south,35.31,78.97,134.18,True,211.0
2026-05-06 20:27:22.328330,inventory-engine,network_issue,medium,us-east,68.59,94.89,146.45,True,10.0
2026-05-05 06:50:22.328330,notification-service,network_issue,medium,eu-west,27.05,66.57,308.08,False,
2026-02-20 07:08:22.328330,payment-api,cpu_overload,critical,ap-south,94.38,55.25,259.74,True,91.0
2026-04-21 06:18:22.328330,inventory-engine,memory_leak,medium,ap-south,58.02,68.73,431.55,False,
2026-03-07 15:42:22.328330,search-api,api_timeout,high,eu-west,42.46,73.04,257.42,False,
2026-04-28 09:50:22.328330,search-api,database_failure,medium,us-east,81.29,71.18,244.64,False,
2026-03-12 22:04:22.328330,search-api,cpu_overload,medium,eu-west,59.13,73.23,192.54,True,184.0
2026-02-21 09:03:22.328330,notification-service,api_timeout,low,eu-west,74.32,65.56,250.17,False,
2026-02-23 21:28:22.328330,analytics-pipeline,database_failure,medium,ap-south,64.56,83.51,215.89,True,132.0
2026-05-05 22:16:22.328330,inventory-engine,network_issue,low,eu-west,38.4,85.14,147.54,False,
2026-02-18 07:28:22.328330,inventory-engine,memory_leak,low,ap-south,55.19,62.85,329.96,False,
2026-04-08 01:50:22.328330,payment-api,cpu_overload,medium,eu-west,32.96,107.65,304.48,True,94.0
2026-04-25 08:50:22.328330,analytics-pipeline,latency_spike,low,eu-west,68.35,69.34,242.84,False,
2026-04-08 20:12:22.328330,search-api,api_timeout,medium,us-east,72.82,77.74,264.45,False,
2026-02-27 11:15:22.328330,recommendation-engine,cpu_overload,critical,eu-west,66.34,67.63,207.9,False,
2026-03-07 22:30:22.328330,analytics-pipeline,database_failure,medium,eu-west,62.08,83.61,267.48,False,
2026-05-12 00:29:22.328330,analytics-pipeline,deployment_failure,low,us-east,20.89,77.87,235.58,True,86.0
2026-04-24 23:04:22.328330,payment-api,latency_spike,high,eu-west,64.72,65.34,309.93,False,
2026-05-04 02:00:22.328330,search-api,latency_spike,low,us-east,79.21,60.73,252.56,False,
2026-03-15 14:30:22.328330,payment-api,api_timeout,medium,ap-south,50.43,53.44,169.86,False,
2026-05-04 10:19:22.328330,payment-api,latency_spike,high,eu-west,77.94,81.44,261.05,True,109.0
2026-03-16 06:28:22.328330,notification-service,network_issue,high,ap-south,75.88,76.19,168.68,False,
2026-04-21 15:50:22.328330,auth-service,latency_spike,low,us-east,71.48,79.6,280.34,False,
2026-05-04 17:59:22.328330,payment-api,cpu_overload,low,us-east,82.83,78.5,248.12,True,80.0
2026-03-04 17:41:22.328330,search-api,network_issue,critical,eu-west,81.05,69.68,149.45,True,11.0
2026-04-29 21:25:22.328330,auth-service,network_issue,high,eu-west,62.55,61.06,165.99,False,
2026-03-02 22:16:22.328330,payment-api,cpu_overload,critical,us-east,62.83,60.49,195.36,False,
2026-02-26 06:37:22.328330,search-api,cpu_overload,low,ap-south,36.6,72.56,220.1,False,
2026-05-01 21:38:22.328330,inventory-engine,api_timeout,high,eu-west,52.74,77.91,295.01,False,
2026-05-14 16:02:22.328330,inventory-engine,api_timeout,critical,us-east,40.89,60.85,158.47,True,219.0
2026-04-24 06:50:22.328330,notification-service,latency_spike,medium,ap-south,50.9,79.95,204.49,True,26.0
2026-03-18 21:56:22.328330,inventory-engine,deployment_failure,critical,ap-south,61.03,45.95,270.83,True,146.0
2026-05-13 04:17:22.328330,analytics-pipeline,api_timeout,critical,ap-south,46.41,70.72,242.19,False,
2026-03-27 14:24:22.328330,auth-service,api_timeout,high,eu-west,85.41,54.29,-21.56,False,
2026-02-25 13:22:22.328330,analytics-pipeline,network_issue,low,ap-south,67.76,91.61,319.12,True,35.0
2026-02-21 07:50:22.328330,analytics-pipeline,api_timeout,medium,eu-west,68.14,64.1,284.57,True,211.0
2026-05-01 04:30:22.328330,auth-service,latency_spike,critical,eu-west,50.4,75.72,260.44,False,
2026-04-30 08:25:22.328330,analytics-pipeline,network_issue,medium,ap-south,80.9,103.12,251.39,False,
2026-04-19 15:00:22.328330,search-api,deployment_failure,low,eu-west,57.37,69.69,78.47,False,
2026-03-29 02:07:22.328330,recommendation-engine,database_failure,high,us-east,54.58,65.09,178.07,False,
2026-02-24 05:56:22.328330,analytics-pipeline,latency_spike,critical,eu-west,67.29,60.13,309.68,False,
2026-05-05 02:37:22.328330,auth-service,database_failure,low,eu-west,65.0,69.89,193.77,True,206.0
2026-04-22 16:32:22.328330,analytics-pipeline,database_failure,high,us-east,67.33,79.9,150.63,False,
2026-04-13 20:44:22.328330,search-api,api_timeout,critical,eu-west,55.13,66.36,112.33,True,75.0
2026-04-12 01:12:22.328330,auth-service,database_failure,critical,eu-west,52.71,64.29,289.95,False,
2026-02-26 18:12:22.328330,inventory-engine,network_issue,medium,eu-west,68.94,72.32,288.07,False,
2026-02-23 21:55:22.328330,inventory-engine,cpu_overload,low,us-east,62.94,74.69,211.74,False,
2026-04-20 10:14:22.328330,inventory-engine,deployment_failure,critical,ap-south,68.98,63.01,24.89,True,227.0
2026-04-27 23:32:22.328330,auth-service,cpu_overload,critical,us-east,62.99,87.07,294.1,False,
2026-03-13 09:25:22.328330,recommendation-engine,database_failure,low,eu-west,79.48,84.83,227.09,False,
2026-04-29 11:43:22.328330,analytics-pipeline,api_timeout,critical,ap-south,67.96,62.59,194.71,False,
2026-03-04 23:58:22.328330,payment-api,database_failure,medium,eu-west,74.24,84.45,208.84,False,
2026-03-15 03:26:22.328330,notification-service,api_timeout,medium,ap-south,58.25,70.01,268.1,True,49.0
2026-05-01 04:25:22.328330,analytics-pipeline,memory_leak,low,eu-west,43.34,42.45,175.96,True,121.0
2026-05-14 03:04:22.328330,inventory-engine,network_issue,medium,us-east,46.69,63.9,208.18,False,
2026-03-04 18:32:22.328330,recommendation-engine,database_failure,critical,ap-south,58.2,87.43,246.14,True,179.0
2026-05-15 22:45:22.328330,auth-service,cpu_overload,critical,ap-south,69.51,77.47,128.89,False,
2026-05-02 13:34:22.328330,analytics-pipeline,api_timeout,high,us-east,80.59,69.09,273.64,True,219.0
2026-02-26 07:28:22.328330,inventory-engine,network_issue,low,us-east,48.92,51.35,285.43,True,103.0
2026-05-14 05:03:22.328330,auth-service,deployment_failure,medium,eu-west,70.65,59.18,150.43,True,178.0
2026-04-29 21:54:22.328330,inventory-engine,network_issue,critical,ap-south,81.88,55.73,351.41,True,226.0
2026-03-08 16:55:22.328330,analytics-pipeline,network_issue,low,us-east,51.49,77.66,193.71,True,170.0
2026-05-02 23:09:22.328330,notification-service,deployment_failure,low,eu-west,74.05,63.47,206.98,False,
2026-03-24 08:34:22.328330,analytics-pipeline,cpu_overload,high,us-east,65.61,57.97,279.27,False,
2026-03-02 05:11:22.328330,inventory-engine,api_timeout,high,eu-west,57.3,67.26,140.45,False,
2026-04-21 05:28:22.328330,search-api,database_failure,critical,ap-south,26.56,67.71,413.01,True,6.0
2026-04-02 04:05:22.328330,search-api,deployment_failure,high,ap-south,76.77,69.77,198.97,False,
2026-04-21 13:29:22.328330,search-api,latency_spike,critical,eu-west,65.34,76.57,125.53,False,
2026-02-17 18:24:22.328330,inventory-engine,network_issue,high,us-east,81.71,78.58,277.45,False,
2026-03-20 00:12:22.328330,search-api,network_issue,high,eu-west,71.58,70.24,273.83,True,137.0
2026-03-10 01:18:22.328330,auth-service,latency_spike,critical,ap-south,73.88,65.75,174.11,False,
2026-03-17 18:22:22.328330,auth-service,network_issue,low,ap-south,66.53,88.59,120.87,False,
2026-04-21 19:45:22.328330,inventory-engine,api_timeout,critical,us-east,42.99,71.98,224.07,True,154.0
2026-03-15 06:42:22.328330,notification-service,deployment_failure,medium,us-east,67.6,72.93,202.14,True,180.0
2026-03-31 01:35:22.328330,search-api,deployment_failure,critical,ap-south,87.35,50.79,153.72,False,
2026-04-02 13:16:22.328330,inventory-engine,deployment_failure,medium,ap-south,63.45,50.28,205.93,True,80.0
2026-05-09 20:17:22.328330,recommendation-engine,memory_leak,high,ap-south,89.92,70.25,238.46,True,179.0
2026-02-25 20:19:22.328330,inventory-engine,network_issue,low,eu-west,46.1,62.6,189.98,False,
2026-04-28 09:38:22.328330,search-api,deployment_failure,high,us-east,60.23,85.38,264.62,False,
2026-04-14 21:33:22.328330,inventory-engine,database_failure,high,us-east,48.33,72.96,259.86,True,125.0
2026-05-13 20:15:22.328330,analytics-pipeline,network_issue,low,us-east,82.1,88.97,138.79,True,133.0
2026-05-07 19:46:22.328330,analytics-pipeline,network_issue,critical,ap-south,52.84,54.91,201.28,False,
2026-04-11 03:04:22.328330,payment-api,deployment_failure,medium,eu-west,72.0,81.85,213.92,True,92.0
2026-04-11 11:37:22.328330,notification-service,api_timeout,medium,us-east,60.2,71.82,153.19,True,204.0
2026-05-11 08:58:22.328330,recommendation-engine,cpu_overload,medium,us-east,96.34,50.71,234.78,True,6.0
2026-04-07 13:59:22.328330,inventory-engine,memory_leak,medium,ap-south,95.35,70.08,204.8,True,130.0
2026-03-08 06:11:22.328330,analytics-pipeline,deployment_failure,low,eu-west,59.64,67.84,329.83,False,
2026-03-22 01:38:22.328330,recommendation-engine,api_timeout,critical,us-east,31.82,88.4,106.08,False,
2026-05-18 07:19:22.328330,payment-api,database_failure,medium,ap-south,61.0,64.85,267.08,False,
2026-02-21 06:03:22.328330,payment-api,cpu_overload,medium,eu-west,41.03,75.55,381.94,True,165.0
2026-03-12 22:56:22.328330,auth-service,memory_leak,high,us-east,44.55,72.28,167.04,True,31.0
2026-04-13 19:38:22.328330,notification-service,database_failure,high,eu-west,71.39,70.23,168.68,True,215.0
2026-05-14 13:38:22.328330,inventory-engine,cpu_overload,critical,ap-south,72.32,91.65,204.73,False,
2026-04-09 06:09:22.328330,search-api,memory_leak,high,us-east,75.8,54.48,143.49,False,
2026-03-11 10:51:22.328330,auth-service,memory_leak,critical,eu-west,72.09,87.81,248.45,True,62.0
2026-03-13 12:59:22.328330,auth-service,memory_leak,low,ap-south,60.3,69.99,119.97,True,36.0
2026-04-15 08:41:22.328330,search-api,network_issue,low,us-east,74.07,80.59,183.83,False,
2026-03-09 12:41:22.328330,notification-service,database_failure,low,ap-south,57.95,73.19,185.06,True,174.0
2026-05-08 21:20:22.328330,search-api,deployment_failure,low,eu-west,64.01,95.2,200.24,True,111.0
2026-04-08 06:53:22.328330,recommendation-engine,latency_spike,high,us-east,59.62,62.23,279.54,True,57.0
2026-03-16 10:50:22.328330,search-api,network_issue,low,us-east,62.28,62.21,325.7,False,
2026-03-19 12:05:22.328330,payment-api,network_issue,high,ap-south,86.29,62.79,70.68,True,112.0
2026-03-04 02:55:22.328330,payment-api,database_failure,low,us-east,80.11,61.78,283.25,True,205.0
2026-05-09 01:22:22.328330,recommendation-engine,memory_leak,medium,us-east,35.45,80.71,123.11,True,96.0
2026-03-15 16:50:22.328330,recommendation-engine,cpu_overload,medium,eu-west,75.96,70.17,143.68,False,
2026-02-24 20:48:22.328330,auth-service,network_issue,critical,us-east,58.89,78.24,228.47,True,5.0
2026-05-17 13:39:22.328330,search-api,latency_spike,low,ap-south,73.77,93.72,94.86,False,
2026-05-05 03:42:22.328330,payment-api,deployment_failure,low,ap-south,89.26,71.25,148.1,True,236.0
2026-04-25 10:30:22.328330,search-api,memory_leak,critical,us-east,45.05,67.73,293.73,False,
2026-04-06 11:17:22.328330,payment-api,latency_spike,medium,eu-west,63.09,88.13,103.91,False,
2026-04-15 22:36:22.328330,analytics-pipeline,network_issue,high,us-east,64.82,54.97,249.09,True,29.0
2026-03-02 05:56:22.328330,analytics-pipeline,latency_spike,low,eu-west,78.3,64.95,11.66,True,89.0
2026-04-16 04:29:22.328330,recommendation-engine,database_failure,high,ap-south,67.98,75.24,252.34,True,100.0
2026-03-05 13:12:22.328330,inventory-engine,memory_leak,low,us-east,83.54,57.15,274.42,False,
2026-02-20 03:19:22.328330,recommendation-engine,cpu_overload,critical,ap-south,82.89,48.66,245.57,False,
2026-03-06 22:06:22.328330,recommendation-engine,network_issue,medium,eu-west,57.44,69.02,247.81,True,183.0
2026-03-13 14:38:22.328330,payment-api,deployment_failure,medium,eu-west,57.69,61.89,222.73,False,
2026-02-24 18:54:22.328330,notification-service,api_timeout,critical,eu-west,48.69,56.97,274.35,False,
2026-03-08 19:24:22.328330,inventory-engine,database_failure,low,ap-south,47.77,78.0,257.01,True,128.0
2026-02-23 22:52:22.328330,recommendation-engine,latency_spike,critical,us-east,39.11,61.87,315.53,True,21.0
2026-04-24 22:00:22.328330,search-api,cpu_overload,low,ap-south,50.28,64.43,256.96,True,176.0
2026-02-28 06:06:22.328330,inventory-engine,database_failure,low,us-east,76.75,66.98,172.2,True,128.0
2026-04-17 06:12:22.328330,search-api,network_issue,critical,eu-west,86.34,90.87,298.31,True,7.0
2026-03-21 03:59:22.328330,auth-service,database_failure,critical,us-east,66.28,60.3,153.56,True,24.0
2026-03-11 07:59:22.328330,recommendation-engine,cpu_overload,medium,us-east,72.84,75.02,332.13,False,
2026-05-14 03:31:22.328330,notification-service,memory_leak,critical,us-east,74.76,51.96,304.16,True,25.0
2026-04-06 22:36:22.328330,recommendation-engine,deployment_failure,critical,eu-west,50.03,65.39,240.02,False,
2026-04-08 00:52:22.328330,inventory-engine,latency_spike,critical,ap-south,94.94,107.32,268.54,True,31.0
2026-04-12 00:11:22.328330,recommendation-engine,latency_spike,low,eu-west,62.25,76.41,291.01,False,
2026-02-26 17:02:22.328330,notification-service,database_failure,medium,ap-south,60.19,91.54,238.41,False,
2026-02-21 05:26:22.328330,inventory-engine,cpu_overload,low,eu-west,72.47,77.99,253.73,False,
2026-04-18 12:18:22.328330,notification-service,deployment_failure,critical,ap-south,77.58,62.59,175.34,False,
2026-03-14 13:34:22.328330,recommendation-engine,latency_spike,low,ap-south,48.5,75.27,282.31,True,5.0
2026-04-17 15:48:22.328330,inventory-engine,deployment_failure,high,ap-south,71.87,90.09,219.55,False,
2026-03-15 19:45:22.328330,payment-api,latency_spike,medium,us-east,75.03,56.9,189.03,True,215.0
2026-03-14 11:31:22.328330,search-api,network_issue,critical,eu-west,75.43,80.19,196.48,False,
2026-03-24 03:05:22.328330,auth-service,memory_leak,low,us-east,63.93,51.79,191.44,True,122.0
2026-03-04 16:15:22.328330,analytics-pipeline,memory_leak,high,eu-west,78.36,76.9,260.05,False,
2026-05-14 11:56:22.328330,search-api,deployment_failure,low,us-east,65.75,70.08,167.17,False,
2026-03-19 19:05:22.328330,notification-service,database_failure,medium,us-east,75.48,75.05,259.36,True,140.0
2026-03-12 17:13:22.328330,payment-api,database_failure,critical,ap-south,57.11,44.16,307.77,False,
2026-02-23 14:11:22.328330,notification-service,deployment_failure,medium,ap-south,57.82,59.65,275.48,True,192.0
2026-03-05 12:35:22.328330,auth-service,latency_spike,critical,ap-south,59.12,82.72,269.36,False,
2026-04-02 20:16:22.328330,recommendation-engine,api_timeout,medium,us-east,75.25,53.61,316.96,False,
2026-02-20 00:30:22.328330,inventory-engine,cpu_overload,critical,eu-west,68.92,65.57,231.47,True,110.0
2026-03-24 21:16:22.328330,search-api,network_issue,high,ap-south,38.36,74.9,137.65,False,
2026-03-14 22:24:22.328330,search-api,database_failure,medium,eu-west,44.71,51.73,309.02,True,164.0
2026-03-14 16:55:22.328330,inventory-engine,network_issue,high,ap-south,55.56,88.4,177.14,True,186.0
2026-03-20 13:22:22.328330,auth-service,database_failure,high,ap-south,39.39,56.6,318.86,True,199.0
2026-04-16 16:02:22.328330,notification-service,api_timeout,critical,ap-south,62.66,63.42,232.8,False,
2026-02-27 20:38:22.328330,analytics-pipeline,api_timeout,low,ap-south,72.53,83.41,335.88,True,11.0
2026-04-14 01:29:22.328330,auth-service,latency_spike,low,eu-west,59.6,54.09,186.92,False,
2026-03-11 10:42:22.328330,analytics-pipeline,memory_leak,high,ap-south,68.9,58.43,143.43,False,
2026-05-05 09:38:22.328330,analytics-pipeline,latency_spike,high,eu-west,70.16,69.42,222.62,True,96.0
2026-03-05 15:14:22.328330,recommendation-engine,latency_spike,medium,ap-south,53.62,67.24,146.06,False,
2026-04-27 02:28:22.328330,notification-service,deployment_failure,high,ap-south,78.35,82.42,72.3,True,102.0
2026-04-13 10:53:22.328330,recommendation-engine,deployment_failure,high,ap-south,51.06,52.04,168.0,True,8.0
2026-03-12 00:56:22.328330,inventory-engine,memory_leak,critical,eu-west,63.75,52.6,146.25,False,
2026-03-10 23:57:22.328330,notification-service,database_failure,medium,ap-south,49.94,72.49,225.55,True,80.0
2026-04-07 21:03:22.328330,auth-service,network_issue,low,eu-west,54.17,72.12,176.27,True,193.0
2026-04-01 23:00:22.328330,payment-api,api_timeout,low,us-east,60.93,90.08,327.24,False,
2026-03-29 01:36:22.328330,inventory-engine,memory_leak,medium,ap-south,45.51,79.96,284.91,False,
2026-05-18 05:11:22.328330,inventory-engine,api_timeout,medium,eu-west,47.78,79.83,343.03,True,87.0
2026-03-25 09:36:22.328330,payment-api,deployment_failure,high,us-east,48.16,58.99,301.41,False,
2026-05-12 02:18:22.328330,analytics-pipeline,network_issue,high,ap-south,69.07,76.62,247.25,True,52.0
2026-04-01 08:14:22.328330,payment-api,deployment_failure,medium,us-east,70.86,54.08,303.79,False,
2026-05-10 08:39:22.328330,inventory-engine,memory_leak,medium,ap-south,82.54,67.25,216.52,False,
2026-04-18 14:17:22.328330,inventory-engine,cpu_overload,medium,ap-south,42.03,76.17,265.76,False,
2026-03-28 15:15:22.328330,analytics-pipeline,deployment_failure,low,eu-west,64.07,83.49,193.27,False,
2026-04-08 03:56:22.328330,auth-service,network_issue,medium,eu-west,73.47,57.76,218.12,False,
2026-04-14 00:23:22.328330,analytics-pipeline,latency_spike,critical,us-east,62.38,72.7,190.44,False,
2026-05-16 11:32:22.328330,notification-service,deployment_failure,high,ap-south,63.03,79.91,185.06,False,
2026-04-04 10:04:22.328330,payment-api,cpu_overload,medium,us-east,40.9,91.0,330.52,True,29.0
2026-05-03 11:50:22.328330,analytics-pipeline,database_failure,low,ap-south,45.62,78.28,179.76,True,58.0
2026-03-18 17:08:22.328330,search-api,deployment_failure,medium,ap-south,68.95,73.53,201.25,False,
2026-03-03 15:58:22.328330,payment-api,memory_leak,critical,ap-south,53.24,61.71,146.7,True,196.0
2026-03-17 06:49:22.328330,auth-service,latency_spike,critical,ap-south,52.52,69.19,162.74,False,
2026-05-15 06:45:22.328330,payment-api,latency_spike,low,eu-west,75.23,87.85,173.6,False,
2026-03-28 22:21:22.328330,payment-api,database_failure,medium,us-east,68.59,76.0,257.76,False,
2026-04-13 09:50:22.328330,recommendation-engine,network_issue,critical,us-east,66.14,78.91,258.58,False,
2026-05-17 04:37:22.328330,recommendation-engine,network_issue,low,ap-south,46.44,80.43,290.98,True,169.0
2026-03-14 04:01:22.328330,notification-service,latency_spike,low,ap-south,53.55,70.46,274.67,True,96.0
2026-02-23 06:09:22.328330,notification-service,latency_spike,high,ap-south,61.86,82.88,409.11,False,
2026-03-24 12:27:22.328330,payment-api,cpu_overload,critical,us-east,53.21,53.43,244.31,False,
2026-03-04 21:33:22.328330,search-api,latency_spike,critical,eu-west,75.82,67.23,336.26,True,39.0
2026-03-11 18:12:22.328330,recommendation-engine,deployment_failure,high,ap-south,44.92,78.32,171.53,True,81.0
2026-03-18 01:57:22.328330,analytics-pipeline,deployment_failure,high,eu-west,90.79,93.91,158.67,True,36.0
2026-05-14 22:15:22.328330,payment-api,database_failure,critical,ap-south,56.76,80.32,189.03,True,83.0
2026-04-29 14:38:22.328330,search-api,network_issue,high,eu-west,64.32,70.3,66.43,False,
2026-02-25 07:08:22.328330,search-api,deployment_failure,medium,eu-west,64.79,61.72,180.55,True,61.0
2026-03-23 13:54:22.328330,analytics-pipeline,cpu_overload,medium,eu-west,86.65,54.92,285.06,True,176.0
2026-03-06 22:37:22.328330,notification-service,deployment_failure,low,ap-south,60.82,66.64,283.23,False,
2026-03-21 01:12:22.328330,notification-service,latency_spike,high,ap-south,70.1,76.85,297.45,True,69.0
2026-05-09 18:59:22.328330,auth-service,network_issue,critical,us-east,60.03,62.65,133.19,False,
2026-05-07 01:25:22.328330,search-api,network_issue,medium,eu-west,52.62,105.39,319.57,False,
2026-03-23 08:09:22.328330,payment-api,memory_leak,high,us-east,44.73,54.13,258.55,False,
2026-04-18 20:14:22.328330,notification-service,network_issue,high,ap-south,73.21,76.59,199.6,True,149.0
2026-03-28 03:11:22.328330,inventory-engine,deployment_failure,high,us-east,63.12,73.93,226.87,True,6.0
2026-04-20 05:17:22.328330,auth-service,deployment_failure,medium,ap-south,31.71,67.24,151.89,False,
2026-04-23 13:06:22.328330,analytics-pipeline,cpu_overload,medium,ap-south,67.63,105.82,249.4,False,
2026-02-27 19:44:22.328330,recommendation-engine,api_timeout,critical,us-east,60.3,81.06,258.62,False,
2026-04-04 09:42:22.328330,notification-service,latency_spike,medium,ap-south,71.3,77.28,384.52,True,220.0
2026-04-23 04:30:22.328330,analytics-pipeline,deployment_failure,medium,ap-south,48.04,75.68,145.89,True,72.0
2026-03-12 23:03:22.328330,search-api,latency_spike,low,eu-west,73.33,58.98,186.61,True,213.0
2026-03-26 18:21:22.328330,notification-service,api_timeout,medium,eu-west,60.57,81.71,293.48,False,
2026-03-30 06:17:22.328330,notification-service,api_timeout,medium,us-east,46.31,70.66,163.23,False,
2026-04-28 09:41:22.328330,analytics-pipeline,database_failure,high,eu-west,46.12,67.4,195.32,False,
2026-04-03 02:47:22.328330,notification-service,latency_spike,critical,us-east,101.4,75.2,109.79,True,174.0
2026-04-26 23:40:22.328330,analytics-pipeline,deployment_failure,medium,ap-south,56.53,82.26,387.08,True,119.0
2026-05-04 05:41:22.328330,auth-service,database_failure,medium,ap-south,41.21,47.44,369.68,False,
2026-02-22 05:51:22.328330,inventory-engine,latency_spike,medium,us-east,70.84,59.58,262.77,True,21.0
2026-04-24 16:01:22.328330,inventory-engine,memory_leak,low,ap-south,25.46,70.04,246.23,True,137.0
2026-02-25 02:33:22.328330,analytics-pipeline,cpu_overload,critical,us-east,78.86,57.83,226.85,False,
2026-02-27 11:44:22.328330,payment-api,latency_spike,high,eu-west,51.12,73.06,148.37,False,
2026-03-03 17:42:22.328330,search-api,cpu_overload,medium,us-east,58.88,58.05,272.09,False,
2026-04-15 11:30:22.328330,notification-service,network_issue,low,ap-south,77.88,67.18,223.06,False,
2026-04-14 11:24:22.328330,auth-service,database_failure,critical,us-east,43.27,66.4,215.98,False,
2026-04-04 09:57:22.328330,analytics-pipeline,api_timeout,low,ap-south,104.31,56.66,337.13,True,117.0
2026-05-03 15:44:22.328330,auth-service,latency_spike,high,eu-west,79.95,73.37,360.69,True,52.0
2026-05-04 09:45:22.328330,inventory-engine,database_failure,low,ap-south,70.58,74.67,215.75,True,111.0
2026-03-05 21:28:22.328330,inventory-engine,network_issue,low,us-east,83.35,83.16,169.95,False,
2026-04-05 03:04:22.328330,auth-service,database_failure,medium,ap-south,45.21,67.56,156.0,False,
2026-05-16 16:28:22.328330,auth-service,latency_spike,medium,ap-south,64.05,84.85,183.42,True,39.0
2026-03-22 10:15:22.328330,notification-service,latency_spike,medium,eu-west,64.36,70.7,287.87,True,71.0
2026-02-23 18:24:22.328330,auth-service,database_failure,critical,ap-south,31.3,62.72,236.9,True,229.0
2026-03-14 05:38:22.328330,search-api,network_issue,high,eu-west,83.0,64.1,69.88,True,119.0
2026-03-24 12:32:22.328330,recommendation-engine,deployment_failure,critical,eu-west,74.3,62.38,124.83,True,217.0
2026-04-11 08:10:22.328330,notification-service,memory_leak,medium,ap-south,55.63,67.79,171.62,False,
2026-05-03 11:07:22.328330,search-api,network_issue,high,us-east,31.92,80.76,321.99,True,63.0
2026-04-14 07:18:22.328330,recommendation-engine,memory_leak,low,eu-west,74.77,56.35,203.88,True,138.0
2026-03-01 11:42:22.328330,notification-service,network_issue,critical,eu-west,64.9,77.19,273.47,True,50.0
2026-04-05 09:57:22.328330,notification-service,database_failure,low,ap-south,53.99,70.98,256.58,True,28.0
2026-04-04 20:02:22.328330,search-api,memory_leak,low,ap-south,86.84,78.45,283.12,False,
2026-04-01 05:05:22.328330,recommendation-engine,cpu_overload,low,ap-south,66.26,86.93,252.78,False,
2026-04-27 20:11:22.328330,analytics-pipeline,api_timeout,critical,us-east,52.08,86.84,275.83,True,113.0
2026-05-06 13:02:22.328330,inventory-engine,api_timeout,medium,eu-west,58.35,64.25,243.73,False,
2026-03-25 06:31:22.328330,notification-service,api_timeout,high,eu-west,71.95,72.37,244.9,True,186.0
2026-03-12 00:59:22.328330,analytics-pipeline,latency_spike,low,ap-south,90.5,82.86,235.25,True,101.0
2026-03-20 03:38:22.328330,auth-service,network_issue,high,us-east,79.12,57.61,251.83,False,
2026-05-09 00:40:22.328330,auth-service,api_timeout,high,us-east,92.14,67.38,152.19,False,
2026-03-28 07:58:22.328330,inventory-engine,database_failure,high,ap-south,55.22,56.92,157.22,False,
2026-03-11 00:15:22.328330,auth-service,api_timeout,critical,eu-west,59.44,53.13,221.25,False,
2026-03-28 20:09:22.328330,notification-service,api_timeout,high,us-east,78.53,59.11,341.54,False,
2026-03-09 06:15:22.328330,search-api,api_timeout,medium,ap-south,72.66,82.37,167.37,True,196.0
2026-04-27 19:34:22.328330,recommendation-engine,deployment_failure,medium,eu-west,77.82,56.9,291.22,True,135.0
2026-04-12 06:28:22.328330,analytics-pipeline,cpu_overload,low,eu-west,67.58,76.64,125.95,False,
2026-02-19 22:22:22.328330,search-api,latency_spike,low,eu-west,51.57,77.17,144.13,False,
2026-02-23 10:56:22.328330,notification-service,api_timeout,low,eu-west,71.95,53.59,287.85,False,
2026-04-28 13:03:22.328330,inventory-engine,latency_spike,low,ap-south,46.51,76.63,270.05,False,
2026-02-23 00:24:22.328330,recommendation-engine,database_failure,high,ap-south,54.55,76.98,240.84,True,203.0
2026-03-05 01:41:22.328330,auth-service,network_issue,critical,us-east,56.92,57.9,62.99,True,56.0
2026-03-02 07:25:22.328330,search-api,deployment_failure,high,eu-west,70.24,51.22,227.63,True,205.0
2026-03-25 03:51:22.328330,notification-service,database_failure,medium,ap-south,61.05,78.15,195.84,True,177.0
2026-05-15 10:44:22.328330,inventory-engine,memory_leak,low,eu-west,60.06,78.78,246.8,True,75.0
2026-03-08 18:17:22.328330,recommendation-engine,cpu_overload,critical,us-east,69.74,75.63,97.15,True,137.0
2026-05-17 07:56:22.328330,search-api,network_issue,low,eu-west,76.35,77.35,138.67,False,
2026-03-13 15:14:22.328330,analytics-pipeline,database_failure,high,us-east,61.34,69.53,209.24,False,
2026-04-28 03:09:22.328330,notification-service,memory_leak,critical,us-east,70.01,87.18,306.54,True,71.0
2026-05-02 19:08:22.328330,recommendation-engine,database_failure,low,ap-south,45.32,77.46,326.31,True,133.0
2026-04-21 22:42:22.328330,inventory-engine,latency_spike,high,ap-south,70.8,83.09,380.98,False,
2026-03-16 13:01:22.328330,recommendation-engine,api_timeout,critical,eu-west,80.36,72.99,303.61,False,
2026-02-20 05:39:22.328330,analytics-pipeline,api_timeout,critical,ap-south,67.17,70.29,191.89,True,128.0
2026-05-08 03:31:22.328330,inventory-engine,latency_spike,critical,ap-south,88.45,60.18,342.59,True,178.0
2026-03-15 21:46:22.328330,auth-service,deployment_failure,high,us-east,72.5,53.21,249.41,False,
2026-04-01 17:11:22.328330,notification-service,latency_spike,high,eu-west,33.5,77.51,290.82,False,
2026-05-10 06:20:22.328330,recommendation-engine,network_issue,high,eu-west,56.11,71.48,376.33,True,126.0
2026-04-20 03:51:22.328330,inventory-engine,memory_leak,high,eu-west,57.41,57.29,338.53,True,132.0
2026-03-12 15:16:22.328330,auth-service,memory_leak,medium,us-east,94.44,70.04,300.92,True,63.0
2026-04-30 06:33:22.328330,analytics-pipeline,memory_leak,high,eu-west,85.12,61.09,181.18,True,35.0
2026-02-23 23:20:22.328330,payment-api,network_issue,critical,ap-south,83.46,90.22,265.03,True,200.0
2026-03-01 17:10:22.328330,notification-service,latency_spike,critical,us-east,51.8,93.84,177.52,False,
2026-04-03 21:58:22.328330,notification-service,deployment_failure,high,us-east,59.97,74.11,344.33,True,200.0
2026-02-24 08:28:22.328330,notification-service,cpu_overload,critical,eu-west,77.81,74.98,257.06,True,18.0
2026-03-31 21:01:22.328330,analytics-pipeline,api_timeout,critical,ap-south,65.65,76.7,17.64,True,133.0
2026-04-17 02:51:22.328330,recommendation-engine,deployment_failure,medium,us-east,60.55,72.9,127.92,True,183.0
2026-04-01 13:28:22.328330,recommendation-engine,cpu_overload,low,eu-west,70.79,67.55,360.44,True,102.0
2026-03-26 20:17:22.328330,payment-api,cpu_overload,high,ap-south,88.6,64.41,207.93,False,
2026-05-01 16:40:22.328330,notification-service,cpu_overload,medium,us-east,63.89,64.58,235.6,False,
2026-02-20 11:34:22.328330,notification-service,cpu_overload,high,eu-west,53.63,56.43,269.82,False,
2026-04-10 03:23:22.328330,auth-service,api_timeout,high,us-east,74.44,60.35,291.63,False,
2026-04-23 06:39:22.328330,recommendation-engine,memory_leak,medium,ap-south,55.53,73.04,285.63,True,213.0
2026-05-09 15:20:22.328330,search-api,cpu_overload,medium,ap-south,64.5,75.46,178.69,False,
2026-03-01 18:52:22.328330,recommendation-engine,memory_leak,medium,ap-south,62.05,67.53,160.27,True,126.0
2026-03-06 09:30:22.328330,payment-api,memory_leak,critical,us-east,62.35,51.42,180.71,True,233.0
2026-03-02 09:59:22.328330,search-api,database_failure,high,us-east,60.73,66.93,200.68,False,
2026-04-25 21:15:22.328330,notification-service,deployment_failure,low,us-east,64.07,75.75,289.96,True,181.0
2026-05-03 20:41:22.328330,payment-api,memory_leak,high,us-east,55.25,55.56,136.64,True,120.0
2026-03-11 22:55:22.328330,inventory-engine,cpu_overload,high,us-east,57.69,65.78,158.4,False,
2026-04-17 09:43:22.328330,payment-api,api_timeout,low,us-east,45.56,64.53,234.51,True,152.0
2026-03-27 07:27:22.328330,search-api,network_issue,medium,us-east,73.93,63.31,186.96,False,
2026-04-19 03:20:22.328330,search-api,database_failure,critical,ap-south,51.1,69.62,152.13,False,
2026-02-26 18:05:22.328330,payment-api,api_timeout,high,us-east,73.6,48.57,191.23,True,227.0
2026-05-03 11:26:22.328330,search-api,deployment_failure,high,us-east,69.52,72.21,435.44,False,
2026-03-02 11:03:22.328330,payment-api,latency_spike,medium,us-east,70.25,57.95,212.36,True,85.0
2026-04-19 21:17:22.328330,search-api,cpu_overload,high,ap-south,38.36,69.03,153.36,False,
2026-04-24 00:57:22.328330,recommendation-engine,deployment_failure,high,ap-south,78.73,63.41,210.66,False,
2026-04-11 01:08:22.328330,auth-service,memory_leak,low,eu-west,55.47,90.87,194.3,True,174.0
2026-04-25 19:47:22.328330,search-api,network_issue,low,eu-west,92.49,79.77,258.57,True,106.0
2026-05-09 08:29:22.328330,payment-api,latency_spike,critical,ap-south,70.53,74.73,65.79,True,11.0
2026-03-09 13:23:22.328330,recommendation-engine,database_failure,low,eu-west,60.82,80.14,216.09,False,
2026-03-23 11:15:22.328330,auth-service,latency_spike,critical,us-east,43.92,69.37,356.33,True,68.0
2026-03-12 14:13:22.328330,inventory-engine,api_timeout,medium,eu-west,83.7,69.26,296.12,True,12.0
2026-05-15 12:43:22.328330,search-api,cpu_overload,high,us-east,59.5,49.55,146.04,False,
2026-02-18 23:38:22.328330,analytics-pipeline,database_failure,high,ap-south,88.44,66.71,200.53,False,
2026-05-06 10:21:22.328330,search-api,database_failure,medium,ap-south,60.5,92.85,350.08,False,
2026-03-22 06:58:22.328330,search-api,network_issue,critical,ap-south,98.28,68.09,243.65,False,
2026-02-24 23:56:22.328330,inventory-engine,api_timeout,medium,eu-west,42.25,87.72,126.58,False,
2026-04-20 16:58:22.328330,inventory-engine,api_timeout,high,eu-west,68.25,56.83,172.89,False,
2026-05-17 18:27:22.328330,payment-api,database_failure,medium,us-east,52.44,62.71,176.87,False,
2026-04-06 00:32:22.328330,notification-service,latency_spike,critical,us-east,56.78,80.0,131.61,False,
2026-05-17 21:33:22.328330,analytics-pipeline,api_timeout,high,ap-south,68.31,84.62,178.94,True,208.0
2026-05-18 01:44:22.328330,notification-service,cpu_overload,medium,us-east,54.23,67.23,314.38,False,
2026-04-12 19:10:22.328330,auth-service,memory_leak,critical,us-east,67.91,63.63,258.71,True,72.0
2026-05-11 12:28:22.328330,recommendation-engine,network_issue,medium,ap-south,48.47,78.18,252.69,False,
2026-04-22 19:37:22.328330,search-api,network_issue,high,us-east,60.38,59.94,149.07,True,223.0
2026-05-12 11:57:22.328330,auth-service,memory_leak,high,eu-west,73.02,84.75,169.02,False,
2026-03-23 12:03:22.328330,recommendation-engine,cpu_overload,critical,eu-west,71.88,44.96,173.23,False,
2026-05-16 23:08:22.328330,auth-service,latency_spike,low,eu-west,64.53,59.08,145.08,True,77.0
2026-04-24 05:27:22.328330,auth-service,network_issue,critical,ap-south,54.98,73.51,205.01,True,64.0
2026-05-10 12:28:22.328330,auth-service,latency_spike,critical,eu-west,31.43,44.55,171.45,False,
2026-04-10 11:28:22.328330,inventory-engine,deployment_failure,critical,us-east,71.87,37.03,180.02,False,
2026-03-16 07:02:22.328330,analytics-pipeline,latency_spike,high,eu-west,57.11,86.66,189.2,True,19.0
2026-04-24 11:19:22.328330,analytics-pipeline,api_timeout,low,ap-south,70.74,71.7,49.55,False,
2026-05-02 04:47:22.328330,auth-service,deployment_failure,high,us-east,76.52,72.58,260.66,True,36.0
2026-02-19 00:28:22.328330,analytics-pipeline,network_issue,medium,us-east,123.89,44.99,357.98,False,
2026-04-26 05:34:22.328330,search-api,latency_spike,medium,us-east,60.69,73.45,216.36,True,138.0
2026-03-19 02:36:22.328330,auth-service,api_timeout,critical,ap-south,58.64,63.16,246.36,False,
2026-02-22 12:19:22.328330,inventory-engine,memory_leak,low,ap-south,42.24,79.01,186.7,True,69.0
2026-04-04 22:15:22.328330,search-api,cpu_overload,medium,us-east,48.05,64.6,320.57,True,226.0
2026-03-19 01:05:22.328330,auth-service,latency_spike,medium,ap-south,56.97,74.3,161.52,False,
2026-04-19 04:36:22.328330,payment-api,memory_leak,high,ap-south,76.37,78.23,367.89,True,106.0
2026-03-07 21:36:22.328330,auth-service,latency_spike,low,ap-south,62.37,78.02,227.85,False,
2026-03-17 01:40:22.328330,notification-service,memory_leak,high,eu-west,84.44,61.37,279.6,True,45.0
2026-04-03 05:25:22.328330,payment-api,network_issue,high,ap-south,62.08,69.23,227.34,True,20.0
2026-04-16 08:52:22.328330,search-api,memory_leak,low,eu-west,68.78,68.61,237.18,False,
2026-04-27 13:13:22.328330,inventory-engine,database_failure,high,us-east,88.67,81.83,289.53,True,10.0
2026-03-16 23:49:22.328330,recommendation-engine,cpu_overload,medium,us-east,58.17,59.33,296.42,True,129.0
2026-03-15 09:52:22.328330,recommendation-engine,database_failure,high,ap-south,78.14,87.67,171.68,False,
2026-05-01 10:56:22.328330,notification-service,memory_leak,high,us-east,61.56,50.33,188.6,False,
2026-04-23 16:03:22.328330,analytics-pipeline,deployment_failure,medium,eu-west,79.95,64.4,271.24,True,120.0
2026-04-21 19:36:22.328330,analytics-pipeline,cpu_overload,high,us-east,62.14,73.89,128.18,True,203.0
2026-03-21 15:43:22.328330,notification-service,api_timeout,medium,eu-west,66.28,34.11,205.05,False,
2026-03-09 02:16:22.328330,notification-service,memory_leak,high,ap-south,40.54,84.47,282.19,True,173.0
2026-02-19 16:42:22.328330,notification-service,deployment_failure,critical,eu-west,72.0,88.25,144.09,False,
2026-03-10 00:44:22.328330,notification-service,memory_leak,high,us-east,91.21,81.19,201.08,False,
2026-03-21 09:26:22.328330,inventory-engine,latency_spike,low,ap-south,82.03,56.72,154.04,True,16.0
2026-03-03 17:00:22.328330,auth-service,memory_leak,low,eu-west,55.87,63.65,135.48,True,129.0
2026-05-01 06:55:22.328330,payment-api,latency_spike,critical,ap-south,83.35,66.89,248.2,False,
2026-03-31 20:50:22.328330,notification-service,network_issue,high,eu-west,56.44,48.15,241.6,False,
2026-04-28 15:20:22.328330,notification-service,network_issue,low,eu-west,36.32,69.18,110.53,True,172.0
2026-04-04 00:01:22.328330,analytics-pipeline,latency_spike,critical,ap-south,94.81,80.94,228.46,True,97.0
2026-03-28 22:30:22.328330,search-api,api_timeout,high,ap-south,83.96,59.84,263.48,True,215.0
2026-03-23 13:48:22.328330,inventory-engine,database_failure,low,ap-south,68.0,73.17,321.79,True,218.0
2026-04-21 01:37:22.328330,payment-api,memory_leak,low,eu-west,75.99,73.46,87.61,True,141.0
2026-04-13 15:44:22.328330,auth-service,memory_leak,medium,ap-south,50.6,68.53,227.47,True,147.0
2026-03-11 12:52:22.328330,notification-service,api_timeout,low,ap-south,48.05,98.94,341.31,False,
2026-03-18 08:03:22.328330,recommendation-engine,network_issue,critical,eu-west,74.03,70.86,203.02,True,207.0
2026-05-02 07:26:22.328330,notification-service,api_timeout,high,ap-south,50.72,70.93,240.62,True,141.0
2026-03-25 02:58:22.328330,recommendation-engine,cpu_overload,high,ap-south,46.37,74.01,207.58,False,
2026-03-02 19:54:22.328330,inventory-engine,api_timeout,critical,ap-south,36.38,59.68,186.91,False,
2026-03-24 08:25:22.328330,auth-service,database_failure,medium,us-east,93.32,76.68,113.16,False,
2026-04-15 23:03:22.328330,recommendation-engine,api_timeout,critical,eu-west,72.29,51.43,306.62,True,77.0
2026-03-25 12:03:22.328330,payment-api,database_failure,medium,us-east,57.93,68.88,326.06,True,81.0
2026-02-18 03:04:22.328330,auth-service,memory_leak,high,eu-west,45.69,53.23,173.31,False,
2026-02-24 01:41:22.328330,notification-service,database_failure,medium,eu-west,80.58,51.77,-6.57,True,122.0
2026-04-16 08:34:22.328330,auth-service,memory_leak,high,us-east,58.23,76.62,316.02,True,64.0
2026-04-25 09:44:22.328330,analytics-pipeline,cpu_overload,low,ap-south,58.05,65.06,312.31,False,
2026-03-27 22:22:22.328330,auth-service,network_issue,low,ap-south,36.95,65.34,235.23,False,
2026-03-07 13:23:22.328330,recommendation-engine,memory_leak,critical,ap-south,71.74,63.88,222.76,True,157.0
2026-03-21 06:29:22.328330,inventory-engine,latency_spike,critical,eu-west,27.68,62.1,256.28,True,240.0
2026-03-09 13:27:22.328330,inventory-engine,cpu_overload,critical,us-east,50.27,70.71,255.75,True,227.0
2026-03-09 14:34:22.328330,auth-service,network_issue,low,ap-south,59.86,72.05,142.98,False,
2026-05-13 19:16:22.328330,inventory-engine,database_failure,low,us-east,61.9,77.32,232.56,True,88.0
2026-04-03 00:00:22.328330,search-api,memory_leak,medium,eu-west,56.2,72.69,277.17,False,
2026-02-19 08:14:22.328330,recommendation-engine,deployment_failure,low,eu-west,34.25,83.91,193.1,False,
2026-04-22 08:28:22.328330,analytics-pipeline,api_timeout,medium,eu-west,71.38,84.37,110.27,False,
2026-05-11 05:11:22.328330,recommendation-engine,database_failure,low,ap-south,54.36,66.54,157.3,False,
2026-04-24 19:57:22.328330,payment-api,api_timeout,critical,ap-south,91.02,59.72,175.56,True,200.0
2026-05-06 10:53:22.328330,recommendation-engine,database_failure,medium,us-east,68.07,55.57,188.35,False,
2026-03-20 08:39:22.328330,notification-service,memory_leak,medium,eu-west,69.76,66.01,212.53,True,73.0
2026-03-09 00:37:22.328330,recommendation-engine,cpu_overload,low,eu-west,57.06,51.83,245.73,False,
2026-04-10 04:16:22.328330,inventory-engine,cpu_overload,medium,us-east,91.32,70.22,238.02,False,
2026-03-25 16:10:22.328330,search-api,latency_spike,high,eu-west,75.39,54.77,356.2,False,
2026-03-23 15:21:22.328330,analytics-pipeline,deployment_failure,critical,ap-south,68.03,89.58,161.36,True,117.0
2026-05-14 15:28:22.328330,analytics-pipeline,memory_leak,medium,ap-south,92.27,79.3,264.24,False,
2026-05-04 12:44:22.328330,analytics-pipeline,network_issue,low,eu-west,68.51,67.02,316.04,True,67.0
2026-02-21 08:31:22.328330,notification-service,memory_leak,high,eu-west,67.11,46.4,130.63,False,
2026-03-16 13:53:22.328330,analytics-pipeline,latency_spike,high,us-east,62.21,73.72,215.47,False,
2026-05-16 15:49:22.328330,inventory-engine,memory_leak,medium,eu-west,83.28,46.59,231.49,False,
2026-03-29 18:38:22.328330,recommendation-engine,database_failure,medium,ap-south,37.73,79.12,212.44,True,101.0
2026-03-26 15:55:22.328330,search-api,database_failure,low,us-east,71.29,59.63,322.36,True,20.0
2026-04-22 21:04:22.328330,auth-service,deployment_failure,high,eu-west,80.63,77.0,209.64,False,
2026-03-20 03:10:22.328330,payment-api,latency_spike,critical,ap-south,73.7,61.52,288.44,False,
2026-03-19 09:12:22.328330,analytics-pipeline,network_issue,high,eu-west,89.74,82.85,161.63,True,79.0
2026-02-28 18:37:22.328330,search-api,api_timeout,medium,us-east,70.42,54.48,265.79,True,236.0
2026-04-20 00:23:22.328330,recommendation-engine,deployment_failure,low,eu-west,71.76,47.56,127.06,True,133.0
2026-02-19 17:31:22.328330,recommendation-engine,database_failure,low,eu-west,60.75,66.39,123.24,True,140.0
2026-04-20 23:23:22.328330,inventory-engine,api_timeout,critical,ap-south,70.83,73.02,204.46,True,9.0
2026-04-17 03:57:22.328330,search-api,cpu_overload,high,ap-south,53.66,82.58,352.43,False,
2026-04-27 05:31:22.328330,notification-service,cpu_overload,low,ap-south,57.75,62.65,259.3,False,
2026-02-27 18:01:22.328330,recommendation-engine,deployment_failure,low,ap-south,59.63,68.33,279.17,False,
2026-04-28 04:43:22.328330,auth-service,cpu_overload,critical,ap-south,36.36,85.82,225.81,True,27.0
2026-03-13 07:02:22.328330,recommendation-engine,database_failure,medium,us-east,58.83,68.93,216.99,True,151.0
2026-05-04 19:49:22.328330,recommendation-engine,cpu_overload,high,us-east,39.03,87.94,223.31,True,57.0
2026-03-20 08:10:22.328330,auth-service,database_failure,medium,eu-west,71.65,81.42,138.31,False,
2026-03-17 01:23:22.328330,search-api,database_failure,medium,us-east,72.1,66.79,287.74,True,172.0
2026-02-22 19:16:22.328330,notification-service,memory_leak,high,eu-west,33.09,68.81,171.77,True,52.0
2026-04-19 19:42:22.328330,analytics-pipeline,memory_leak,low,us-east,71.48,75.64,163.39,False,
2026-02-20 05:45:22.328330,recommendation-engine,cpu_overload,critical,ap-south,54.32,68.67,148.27,False,
2026-05-04 21:33:22.328330,analytics-pipeline,memory_leak,low,eu-west,77.63,65.57,-12.56,True,11.0
2026-03-10 07:55:22.328330,notification-service,database_failure,high,ap-south,59.38,57.54,89.5,True,157.0
2026-04-27 14:18:22.328330,auth-service,network_issue,low,us-east,46.44,71.31,326.29,True,181.0
2026-03-08 17:57:22.328330,recommendation-engine,memory_leak,critical,ap-south,69.7,62.72,256.47,False,
2026-05-01 23:36:22.328330,analytics-pipeline,api_timeout,critical,us-east,58.11,61.66,127.65,True,46.0
2026-05-01 03:20:22.328330,auth-service,latency_spike,critical,eu-west,38.72,65.32,232.64,False,
2026-02-21 05:46:22.328330,recommendation-engine,memory_leak,medium,eu-west,63.55,65.01,144.34,True,50.0
2026-02-23 08:13:22.328330,recommendation-engine,deployment_failure,critical,ap-south,74.12,54.19,282.08,False,
2026-02-28 20:01:22.328330,recommendation-engine,memory_leak,critical,us-east,49.97,60.97,102.66,True,160.0
2026-03-12 19:09:22.328330,analytics-pipeline,api_timeout,high,us-east,57.48,81.7,261.25,True,138.0
2026-05-08 18:42:22.328330,recommendation-engine,api_timeout,low,eu-west,79.68,76.27,131.71,False,
2026-02-18 04:18:22.328330,search-api,latency_spike,critical,ap-south,60.04,60.64,326.45,True,53.0
2026-04-22 05:25:22.328330,recommendation-engine,api_timeout,high,us-east,47.05,80.72,291.44,False,
2026-05-03 13:49:22.328330,recommendation-engine,cpu_overload,low,ap-south,92.44,65.08,276.99,True,123.0
2026-03-04 04:35:22.328330,search-api,api_timeout,low,ap-south,99.22,62.59,97.2,True,51.0
2026-03-08 20:21:22.328330,notification-service,network_issue,medium,us-east,36.8,78.55,69.35,False,
2026-04-19 06:54:22.328330,recommendation-engine,latency_spike,medium,us-east,59.42,75.25,234.81,True,230.0
2026-04-07 08:14:22.328330,payment-api,cpu_overload,high,ap-south,71.38,72.67,322.31,True,188.0
2026-03-12 23:40:22.328330,payment-api,latency_spike,low,ap-south,50.72,61.88,158.19,False,
2026-03-22 00:21:22.328330,inventory-engine,latency_spike,critical,ap-south,77.45,80.8,256.1,True,101.0
2026-03-29 15:16:22.328330,recommendation-engine,latency_spike,medium,us-east,82.75,55.86,353.38,True,46.0
2026-02-28 15:33:22.328330,auth-service,memory_leak,low,us-east,87.85,78.83,362.54,False,
2026-04-20 13:21:22.328330,search-api,deployment_failure,critical,us-east,40.15,63.71,161.18,True,35.0
2026-02-25 22:37:22.328330,auth-service,memory_leak,low,ap-south,75.82,57.4,280.6,False,
2026-05-17 14:50:22.328330,recommendation-engine,api_timeout,critical,ap-south,85.56,78.34,242.7,True,160.0
2026-02-27 09:13:22.328330,recommendation-engine,memory_leak,medium,ap-south,50.18,59.84,319.97,False,
2026-04-07 10:18:22.328330,recommendation-engine,api_timeout,low,ap-south,76.69,69.53,186.57,True,67.0
2026-02-27 10:23:22.328330,notification-service,cpu_overload,medium,eu-west,34.61,57.15,372.91,True,42.0
2026-05-13 17:13:22.328330,search-api,cpu_overload,low,eu-west,45.79,72.27,300.6,True,175.0
2026-03-27 02:39:22.328330,analytics-pipeline,database_failure,high,us-east,46.18,72.22,295.03,True,17.0
2026-05-08 19:38:22.328330,recommendation-engine,memory_leak,medium,ap-south,65.19,104.42,86.51,False,
2026-03-24 02:34:22.328330,search-api,network_issue,medium,us-east,80.88,67.93,281.75,False,
2026-02-22 22:40:22.328330,payment-api,latency_spike,high,us-east,71.62,61.2,238.32,False,
2026-02-26 00:49:22.328330,recommendation-engine,deployment_failure,low,us-east,37.13,77.24,243.85,True,79.0
2026-04-05 21:00:22.328330,auth-service,latency_spike,high,us-east,74.58,82.7,249.41,False,
2026-03-31 23:24:22.328330,auth-service,network_issue,medium,ap-south,67.22,59.43,163.02,True,32.0
2026-03-27 17:20:22.328330,search-api,network_issue,low,us-east,82.8,87.24,200.95,False,
2026-04-09 20:36:22.328330,notification-service,deployment_failure,high,us-east,65.69,59.14,313.82,False,
2026-02-23 08:13:22.328330,auth-service,database_failure,critical,ap-south,74.98,93.29,149.73,False,
2026-04-03 21:37:22.328330,analytics-pipeline,memory_leak,medium,ap-south,59.33,72.78,271.72,False,
2026-02-18 14:17:22.328330,auth-service,latency_spike,low,eu-west,61.76,59.52,290.51,False,
2026-03-22 19:10:22.328330,analytics-pipeline,latency_spike,medium,ap-south,75.82,59.0,328.44,False,
2026-04-11 01:01:22.328330,payment-api,cpu_overload,high,ap-south,82.55,71.61,226.37,True,7.0
2026-03-21 10:03:22.328330,auth-service,network_issue,high,us-east,73.31,59.66,222.4,True,83.0
2026-04-21 09:32:22.328330,notification-service,database_failure,high,eu-west,32.71,80.52,95.08,True,180.0
2026-04-18 09:26:22.328330,inventory-engine,api_timeout,low,eu-west,87.55,66.04,203.07,True,89.0
2026-03-03 19:59:22.328330,inventory-engine,network_issue,critical,us-east,55.58,66.54,333.48,True,170.0
2026-05-06 08:57:22.328330,recommendation-engine,memory_leak,critical,ap-south,27.68,85.32,247.04,False,
2026-04-06 15:14:22.328330,analytics-pipeline,deployment_failure,critical,ap-south,46.89,57.1,354.11,True,218.0
2026-04-01 07:12:22.328330,inventory-engine,database_failure,high,ap-south,50.82,56.16,310.99,True,58.0
2026-03-27 04:10:22.328330,search-api,cpu_overload,high,eu-west,70.08,58.74,237.33,True,76.0
2026-03-03 04:53:22.328330,payment-api,cpu_overload,critical,ap-south,49.61,83.21,304.91,True,151.0
2026-03-24 14:22:22.328330,recommendation-engine,memory_leak,low,us-east,72.98,74.34,360.9,False,
2026-03-15 02:50:22.328330,payment-api,cpu_overload,critical,eu-west,65.0,55.82,255.96,False,
2026-02-27 21:34:22.328330,auth-service,cpu_overload,critical,us-east,96.29,57.82,191.08,True,139.0
2026-04-21 05:05:22.328330,auth-service,latency_spike,high,eu-west,71.25,69.35,141.42,True,238.0
2026-05-10 07:13:22.328330,recommendation-engine,database_failure,low,us-east,81.83,97.84,235.69,True,53.0
2026-04-17 18:31:22.328330,recommendation-engine,network_issue,high,us-east,51.44,51.41,240.64,True,201.0
2026-02-28 09:02:22.328330,payment-api,deployment_failure,medium,eu-west,81.56,75.7,219.81,True,122.0
2026-04-13 10:49:22.328330,search-api,deployment_failure,low,eu-west,56.16,56.89,286.78,False,
2026-02-22 20:47:22.328330,payment-api,network_issue,low,us-east,78.71,51.45,347.19,False,
2026-02-26 19:03:22.328330,payment-api,latency_spike,high,eu-west,73.61,86.8,112.63,False,
2026-03-21 13:55:22.328330,auth-service,cpu_overload,medium,eu-west,44.51,68.21,260.22,False,
2026-04-23 13:09:22.328330,notification-service,cpu_overload,critical,ap-south,91.95,78.47,200.59,True,74.0
2026-05-05 03:19:22.328330,auth-service,cpu_overload,low,eu-west,49.6,84.76,142.82,True,57.0
2026-03-30 08:20:22.328330,inventory-engine,database_failure,high,us-east,89.43,66.59,347.25,True,185.0
2026-03-06 13:08:22.328330,inventory-engine,database_failure,medium,eu-west,75.18,68.36,178.45,True,84.0
2026-03-23 21:49:22.328330,inventory-engine,database_failure,critical,eu-west,59.89,75.14,226.17,True,12.0
2026-04-05 21:10:22.328330,search-api,latency_spike,low,us-east,56.09,68.01,226.29,True,27.0
2026-04-09 21:53:22.328330,recommendation-engine,memory_leak,critical,ap-south,33.07,75.5,141.62,False,
2026-04-20 06:58:22.328330,inventory-engine,deployment_failure,medium,ap-south,47.7,49.75,76.49,True,198.0
2026-03-10 03:35:22.328330,recommendation-engine,database_failure,medium,eu-west,44.67,61.49,376.26,False,
2026-05-09 21:02:22.328330,recommendation-engine,cpu_overload,critical,us-east,57.11,72.13,252.04,True,62.0
2026-05-05 15:33:22.328330,analytics-pipeline,database_failure,high,us-east,66.97,69.07,124.38,False,
2026-05-02 00:58:22.328330,search-api,network_issue,high,us-east,86.76,91.69,85.39,False,
2026-04-04 08:32:22.328330,payment-api,latency_spike,critical,eu-west,49.64,66.64,142.84,False,
2026-04-05 03:53:22.328330,recommendation-engine,deployment_failure,medium,us-east,72.59,61.26,393.2,False,
2026-03-24 17:05:22.328330,notification-service,memory_leak,low,us-east,82.86,72.55,302.16,True,88.0
2026-03-29 02:35:22.328330,search-api,latency_spike,high,ap-south,81.59,63.23,154.7,False,
2026-04-12 05:55:22.328330,notification-service,api_timeout,medium,ap-south,66.17,80.34,231.12,True,145.0
2026-05-04 06:07:22.328330,recommendation-engine,api_timeout,low,us-east,41.35,60.37,214.08,True,213.0
2026-03-16 13:19:22.328330,notification-service,api_timeout,critical,ap-south,63.87,93.67,109.12,False,
2026-03-30 03:58:22.328330,search-api,memory_leak,medium,ap-south,72.58,87.87,401.72,True,194.0
2026-02-23 00:00:22.328330,search-api,database_failure,critical,eu-west,58.93,75.9,265.58,False,
2026-04-19 02:43:22.328330,notification-service,latency_spike,critical,eu-west,67.93,68.81,254.88,False,
2026-02-20 17:21:22.328330,recommendation-engine,latency_spike,low,ap-south,27.02,78.18,230.09,False,
2026-04-18 22:16:22.328330,recommendation-engine,network_issue,low,eu-west,61.66,94.56,166.01,True,214.0
2026-05-06 02:02:22.328330,notification-service,deployment_failure,low,eu-west,58.95,93.9,153.44,True,120.0
2026-03-31 08:58:22.328330,inventory-engine,api_timeout,critical,eu-west,56.75,68.24,287.26,True,179.0
2026-02-27 20:45:22.328330,inventory-engine,cpu_overload,high,us-east,68.12,54.49,177.43,False,
2026-05-10 14:27:22.328330,notification-service,latency_spike,critical,eu-west,55.89,69.07,254.07,False,
2026-05-13 01:10:22.328330,inventory-engine,database_failure,low,eu-west,71.27,48.69,305.12,False,
2026-05-08 17:52:22.328330,analytics-pipeline,cpu_overload,low,eu-west,68.79,86.61,255.54,False,
2026-03-15 19:29:22.328330,notification-service,api_timeout,high,ap-south,81.52,75.6,327.7,False,
2026-04-11 18:31:22.328330,recommendation-engine,api_timeout,medium,ap-south,72.83,68.83,401.79,True,126.0
2026-05-06 01:42:22.328330,auth-service,database_failure,critical,us-east,78.34,76.88,117.9,False,
2026-05-04 16:30:22.328330,inventory-engine,deployment_failure,medium,eu-west,45.68,73.51,231.64,True,23.0
2026-03-20 17:05:22.328330,payment-api,memory_leak,critical,ap-south,55.79,71.69,347.09,False,
2026-02-18 23:39:22.328330,auth-service,latency_spike,medium,ap-south,75.43,56.31,211.08,False,
2026-03-01 10:29:22.328330,recommendation-engine,deployment_failure,critical,ap-south,52.93,65.35,186.91,True,121.0
2026-04-02 08:40:22.328330,recommendation-engine,database_failure,critical,us-east,57.84,54.94,209.79,False,
2026-04-28 04:22:22.328330,auth-service,api_timeout,low,ap-south,56.59,34.85,384.24,False,
2026-03-02 15:38:22.328330,search-api,memory_leak,high,us-east,81.33,65.48,221.51,False,
2026-05-15 16:25:22.328330,payment-api,database_failure,critical,ap-south,47.43,90.35,371.78,False,
2026-05-08 10:18:22.328330,notification-service,api_timeout,low,eu-west,67.35,82.28,234.02,False,
2026-04-06 09:50:22.328330,notification-service,latency_spike,low,eu-west,44.95,65.06,230.55,False,
2026-03-22 07:48:22.328330,search-api,network_issue,low,ap-south,58.18,67.38,212.69,False,
2026-03-23 22:18:22.328330,payment-api,cpu_overload,low,us-east,63.79,70.63,135.15,False,
2026-04-02 01:35:22.328330,recommendation-engine,database_failure,high,us-east,54.24,54.58,298.23,False,
2026-02-20 07:05:22.328330,analytics-pipeline,cpu_overload,high,eu-west,33.42,83.84,330.91,True,182.0
2026-02-23 17:29:22.328330,notification-service,network_issue,high,ap-south,60.47,38.76,191.1,False,
2026-05-13 03:20:22.328330,search-api,api_timeout,medium,ap-south,64.04,57.87,178.78,True,173.0
2026-04-22 04:10:22.328330,analytics-pipeline,network_issue,low,us-east,87.95,77.98,146.03,False,
2026-05-11 05:16:22.328330,auth-service,database_failure,low,us-east,41.04,66.08,202.92,False,
2026-05-06 15:58:22.328330,notification-service,cpu_overload,high,us-east,72.44,63.58,260.92,True,194.0
2026-05-08 13:49:22.328330,notification-service,memory_leak,medium,ap-south,94.03,79.79,216.15,False,
2026-04-15 01:44:22.328330,analytics-pipeline,memory_leak,high,ap-south,62.25,65.72,314.45,True,129.0
2026-05-02 06:31:22.328330,analytics-pipeline,database_failure,low,us-east,55.59,70.54,224.1,True,42.0
2026-03-25 12:31:22.328330,analytics-pipeline,memory_leak,critical,us-east,57.47,53.53,245.84,False,
2026-04-27 01:42:22.328330,search-api,api_timeout,medium,eu-west,64.08,76.0,177.31,False,
2026-05-13 18:50:22.328330,search-api,cpu_overload,low,eu-west,83.31,59.48,356.96,True,123.0
2026-04-12 10:26:22.328330,recommendation-engine,cpu_overload,critical,ap-south,38.79,75.22,258.03,True,102.0
2026-03-17 12:21:22.328330,search-api,api_timeout,critical,us-east,53.07,75.09,322.36,True,140.0
2026-02-28 12:21:22.328330,recommendation-engine,latency_spike,high,us-east,31.75,76.03,20.54,False,
2026-03-17 23:19:22.328330,inventory-engine,database_failure,low,eu-west,50.52,89.55,173.46,False,
2026-02-20 16:42:22.328330,analytics-pipeline,api_timeout,high,us-east,47.39,67.62,385.43,False,
2026-04-24 10:03:22.328330,analytics-pipeline,latency_spike,high,ap-south,37.52,57.38,339.79,False,
2026-04-06 18:12:22.328330,analytics-pipeline,network_issue,medium,ap-south,92.87,68.76,120.88,True,138.0
2026-04-18 00:26:22.328330,search-api,network_issue,medium,us-east,96.44,89.13,274.32,True,177.0
2026-05-17 23:00:22.328330,analytics-pipeline,latency_spike,low,us-east,52.81,69.41,207.17,True,139.0
2026-05-09 06:31:22.328330,search-api,api_timeout,high,eu-west,69.96,87.41,290.35,False,
2026-04-25 19:14:22.328330,auth-service,latency_spike,low,ap-south,48.84,86.52,245.05,True,19.0
2026-02-22 07:19:22.328330,notification-service,network_issue,medium,ap-south,75.31,87.6,131.07,True,186.0
2026-02-20 13:10:22.328330,payment-api,latency_spike,medium,us-east,64.46,63.62,94.57,True,234.0
2026-05-08 15:22:22.328330,search-api,memory_leak,high,us-east,70.2,100.14,72.79,False,
2026-03-19 14:40:22.328330,payment-api,network_issue,critical,us-east,64.52,77.69,229.85,False,
2026-03-16 17:20:22.328330,search-api,deployment_failure,high,us-east,63.3,54.41,238.62,True,204.0
2026-05-11 23:52:22.328330,inventory-engine,deployment_failure,low,us-east,53.65,43.72,315.57,False,
2026-04-18 10:49:22.328330,payment-api,cpu_overload,high,eu-west,79.38,70.62,238.33,False,
2026-05-12 09:54:22.328330,recommendation-engine,memory_leak,critical,eu-west,81.11,72.69,292.32,False,
2026-05-08 20:38:22.328330,auth-service,database_failure,critical,eu-west,60.54,85.74,245.66,True,238.0
2026-04-08 12:52:22.328330,search-api,cpu_overload,low,eu-west,67.91,54.76,242.96,True,23.0
2026-03-27 17:23:22.328330,search-api,cpu_overload,critical,eu-west,52.52,62.34,154.77,False,
2026-05-05 04:20:22.328330,search-api,network_issue,low,eu-west,49.01,95.5,326.51,False,
2026-04-24 11:28:22.328330,auth-service,network_issue,high,us-east,93.81,55.33,225.7,True,136.0
2026-03-15 07:43:22.328330,analytics-pipeline,api_timeout,critical,us-east,45.6,61.65,146.55,False,
2026-03-02 21:39:22.328330,search-api,deployment_failure,low,ap-south,83.59,65.25,305.47,True,5.0
2026-04-13 17:43:22.328330,search-api,deployment_failure,critical,eu-west,74.06,97.64,101.64,False,
2026-04-18 09:06:22.328330,search-api,cpu_overload,critical,eu-west,83.89,83.76,142.13,True,98.0
2026-03-31 01:36:22.328330,analytics-pipeline,cpu_overload,low,us-east,80.11,74.03,201.8,False,
2026-03-20 18:23:22.328330,auth-service,memory_leak,low,us-east,52.64,61.37,383.98,True,81.0
2026-03-16 09:20:22.328330,recommendation-engine,latency_spike,high,us-east,65.01,79.39,156.73,True,231.0
2026-03-22 03:09:22.328330,recommendation-engine,network_issue,medium,eu-west,53.3,82.98,112.03,True,54.0
2026-05-16 10:06:22.328330,search-api,database_failure,medium,us-east,58.77,70.41,228.91,False,
2026-05-12 23:54:22.328330,analytics-pipeline,database_failure,high,us-east,62.31,74.75,275.43,False,
2026-02-19 18:00:22.328330,payment-api,latency_spike,high,eu-west,76.02,58.17,197.27,False,
2026-03-08 00:35:22.328330,search-api,latency_spike,critical,eu-west,82.92,80.74,110.17,True,211.0
2026-03-20 05:09:22.328330,search-api,database_failure,critical,ap-south,70.27,46.26,223.75,True,194.0
2026-03-26 23:54:22.328330,auth-service,latency_spike,low,ap-south,93.47,58.63,153.25,True,130.0
2026-03-20 05:11:22.328330,payment-api,api_timeout,low,eu-west,76.46,51.49,169.38,True,8.0
2026-05-03 01:13:22.328330,search-api,latency_spike,high,eu-west,73.95,62.39,201.12,False,
2026-03-24 02:16:22.328330,auth-service,deployment_failure,low,eu-west,76.16,75.06,241.35,True,132.0
2026-03-25 13:46:22.328330,analytics-pipeline,database_failure,medium,eu-west,59.91,74.44,210.1,True,114.0
2026-04-18 00:34:22.328330,analytics-pipeline,deployment_failure,critical,us-east,71.87,64.04,205.39,True,180.0
2026-03-27 07:17:22.328330,notification-service,memory_leak,high,eu-west,50.15,69.58,155.12,True,156.0
2026-05-02 22:36:22.328330,inventory-engine,latency_spike,low,us-east,48.29,73.1,237.02,True,198.0
2026-04-10 22:35:22.328330,auth-service,network_issue,high,ap-south,76.74,64.83,252.64,True,117.0
2026-04-26 13:16:22.328330,notification-service,latency_spike,medium,eu-west,73.26,75.34,153.95,False,
2026-03-08 22:41:22.328330,auth-service,latency_spike,critical,eu-west,67.24,74.37,220.57,True,6.0
2026-05-02 09:34:22.328330,payment-api,network_issue,high,us-east,33.7,71.93,397.0,False,
2026-03-16 17:02:22.328330,auth-service,memory_leak,medium,ap-south,59.6,61.26,249.87,False,
2026-04-01 02:48:22.328330,recommendation-engine,api_timeout,medium,eu-west,69.69,84.31,119.37,True,157.0
2026-05-02 08:17:22.328330,search-api,api_timeout,low,ap-south,75.97,77.09,208.63,False,
2026-04-17 01:37:22.328330,recommendation-engine,latency_spike,medium,eu-west,70.08,82.35,289.79,True,140.0
2026-02-18 19:40:22.328330,payment-api,database_failure,high,ap-south,47.85,79.84,214.82,True,123.0
2026-03-09 14:42:22.328330,search-api,network_issue,medium,us-east,66.09,70.88,207.98,True,54.0
2026-05-08 11:21:22.328330,analytics-pipeline,memory_leak,critical,us-east,82.88,69.0,130.44,True,45.0
2026-03-18 17:34:22.328330,payment-api,latency_spike,high,us-east,59.1,72.14,318.34,True,116.0
2026-04-25 20:21:22.328330,inventory-engine,database_failure,critical,eu-west,74.05,59.79,418.82,True,194.0
2026-05-13 22:55:22.328330,notification-service,memory_leak,medium,eu-west,68.97,85.3,207.86,False,
2026-04-01 20:41:22.328330,payment-api,latency_spike,medium,ap-south,73.0,80.07,317.46,False,
2026-03-25 18:43:22.328330,notification-service,cpu_overload,critical,eu-west,80.86,80.47,194.79,False,
2026-04-27 18:56:22.328330,analytics-pipeline,latency_spike,high,eu-west,56.42,73.99,294.65,True,65.0
2026-03-12 13:52:22.328330,recommendation-engine,deployment_failure,medium,us-east,61.66,82.78,336.21,True,23.0
2026-04-05 20:37:22.328330,notification-service,api_timeout,low,us-east,51.26,59.96,208.77,True,60.0
2026-02-23 06:30:22.328330,notification-service,api_timeout,medium,us-east,69.61,63.71,328.18,False,
2026-05-06 07:32:22.328330,recommendation-engine,network_issue,medium,ap-south,71.36,70.47,105.13,False,
2026-02-18 22:22:22.328330,inventory-engine,memory_leak,high,eu-west,45.26,73.37,49.39,True,182.0
2026-03-27 23:14:22.328330,payment-api,cpu_overload,medium,eu-west,80.19,68.1,479.45,False,
2026-04-06 23:44:22.328330,recommendation-engine,memory_leak,high,eu-west,99.62,67.82,211.49,False,
2026-03-24 18:51:22.328330,auth-service,deployment_failure,medium,ap-south,79.93,90.44,88.96,True,27.0
2026-04-11 06:09:22.328330,analytics-pipeline,database_failure,critical,eu-west,38.2,62.54,266.62,False,
2026-03-03 13:05:22.328330,recommendation-engine,cpu_overload,low,ap-south,72.45,82.84,124.02,False,
2026-03-12 17:18:22.328330,analytics-pipeline,memory_leak,medium,us-east,30.26,80.3,153.74,False,
2026-03-26 23:39:22.328330,auth-service,database_failure,medium,ap-south,34.72,71.74,283.45,True,111.0
2026-02-18 12:16:22.328330,payment-api,latency_spike,critical,ap-south,63.17,64.51,207.25,True,113.0
2026-03-31 09:15:22.328330,recommendation-engine,api_timeout,low,us-east,59.44,53.82,162.83,False,
2026-04-26 20:06:22.328330,payment-api,database_failure,low,ap-south,72.82,73.86,233.44,False,
2026-02-21 06:21:22.328330,auth-service,memory_leak,high,us-east,50.07,67.82,45.83,True,170.0
2026-05-10 11:18:22.328330,payment-api,api_timeout,high,eu-west,67.68,87.15,102.07,False,
2026-03-01 15:21:22.328330,notification-service,network_issue,low,us-east,56.21,73.95,320.23,False,
2026-03-09 11:25:22.328330,auth-service,deployment_failure,critical,eu-west,58.28,61.69,62.49,False,
2026-03-22 16:13:22.328330,recommendation-engine,network_issue,low,ap-south,66.55,94.5,242.19,True,103.0
2026-02-26 09:46:22.328330,search-api,cpu_overload,low,us-east,64.67,73.86,219.11,False,
2026-03-11 04:48:22.328330,inventory-engine,network_issue,medium,ap-south,52.8,79.88,238.06,True,163.0
2026-02-27 13:16:22.328330,inventory-engine,network_issue,low,ap-south,65.26,58.3,324.28,False,
2026-02-26 21:41:22.328330,payment-api,latency_spike,critical,us-east,74.97,63.36,300.15,False,
2026-03-23 08:59:22.328330,payment-api,cpu_overload,high,eu-west,57.54,60.62,159.22,True,148.0
2026-03-15 03:56:22.328330,analytics-pipeline,memory_leak,medium,us-east,38.43,75.66,73.51,True,143.0
2026-05-08 09:26:22.328330,search-api,api_timeout,medium,ap-south,46.57,45.09,213.11,True,87.0
2026-04-16 15:00:22.328330,inventory-engine,database_failure,critical,us-east,62.75,66.08,136.59,True,21.0
2026-04-14 19:05:22.328330,inventory-engine,api_timeout,critical,ap-south,47.42,75.57,175.96,True,125.0
2026-03-15 02:52:22.328330,notification-service,network_issue,high,us-east,69.75,59.38,234.49,False,
2026-03-06 22:06:22.328330,search-api,network_issue,low,eu-west,84.55,77.03,187.01,False,
2026-05-10 18:47:22.328330,payment-api,api_timeout,medium,us-east,68.86,67.11,220.63,True,32.0
2026-05-03 17:34:22.328330,inventory-engine,latency_spike,medium,us-east,60.12,68.03,236.97,True,228.0
2026-04-30 03:18:22.328330,notification-service,network_issue,low,us-east,50.1,57.81,108.92,False,
2026-02-19 11:26:22.328330,search-api,database_failure,medium,us-east,41.0,55.39,232.76,False,
2026-04-10 11:43:22.328330,recommendation-engine,network_issue,low,us-east,51.61,76.16,222.78,True,21.0
2026-05-16 17:22:22.328330,analytics-pipeline,deployment_failure,medium,ap-south,35.47,77.86,284.86,False,
2026-04-11 06:09:22.328330,notification-service,cpu_overload,high,us-east,50.09,75.04,151.48,False,
2026-04-07 00:59:22.328330,inventory-engine,database_failure,medium,us-east,66.47,54.83,76.55,True,207.0
2026-04-25 01:31:22.328330,auth-service,api_timeout,high,us-east,59.26,68.52,188.19,True,42.0
2026-04-16 14:06:22.328330,inventory-engine,api_timeout,medium,ap-south,47.24,65.2,241.54,True,187.0
2026-03-31 00:05:22.328330,inventory-engine,memory_leak,medium,ap-south,64.33,72.19,166.39,True,46.0
2026-04-27 01:48:22.328330,payment-api,latency_spike,high,ap-south,82.58,55.89,259.0,True,117.0
2026-04-25 00:38:22.328330,inventory-engine,memory_leak,medium,ap-south,82.73,75.77,203.8,True,175.0
2026-04-19 21:08:22.328330,inventory-engine,memory_leak,high,us-east,57.08,82.43,106.16,True,141.0
2026-04-21 06:44:22.328330,payment-api,latency_spike,critical,us-east,50.45,65.23,319.01,True,122.0
2026-02-23 06:40:22.328330,inventory-engine,memory_leak,low,ap-south,70.7,58.38,195.18,False,
2026-03-20 19:35:22.328330,search-api,cpu_overload,critical,us-east,55.79,61.48,298.31,True,209.0
2026-03-28 06:44:22.328330,search-api,api_timeout,high,ap-south,44.42,89.31,286.26,True,192.0
2026-04-05 03:09:22.328330,payment-api,memory_leak,low,us-east,81.36,64.44,208.0,True,107.0
2026-03-23 12:31:22.328330,analytics-pipeline,memory_leak,critical,us-east,43.5,63.7,259.49,True,88.0
2026-05-13 17:17:22.328330,notification-service,network_issue,medium,ap-south,84.44,56.71,190.76,True,205.0
2026-02-22 13:31:22.328330,analytics-pipeline,cpu_overload,medium,eu-west,62.73,53.25,267.31,True,142.0
2026-03-02 09:51:22.328330,recommendation-engine,network_issue,low,ap-south,54.14,67.66,183.84,False,
2026-05-01 00:44:22.328330,recommendation-engine,cpu_overload,low,ap-south,53.16,69.92,202.75,False,
2026-04-12 13:02:22.328330,auth-service,network_issue,critical,us-east,59.42,61.26,245.56,False,
2026-04-14 19:03:22.328330,payment-api,cpu_overload,high,us-east,89.8,71.68,299.69,False,
2026-02-18 18:05:22.328330,recommendation-engine,deployment_failure,low,eu-west,44.15,71.89,132.21,False,
2026-03-12 05:37:22.328330,recommendation-engine,deployment_failure,critical,us-east,42.85,61.13,315.35,True,211.0
2026-03-13 11:10:22.328330,recommendation-engine,network_issue,critical,eu-west,79.25,72.92,97.38,True,41.0
2026-04-29 19:36:22.328330,inventory-engine,api_timeout,high,eu-west,62.06,73.62,234.04,False,
2026-05-10 16:17:22.328330,payment-api,api_timeout,high,us-east,37.34,59.32,214.87,True,147.0
2026-04-06 16:00:22.328330,search-api,database_failure,medium,eu-west,73.04,43.65,207.03,True,218.0
2026-04-13 23:31:22.328330,inventory-engine,database_failure,critical,eu-west,67.15,80.2,275.43,False,
2026-03-03 18:20:22.328330,notification-service,cpu_overload,critical,ap-south,73.74,60.4,67.36,False,
2026-04-28 07:02:22.328330,payment-api,deployment_failure,low,eu-west,59.1,82.02,331.48,False,
2026-04-21 09:47:22.328330,search-api,deployment_failure,critical,eu-west,75.66,75.15,250.37,False,
2026-04-10 18:13:22.328330,auth-service,api_timeout,medium,eu-west,56.66,68.44,353.53,True,200.0
2026-04-23 11:55:22.328330,recommendation-engine,latency_spike,high,ap-south,50.86,89.38,194.24,False,
2026-03-28 06:00:22.328330,recommendation-engine,deployment_failure,high,ap-south,84.88,53.12,266.87,False,
2026-02-19 01:12:22.328330,search-api,deployment_failure,low,us-east,53.95,53.02,237.48,True,221.0
2026-04-25 02:32:22.328330,auth-service,database_failure,low,eu-west,80.14,59.86,100.08,False,
2026-04-06 18:21:22.328330,search-api,memory_leak,high,eu-west,63.62,68.95,263.87,True,74.0
2026-04-15 20:32:22.328330,recommendation-engine,network_issue,high,eu-west,79.24,69.29,368.44,False,
2026-04-22 04:22:22.328330,notification-service,network_issue,low,ap-south,68.36,65.84,91.07,True,201.0
2026-03-22 13:33:22.328330,auth-service,deployment_failure,low,ap-south,61.06,65.96,296.82,True,144.0
2026-04-19 08:46:22.328330,analytics-pipeline,cpu_overload,high,us-east,71.94,55.85,233.78,False,
2026-05-10 00:09:22.328330,notification-service,database_failure,high,eu-west,75.07,88.34,291.0,True,40.0
2026-04-01 13:33:22.328330,inventory-engine,cpu_overload,critical,us-east,76.41,70.72,251.06,False,
2026-02-23 21:45:22.328330,auth-service,latency_spike,medium,eu-west,83.74,54.01,192.04,True,217.0
2026-05-01 13:54:22.328330,analytics-pipeline,database_failure,low,us-east,53.41,74.55,318.42,False,
2026-02-24 08:24:22.328330,payment-api,latency_spike,medium,eu-west,56.05,41.32,187.02,False,
2026-04-17 00:50:22.328330,inventory-engine,network_issue,high,eu-west,78.7,76.45,254.25,False,
2026-02-26 17:52:22.328330,notification-service,database_failure,high,eu-west,60.8,54.65,261.22,False,
2026-05-16 02:41:22.328330,search-api,deployment_failure,low,eu-west,52.49,96.21,265.64,True,224.0
2026-03-16 12:55:22.328330,auth-service,network_issue,medium,us-east,56.29,62.66,212.56,True,58.0
2026-05-06 21:03:22.328330,payment-api,api_timeout,low,eu-west,61.41,83.4,234.91,True,203.0
2026-04-04 15:38:22.328330,analytics-pipeline,api_timeout,low,eu-west,54.03,92.69,223.94,True,13.0
2026-03-07 13:03:22.328330,search-api,database_failure,low,us-east,76.53,62.7,249.05,True,237.0
2026-04-25 16:48:22.328330,payment-api,latency_spike,high,ap-south,69.67,47.32,381.22,True,198.0
2026-05-09 22:42:22.328330,analytics-pipeline,latency_spike,medium,ap-south,84.36,65.23,131.82,True,52.0
2026-03-18 16:34:22.328330,inventory-engine,latency_spike,low,eu-west,70.21,71.04,248.45,False,
2026-02-21 08:50:22.328330,notification-service,cpu_overload,high,eu-west,67.87,76.07,335.78,True,134.0
2026-03-27 19:49:22.328330,payment-api,latency_spike,low,ap-south,73.52,57.4,329.01,True,188.0
2026-05-01 07:04:22.328330,inventory-engine,memory_leak,low,ap-south,89.61,107.82,130.12,True,59.0
2026-02-23 22:42:22.328330,notification-service,deployment_failure,critical,us-east,68.64,45.01,264.25,True,117.0
2026-03-18 10:10:22.328330,payment-api,memory_leak,high,us-east,56.78,93.08,158.03,False,
2026-04-29 05:25:22.328330,notification-service,memory_leak,critical,eu-west,39.66,64.34,61.96,False,
2026-05-07 11:28:22.328330,recommendation-engine,latency_spike,medium,us-east,76.27,45.22,222.28,False,
2026-03-15 14:00:22.328330,inventory-engine,database_failure,low,eu-west,33.83,66.16,351.47,False,
2026-04-03 18:59:22.328330,payment-api,api_timeout,high,us-east,70.41,59.64,217.5,False,
2026-03-17 04:38:22.328330,analytics-pipeline,api_timeout,medium,ap-south,65.27,75.67,110.65,False,
2026-04-22 06:42:22.328330,analytics-pipeline,api_timeout,medium,eu-west,73.89,37.55,169.61,False,
2026-02-22 06:03:22.328330,search-api,cpu_overload,medium,eu-west,57.68,77.6,221.81,False,
2026-03-18 13:18:22.328330,payment-api,api_timeout,critical,ap-south,43.92,58.18,235.89,True,35.0
2026-05-05 16:19:22.328330,recommendation-engine,api_timeout,low,ap-south,63.81,63.05,181.53,True,21.0
2026-04-15 14:58:22.328330,auth-service,cpu_overload,medium,ap-south,75.44,63.79,212.95,False,
2026-05-07 13:20:22.328330,auth-service,deployment_failure,critical,ap-south,97.55,52.92,71.85,False,
2026-04-23 09:05:22.328330,analytics-pipeline,network_issue,high,ap-south,76.75,61.86,194.54,False,
2026-04-16 07:36:22.328330,recommendation-engine,network_issue,critical,us-east,53.28,66.88,347.88,False,
2026-05-05 07:34:22.328330,analytics-pipeline,api_timeout,low,eu-west,77.03,80.35,106.7,False,
2026-04-04 04:32:22.328330,recommendation-engine,memory_leak,medium,eu-west,47.73,35.93,155.25,True,193.0
2026-05-13 22:03:22.328330,analytics-pipeline,latency_spike,critical,ap-south,79.35,76.2,202.28,True,50.0
2026-04-13 21:38:22.328330,notification-service,network_issue,high,eu-west,64.67,61.73,236.38,False,
2026-03-23 02:48:22.328330,notification-service,latency_spike,low,ap-south,76.49,50.61,243.97,False,
2026-03-07 13:46:22.328330,recommendation-engine,memory_leak,high,ap-south,78.99,65.02,276.06,False,
2026-04-04 02:32:22.328330,notification-service,cpu_overload,high,ap-south,107.22,68.75,251.46,True,200.0
2026-05-15 20:29:22.328330,recommendation-engine,latency_spike,critical,us-east,53.93,72.18,256.82,False,
2026-03-02 02:23:22.328330,recommendation-engine,api_timeout,critical,eu-west,67.92,57.76,236.51,True,50.0
2026-03-29 01:27:22.328330,search-api,deployment_failure,high,ap-south,86.93,75.38,296.96,True,130.0
2026-04-09 12:40:22.328330,auth-service,cpu_overload,critical,us-east,61.44,79.0,242.34,True,150.0
2026-03-18 06:54:22.328330,recommendation-engine,network_issue,critical,us-east,50.74,73.82,140.66,True,134.0
2026-05-13 15:45:22.328330,recommendation-engine,cpu_overload,critical,ap-south,55.51,72.27,243.78,False,
2026-03-23 13:47:22.328330,search-api,cpu_overload,high,us-east,47.16,82.65,265.76,True,12.0
2026-03-25 23:37:22.328330,payment-api,memory_leak,high,us-east,54.43,51.55,208.41,True,200.0
2026-02-26 14:20:22.328330,search-api,cpu_overload,critical,eu-west,58.31,71.36,190.95,False,
2026-04-17 07:32:22.328330,inventory-engine,api_timeout,high,eu-west,34.89,65.34,195.55,True,68.0
2026-04-27 08:58:22.328330,search-api,cpu_overload,low,ap-south,74.5,61.62,354.29,True,227.0
2026-04-20 23:25:22.328330,payment-api,cpu_overload,medium,eu-west,36.33,85.73,202.05,False,
2026-05-15 07:51:22.328330,recommendation-engine,network_issue,critical,ap-south,77.89,70.96,311.16,False,
2026-04-24 11:04:22.328330,payment-api,network_issue,critical,ap-south,59.19,56.82,333.64,True,86.0
2026-04-14 08:20:22.328330,notification-service,api_timeout,high,ap-south,63.3,72.66,318.78,True,211.0
2026-04-04 06:40:22.328330,payment-api,network_issue,medium,us-east,49.52,77.15,172.81,False,
2026-04-02 23:12:22.328330,analytics-pipeline,deployment_failure,high,eu-west,63.02,70.87,99.98,False,
2026-04-15 15:48:22.328330,recommendation-engine,memory_leak,critical,ap-south,53.32,86.21,290.9,True,220.0
2026-03-02 07:55:22.328330,notification-service,memory_leak,high,us-east,64.06,72.92,196.46,True,81.0
2026-03-27 12:38:22.328330,recommendation-engine,deployment_failure,medium,ap-south,85.35,67.6,238.55,True,188.0
2026-03-02 21:21:22.328330,notification-service,latency_spike,high,us-east,82.19,60.67,344.7,True,150.0
2026-03-06 19:17:22.328330,notification-service,api_timeout,critical,eu-west,42.04,89.56,190.19,False,
2026-03-07 07:23:22.328330,payment-api,network_issue,high,ap-south,61.36,47.32,183.62,False,
2026-04-09 07:48:22.328330,search-api,database_failure,high,eu-west,49.4,62.71,209.02,False,
2026-04-12 02:40:22.328330,inventory-engine,database_failure,critical,ap-south,79.37,72.49,244.61,True,230.0
2026-05-17 00:52:22.328330,search-api,network_issue,medium,ap-south,48.57,59.43,363.9,False,
2026-04-29 08:18:22.328330,search-api,deployment_failure,critical,us-east,53.97,89.87,200.56,False,
2026-02-22 15:46:22.328330,notification-service,network_issue,low,ap-south,65.03,82.84,321.75,True,98.0
2026-04-06 15:11:22.328330,auth-service,memory_leak,medium,ap-south,63.34,65.34,215.53,False,
2026-03-02 21:30:22.328330,recommendation-engine,api_timeout,high,eu-west,70.07,80.7,220.34,True,221.0
2026-04-11 04:31:22.328330,inventory-engine,deployment_failure,high,ap-south,74.28,89.66,250.5,True,70.0
2026-03-17 05:03:22.328330,notification-service,memory_leak,critical,eu-west,69.67,51.77,9.54,True,43.0
2026-05-01 06:16:22.328330,payment-api,memory_leak,high,us-east,70.83,68.86,178.82,False,
2026-03-28 18:33:22.328330,recommendation-engine,api_timeout,low,eu-west,68.65,69.28,310.22,True,74.0
2026-05-06 07:28:22.328330,payment-api,cpu_overload,high,ap-south,66.29,61.04,299.21,True,169.0
2026-03-02 03:09:22.328330,payment-api,network_issue,critical,eu-west,61.74,76.32,181.81,True,225.0
2026-02-26 03:04:22.328330,payment-api,cpu_overload,high,eu-west,55.25,71.01,221.03,False,
2026-02-26 02:29:22.328330,inventory-engine,network_issue,low,us-east,72.2,66.78,73.09,True,65.0
2026-05-08 12:59:22.328330,notification-service,network_issue,low,ap-south,58.51,79.53,196.21,False,
2026-04-03 13:00:22.328330,payment-api,memory_leak,low,us-east,61.3,81.84,163.04,False,
2026-03-03 23:15:22.328330,notification-service,network_issue,critical,ap-south,41.86,68.07,181.27,True,113.0
2026-04-28 21:16:22.328330,auth-service,latency_spike,medium,eu-west,50.51,67.9,259.32,False,
2026-04-08 17:28:22.328330,recommendation-engine,cpu_overload,low,us-east,64.86,73.68,365.07,False,
2026-03-16 01:10:22.328330,payment-api,cpu_overload,critical,us-east,59.86,73.34,179.26,True,76.0
2026-02-27 16:21:22.328330,analytics-pipeline,memory_leak,high,us-east,52.3,62.98,181.7,False,
2026-03-04 23:12:22.328330,inventory-engine,latency_spike,low,ap-south,70.39,98.19,162.72,True,181.0
2026-02-24 05:18:22.328330,analytics-pipeline,network_issue,medium,us-east,58.75,69.24,251.66,False,
2026-04-20 13:54:22.328330,search-api,network_issue,high,ap-south,68.95,85.41,25.89,True,141.0
2026-02-28 19:37:22.328330,auth-service,deployment_failure,critical,us-east,29.2,64.05,307.78,True,237.0
2026-02-20 06:43:22.328330,recommendation-engine,cpu_overload,high,eu-west,41.52,33.91,265.69,True,81.0
2026-04-29 13:55:22.328330,analytics-pipeline,memory_leak,critical,ap-south,68.65,56.92,141.16,False,
2026-02-27 16:17:22.328330,analytics-pipeline,deployment_failure,critical,eu-west,50.45,71.33,169.89,False,
2026-02-28 20:44:22.328330,payment-api,deployment_failure,critical,us-east,72.41,35.74,151.45,False,
2026-02-23 09:33:22.328330,analytics-pipeline,cpu_overload,critical,eu-west,48.11,66.92,176.96,True,183.0
2026-04-24 23:25:22.328330,notification-service,latency_spike,high,us-east,76.97,47.69,223.64,False,
2026-04-07 11:21:22.328330,search-api,latency_spike,low,ap-south,73.38,92.28,181.46,True,166.0
2026-04-08 08:53:22.328330,analytics-pipeline,network_issue,medium,eu-west,69.87,48.35,28.64,False,
2026-04-30 12:26:22.328330,search-api,cpu_overload,high,ap-south,77.67,69.93,314.28,True,33.0
2026-05-04 08:44:22.328330,auth-service,database_failure,medium,ap-south,44.4,76.24,369.51,False,
2026-03-07 13:57:22.328330,inventory-engine,api_timeout,critical,ap-south,71.3,73.32,220.68,True,71.0
2026-05-02 22:32:22.328330,search-api,database_failure,high,us-east,41.44,86.27,171.13,True,26.0
2026-04-11 00:02:22.328330,inventory-engine,memory_leak,critical,us-east,72.57,51.24,125.64,True,10.0
2026-02-21 10:20:22.328330,payment-api,database_failure,medium,eu-west,86.53,65.83,336.26,False,
2026-04-30 16:23:22.328330,inventory-engine,network_issue,medium,eu-west,63.83,47.9,291.37,False,
2026-03-23 11:27:22.328330,recommendation-engine,database_failure,high,eu-west,56.15,78.38,222.02,True,99.0
2026-05-03 05:52:22.328330,notification-service,latency_spike,low,ap-south,41.85,71.97,395.7,False,
2026-03-09 08:05:22.328330,recommendation-engine,deployment_failure,critical,eu-west,72.39,69.31,306.03,True,187.0
2026-04-30 05:44:22.328330,auth-service,deployment_failure,high,us-east,68.16,72.51,132.67,False,
2026-04-13 22:51:22.328330,auth-service,api_timeout,medium,ap-south,68.51,82.43,153.12,True,215.0
2026-04-22 23:21:22.328330,search-api,network_issue,medium,us-east,86.37,68.9,148.98,True,109.0
2026-03-07 14:21:22.328330,auth-service,latency_spike,high,us-east,79.96,66.56,280.76,True,163.0
2026-04-07 16:20:22.328330,auth-service,cpu_overload,critical,eu-west,60.62,69.28,259.48,True,125.0
2026-05-06 14:31:22.328330,analytics-pipeline,cpu_overload,critical,ap-south,69.36,46.05,130.3,True,187.0
2026-04-13 19:45:22.328330,search-api,api_timeout,high,eu-west,78.94,68.41,178.1,True,147.0
2026-05-13 09:10:22.328330,payment-api,cpu_overload,medium,us-east,44.62,57.04,58.26,False,
2026-03-24 12:52:22.328330,search-api,deployment_failure,low,eu-west,63.48,62.82,142.67,False,
2026-04-02 19:19:22.328330,notification-service,api_timeout,high,us-east,63.98,74.37,387.46,False,
2026-05-06 16:38:22.328330,notification-service,latency_spike,medium,us-east,42.32,83.91,297.85,True,133.0
2026-04-03 20:53:22.328330,inventory-engine,api_timeout,medium,eu-west,53.31,72.44,183.39,False,
2026-03-15 01:56:22.328330,notification-service,api_timeout,medium,us-east,67.79,88.11,268.45,True,85.0
2026-05-14 17:02:22.328330,auth-service,api_timeout,high,ap-south,72.63,64.84,101.28,False,
2026-02-23 10:07:22.328330,recommendation-engine,cpu_overload,high,ap-south,61.87,84.48,97.83,False,
2026-04-01 16:10:22.328330,inventory-engine,api_timeout,medium,us-east,49.17,71.52,141.23,False,
2026-03-10 05:14:22.328330,auth-service,database_failure,critical,eu-west,53.11,64.92,110.75,True,43.0
2026-05-13 18:18:22.328330,auth-service,memory_leak,low,us-east,50.39,78.44,115.41,False,
2026-05-03 20:13:22.328330,search-api,api_timeout,critical,eu-west,41.03,62.44,278.56,False,
2026-05-15 00:24:22.328330,recommendation-engine,cpu_overload,critical,us-east,62.05,64.43,223.55,False,
2026-05-08 11:46:22.328330,analytics-pipeline,network_issue,medium,eu-west,38.81,75.94,250.67,False,
2026-05-10 05:05:22.328330,auth-service,deployment_failure,high,eu-west,58.86,82.07,129.8,True,196.0
2026-04-02 10:09:22.328330,analytics-pipeline,cpu_overload,medium,ap-south,81.92,71.85,193.08,True,139.0
2026-03-09 22:18:22.328330,notification-service,memory_leak,critical,eu-west,64.7,68.71,317.62,True,201.0
2026-04-03 09:22:22.328330,search-api,latency_spike,high,eu-west,48.85,60.85,302.9,False,
2026-03-17 17:10:22.328330,search-api,latency_spike,critical,us-east,56.07,80.81,355.95,True,219.0
2026-04-19 06:44:22.328330,auth-service,latency_spike,low,us-east,58.97,78.18,127.7,False,
2026-04-07 09:37:22.328330,search-api,cpu_overload,low,us-east,76.32,72.39,257.84,True,172.0
2026-03-23 01:56:22.328330,recommendation-engine,cpu_overload,medium,eu-west,55.32,50.07,260.26,True,210.0
2026-03-21 03:27:22.328330,inventory-engine,cpu_overload,low,ap-south,34.05,66.19,295.29,True,145.0
2026-02-21 02:03:22.328330,notification-service,api_timeout,low,us-east,67.88,93.38,302.01,False,
2026-05-02 12:38:22.328330,auth-service,deployment_failure,critical,eu-west,55.19,70.33,216.21,True,223.0
2026-04-29 18:38:22.328330,auth-service,api_timeout,critical,us-east,41.27,58.72,175.14,True,35.0
2026-04-21 13:19:22.328330,recommendation-engine,deployment_failure,critical,ap-south,34.46,70.57,200.07,False,
2026-02-25 11:16:22.328330,search-api,database_failure,medium,us-east,39.91,74.85,277.27,True,218.0
2026-04-15 06:47:22.328330,notification-service,memory_leak,critical,us-east,68.41,66.11,267.32,False,
2026-04-05 08:43:22.328330,inventory-engine,database_failure,critical,eu-west,75.2,73.69,154.03,False,
2026-03-05 21:52:22.328330,inventory-engine,database_failure,medium,us-east,69.15,84.35,172.27,False,
2026-05-10 06:28:22.328330,payment-api,database_failure,high,us-east,96.47,63.69,222.59,True,170.0
2026-03-17 06:24:22.328330,search-api,memory_leak,critical,ap-south,54.91,72.68,80.62,True,79.0
2026-04-06 02:40:22.328330,recommendation-engine,latency_spike,critical,us-east,56.81,56.89,230.83,True,37.0
2026-03-17 10:36:22.328330,inventory-engine,deployment_failure,medium,ap-south,79.92,77.75,30.27,False,
2026-04-21 20:01:22.328330,notification-service,latency_spike,low,eu-west,95.63,73.54,157.88,True,135.0
2026-04-10 01:16:22.328330,recommendation-engine,latency_spike,critical,ap-south,67.36,72.11,166.65,False,
2026-04-16 09:00:22.328330,inventory-engine,database_failure,low,ap-south,67.97,62.71,187.65,True,34.0
2026-03-12 07:50:22.328330,search-api,api_timeout,medium,eu-west,54.71,52.81,231.67,False,
2026-05-14 14:38:22.328330,payment-api,api_timeout,high,us-east,73.78,76.18,285.59,False,
2026-03-10 19:03:22.328330,search-api,api_timeout,high,us-east,69.87,63.61,287.17,True,59.0
2026-05-01 21:11:22.328330,payment-api,network_issue,high,ap-south,44.64,59.19,142.86,True,116.0
2026-03-31 02:09:22.328330,payment-api,latency_spike,critical,eu-west,81.2,81.31,258.98,True,48.0
2026-03-20 00:53:22.328330,recommendation-engine,api_timeout,critical,ap-south,81.08,59.45,247.89,False,
2026-04-21 04:02:22.328330,notification-service,deployment_failure,high,ap-south,63.12,80.16,210.78,False,
2026-03-06 11:45:22.328330,inventory-engine,latency_spike,medium,eu-west,59.23,76.49,290.09,True,53.0
2026-05-08 13:02:22.328330,analytics-pipeline,latency_spike,medium,eu-west,54.97,69.27,135.32,True,128.0
2026-03-20 16:34:22.328330,auth-service,network_issue,medium,us-east,27.53,72.41,268.71,True,27.0
2026-04-21 08:09:22.328330,analytics-pipeline,api_timeout,medium,us-east,68.93,46.61,191.93,False,
2026-05-16 17:51:22.328330,payment-api,memory_leak,medium,ap-south,31.72,86.44,133.12,False,
2026-02-19 23:55:22.328330,recommendation-engine,api_timeout,low,us-east,83.83,81.35,147.95,True,56.0
2026-04-21 21:26:22.328330,notification-service,deployment_failure,critical,eu-west,48.01,74.2,152.45,False,
2026-05-18 00:18:22.328330,payment-api,network_issue,critical,us-east,66.54,64.21,77.51,False,
2026-03-12 15:20:22.328330,notification-service,database_failure,high,eu-west,31.54,72.72,175.08,False,
2026-04-12 08:24:22.328330,recommendation-engine,database_failure,critical,eu-west,56.7,78.35,313.88,True,140.0
2026-05-16 23:58:22.328330,recommendation-engine,database_failure,high,ap-south,60.91,65.91,260.01,True,73.0
2026-02-26 10:59:22.328330,search-api,api_timeout,critical,eu-west,44.65,72.68,264.15,False,
2026-03-23 01:12:22.328330,search-api,cpu_overload,critical,ap-south,75.2,46.76,159.09,False,
2026-05-16 20:03:22.328330,auth-service,cpu_overload,medium,us-east,51.83,71.2,258.46,False,
2026-04-08 20:26:22.328330,auth-service,database_failure,medium,ap-south,87.45,64.06,180.19,False,
2026-02-23 19:57:22.328330,notification-service,deployment_failure,critical,eu-west,82.25,73.56,321.41,False,
2026-03-13 22:06:22.328330,search-api,api_timeout,critical,ap-south,69.33,56.11,113.35,False,
2026-03-07 06:41:22.328330,recommendation-engine,deployment_failure,medium,ap-south,41.73,77.94,315.09,True,77.0
2026-03-16 20:39:22.328330,search-api,latency_spike,critical,eu-west,92.74,80.12,313.03,True,56.0
2026-05-04 12:02:22.328330,notification-service,api_timeout,low,us-east,56.3,56.12,288.01,False,
2026-04-21 02:10:22.328330,auth-service,memory_leak,low,eu-west,71.27,71.29,250.99,False,
2026-02-27 13:08:22.328330,inventory-engine,cpu_overload,medium,eu-west,69.85,85.41,323.6,True,211.0
2026-05-12 22:26:22.328330,inventory-engine,api_timeout,low,ap-south,73.16,80.15,261.13,True,35.0
2026-03-28 13:50:22.328330,auth-service,api_timeout,high,us-east,58.08,79.08,108.44,False,
2026-03-09 16:47:22.328330,payment-api,deployment_failure,high,eu-west,80.81,55.67,242.86,True,185.0
2026-05-14 03:22:22.328330,recommendation-engine,deployment_failure,critical,eu-west,52.32,76.64,217.29,True,205.0
2026-03-24 03:42:22.328330,notification-service,deployment_failure,low,ap-south,41.08,75.05,173.77,True,134.0
2026-05-09 03:14:22.328330,auth-service,network_issue,low,eu-west,78.22,70.02,251.63,False,
2026-05-04 10:28:22.328330,search-api,cpu_overload,critical,ap-south,50.64,62.93,183.31,False,
2026-03-13 01:13:22.328330,analytics-pipeline,latency_spike,medium,ap-south,77.85,90.13,155.59,False,
2026-04-18 06:33:22.328330,analytics-pipeline,memory_leak,low,eu-west,81.15,43.96,124.46,False,
2026-02-19 11:18:22.328330,recommendation-engine,deployment_failure,low,eu-west,50.62,53.77,93.31,False,
2026-04-17 15:53:22.328330,inventory-engine,database_failure,medium,eu-west,71.19,67.43,250.35,False,
2026-04-14 19:55:22.328330,search-api,deployment_failure,critical,us-east,75.36,73.19,272.62,True,43.0
2026-03-11 04:06:22.328330,analytics-pipeline,database_failure,critical,eu-west,63.96,55.76,304.63,True,210.0
2026-04-09 16:44:22.328330,recommendation-engine,api_timeout,critical,ap-south,56.16,58.77,205.77,False,
2026-02-21 19:53:22.328330,payment-api,api_timeout,medium,eu-west,51.31,64.99,247.52,True,26.0
2026-04-17 22:28:22.328330,inventory-engine,api_timeout,medium,us-east,70.23,59.23,180.98,True,105.0
2026-03-10 15:02:22.328330,payment-api,network_issue,medium,ap-south,81.11,75.96,386.01,True,166.0
2026-02-18 12:34:22.328330,search-api,deployment_failure,high,us-east,82.7,83.73,108.97,False,
2026-02-27 02:29:22.328330,search-api,network_issue,high,ap-south,76.46,69.36,175.92,False,
2026-02-24 23:16:22.328330,inventory-engine,latency_spike,high,ap-south,67.52,81.34,260.07,True,184.0
2026-04-11 23:06:22.328330,recommendation-engine,network_issue,medium,ap-south,51.82,78.91,168.99,False,
2026-03-16 05:52:22.328330,inventory-engine,deployment_failure,critical,eu-west,68.25,66.36,202.49,False,
2026-05-11 01:24:22.328330,payment-api,database_failure,high,us-east,76.49,57.52,375.62,True,138.0
2026-03-30 12:08:22.328330,inventory-engine,memory_leak,low,ap-south,37.68,62.83,249.62,False,
2026-04-01 06:38:22.328330,inventory-engine,deployment_failure,medium,eu-west,73.76,68.79,215.41,True,232.0
2026-03-07 05:19:22.328330,notification-service,database_failure,high,eu-west,71.16,67.23,331.45,False,
2026-03-13 14:25:22.328330,recommendation-engine,database_failure,low,ap-south,77.59,80.47,142.71,True,220.0
2026-04-14 18:43:22.328330,inventory-engine,network_issue,high,eu-west,63.81,66.39,139.55,True,198.0
2026-03-20 11:28:22.328330,payment-api,api_timeout,high,ap-south,70.4,63.55,272.43,True,121.0
2026-04-17 21:00:22.328330,auth-service,deployment_failure,medium,us-east,48.95,90.63,148.29,False,
2026-04-22 19:56:22.328330,search-api,deployment_failure,medium,ap-south,68.29,79.5,174.35,False,
2026-04-01 10:17:22.328330,search-api,memory_leak,low,us-east,77.79,55.25,336.17,True,215.0
2026-03-08 20:44:22.328330,inventory-engine,api_timeout,low,eu-west,65.21,62.84,196.07,False,
2026-03-04 07:46:22.328330,recommendation-engine,latency_spike,low,eu-west,77.13,62.99,160.05,False,
2026-02-26 20:32:22.328330,auth-service,api_timeout,medium,us-east,61.68,55.88,365.64,True,99.0
2026-03-18 02:58:22.328330,notification-service,api_timeout,critical,us-east,56.5,79.98,236.76,False,
2026-03-21 19:08:22.328330,recommendation-engine,api_timeout,critical,ap-south,50.23,69.93,282.72,False,
2026-03-04 17:52:22.328330,auth-service,memory_leak,medium,us-east,62.18,84.32,301.72,False,
2026-05-06 22:52:22.328330,search-api,database_failure,low,ap-south,78.78,64.48,133.61,True,121.0
2026-04-05 15:27:22.328330,payment-api,network_issue,medium,ap-south,55.8,72.35,263.66,False,
2026-02-23 20:02:22.328330,payment-api,database_failure,critical,eu-west,32.43,69.9,232.65,True,99.0
2026-03-27 16:28:22.328330,inventory-engine,latency_spike,medium,eu-west,60.84,85.5,253.74,False,
2026-04-20 23:23:22.328330,inventory-engine,cpu_overload,high,us-east,84.65,67.41,295.0,True,207.0
2026-05-05 17:24:22.328330,auth-service,deployment_failure,critical,eu-west,89.53,85.74,132.63,False,
2026-02-26 19:20:22.328330,inventory-engine,memory_leak,medium,ap-south,61.19,65.86,259.14,False,
2026-05-18 12:57:22.328330,payment-api,database_failure,high,eu-west,75.3,59.93,225.43,True,111.0
2026-04-04 22:22:22.328330,notification-service,cpu_overload,critical,us-east,34.7,87.3,179.01,False,
2026-04-05 11:21:22.328330,analytics-pipeline,network_issue,medium,eu-west,65.84,66.28,311.68,False,
2026-03-10 09:36:22.328330,recommendation-engine,network_issue,critical,eu-west,22.44,69.8,211.53,False,
2026-05-10 14:24:22.328330,analytics-pipeline,database_failure,critical,us-east,58.2,90.71,149.01,True,235.0
2026-04-12 17:45:22.328330,inventory-engine,database_failure,low,ap-south,76.58,74.28,320.92,False,
2026-03-12 17:53:22.328330,inventory-engine,network_issue,low,eu-west,54.99,61.2,307.69,True,151.0
2026-03-22 09:01:22.328330,analytics-pipeline,deployment_failure,high,ap-south,71.38,51.46,176.86,True,169.0
2026-03-28 19:35:22.328330,payment-api,memory_leak,low,ap-south,70.8,80.05,165.66,True,197.0
2026-04-05 10:02:22.328330,notification-service,latency_spike,low,ap-south,21.29,76.28,122.37,True,9.0
2026-04-23 16:51:22.328330,analytics-pipeline,memory_leak,medium,ap-south,34.74,36.01,285.12,False,
2026-05-11 00:36:22.328330,analytics-pipeline,database_failure,high,us-east,66.93,67.29,331.12,True,130.0
2026-03-01 06:30:22.328330,payment-api,cpu_overload,critical,eu-west,74.56,89.4,108.58,False,
2026-05-16 12:57:22.328330,analytics-pipeline,database_failure,high,us-east,64.48,50.6,201.65,False,
2026-05-10 10:40:22.328330,payment-api,latency_spike,medium,us-east,61.27,77.52,223.65,True,51.0
2026-04-25 11:14:22.328330,analytics-pipeline,latency_spike,medium,us-east,74.35,78.44,392.39,False,
2026-03-17 23:04:22.328330,auth-service,latency_spike,high,eu-west,60.27,58.71,239.69,True,187.0
2026-05-13 09:43:22.328330,inventory-engine,api_timeout,low,us-east,52.97,87.78,197.34,True,110.0
2026-02-26 10:42:22.328330,inventory-engine,cpu_overload,critical,eu-west,56.52,64.34,277.47,True,56.0
2026-04-26 22:03:22.328330,analytics-pipeline,database_failure,medium,us-east,62.63,62.3,353.23,False,
2026-02-21 07:36:22.328330,payment-api,cpu_overload,low,us-east,52.16,70.43,272.18,False,
2026-03-29 09:12:22.328330,recommendation-engine,latency_spike,critical,eu-west,40.53,75.76,135.59,False,
2026-03-22 01:31:22.328330,auth-service,latency_spike,high,ap-south,77.34,58.45,275.42,True,68.0
2026-03-10 06:45:22.328330,notification-service,network_issue,medium,us-east,81.59,80.34,240.11,False,
2026-04-08 03:15:22.328330,payment-api,deployment_failure,medium,eu-west,61.53,63.08,337.68,False,
2026-03-30 12:54:22.328330,auth-service,deployment_failure,medium,ap-south,54.51,57.56,273.23,False,
2026-02-20 05:24:22.328330,notification-service,api_timeout,low,eu-west,53.06,58.6,104.51,False,
2026-02-20 05:55:22.328330,analytics-pipeline,database_failure,high,ap-south,57.76,69.01,239.45,True,5.0
2026-05-13 06:03:22.328330,recommendation-engine,cpu_overload,high,ap-south,79.27,76.32,204.73,False,
2026-04-16 17:49:22.328330,analytics-pipeline,network_issue,medium,ap-south,62.03,76.12,321.81,False,
2026-05-14 14:09:22.328330,auth-service,network_issue,low,us-east,66.89,64.37,140.57,True,106.0
2026-03-16 03:46:22.328330,payment-api,deployment_failure,medium,ap-south,43.32,78.0,266.24,False,
2026-02-27 18:53:22.328330,recommendation-engine,memory_leak,high,ap-south,73.66,68.46,332.55,False,
2026-03-21 21:58:22.328330,inventory-engine,deployment_failure,critical,us-east,57.74,81.46,216.9,True,174.0
2026-02-18 06:04:22.328330,inventory-engine,cpu_overload,medium,us-east,55.87,77.11,252.77,False,
2026-05-17 06:50:22.328330,search-api,memory_leak,low,ap-south,70.35,70.98,216.97,False,
2026-05-18 08:10:22.328330,payment-api,network_issue,medium,us-east,100.83,84.21,277.83,False,
2026-03-10 07:53:22.328330,recommendation-engine,database_failure,low,ap-south,66.68,82.09,261.44,True,142.0
2026-05-15 21:54:22.328330,analytics-pipeline,deployment_failure,critical,ap-south,65.39,66.36,213.53,True,95.0
2026-02-19 06:03:22.328330,analytics-pipeline,api_timeout,high,us-east,17.44,72.53,180.92,True,219.0
2026-03-09 19:52:22.328330,analytics-pipeline,network_issue,low,eu-west,88.89,70.23,124.88,False,
2026-04-15 00:11:22.328330,auth-service,api_timeout,low,eu-west,64.25,57.45,257.87,True,199.0
2026-04-23 03:22:22.328330,search-api,network_issue,high,eu-west,69.36,81.49,156.73,True,213.0
2026-03-23 21:25:22.328330,search-api,cpu_overload,medium,eu-west,65.51,53.62,276.12,False,
2026-02-19 16:25:22.328330,inventory-engine,latency_spike,high,us-east,72.78,75.95,220.13,True,6.0
2026-04-30 21:09:22.328330,analytics-pipeline,network_issue,critical,eu-west,71.22,89.25,197.19,False,
2026-03-27 22:17:22.328330,notification-service,api_timeout,medium,ap-south,67.08,56.97,150.54,True,173.0
2026-03-12 11:33:22.328330,notification-service,network_issue,medium,eu-west,66.47,83.25,199.5,True,195.0
2026-05-12 19:24:22.328330,auth-service,cpu_overload,medium,ap-south,61.46,65.12,177.22,False,
2026-05-01 06:24:22.328330,analytics-pipeline,network_issue,low,ap-south,69.42,52.03,322.48,False,
2026-03-17 18:32:22.328330,notification-service,api_timeout,low,us-east,55.02,78.66,118.4,True,223.0
2026-02-22 06:45:22.328330,inventory-engine,api_timeout,critical,us-east,75.03,78.06,250.74,True,179.0
2026-04-01 13:17:22.328330,recommendation-engine,api_timeout,high,ap-south,50.08,72.99,125.36,True,231.0
2026-03-14 01:59:22.328330,auth-service,latency_spike,high,us-east,61.21,82.35,283.74,False,
2026-04-19 22:40:22.328330,payment-api,api_timeout,medium,us-east,65.23,58.3,271.65,True,230.0
2026-03-27 16:21:22.328330,analytics-pipeline,latency_spike,medium,ap-south,65.29,42.16,282.61,False,
2026-02-20 13:13:22.328330,payment-api,memory_leak,medium,eu-west,64.64,84.43,132.38,False,
2026-04-20 10:33:22.328330,payment-api,network_issue,low,eu-west,17.35,73.35,243.33,False,
2026-04-09 09:54:22.328330,analytics-pipeline,latency_spike,high,us-east,39.64,58.26,440.42,True,32.0
2026-04-05 14:58:22.328330,auth-service,cpu_overload,low,us-east,60.42,78.77,167.95,True,23.0
2026-03-09 02:51:22.328330,notification-service,database_failure,critical,eu-west,33.65,67.96,198.75,False,
2026-03-27 00:48:22.328330,payment-api,latency_spike,low,eu-west,59.0,68.62,241.14,False,
2026-04-20 05:08:22.328330,analytics-pipeline,network_issue,low,eu-west,62.75,54.83,258.89,True,240.0
2026-03-06 16:40:22.328330,recommendation-engine,latency_spike,high,ap-south,35.76,45.4,279.13,False,
2026-05-12 17:47:22.328330,payment-api,network_issue,low,ap-south,72.61,69.31,108.36,True,80.0
2026-03-02 08:49:22.328330,recommendation-engine,api_timeout,low,ap-south,54.38,66.85,92.33,False,
2026-04-27 12:16:22.328330,analytics-pipeline,database_failure,low,us-east,53.91,77.83,334.18,False,
2026-04-06 11:26:22.328330,analytics-pipeline,api_timeout,low,us-east,58.71,79.08,66.88,True,121.0
2026-04-01 15:38:22.328330,inventory-engine,database_failure,medium,eu-west,74.89,60.35,244.59,True,8.0
2026-03-25 13:20:22.328330,search-api,latency_spike,medium,ap-south,61.28,85.84,150.05,True,168.0
2026-04-02 09:48:22.328330,inventory-engine,cpu_overload,critical,us-east,74.41,66.65,207.34,False,
2026-05-01 19:21:22.328330,auth-service,memory_leak,low,eu-west,62.24,59.85,218.87,True,84.0
2026-03-26 12:36:22.328330,recommendation-engine,database_failure,high,us-east,64.06,72.89,226.76,True,42.0
2026-04-05 23:49:22.328330,inventory-engine,database_failure,high,us-east,76.97,81.08,135.95,False,
2026-02-19 09:55:22.328330,payment-api,database_failure,medium,eu-west,78.03,55.76,267.03,True,134.0
2026-03-05 03:58:22.328330,analytics-pipeline,database_failure,low,us-east,74.3,47.06,227.44,False,
2026-04-30 22:38:22.328330,auth-service,network_issue,medium,eu-west,57.97,60.89,328.07,False,
2026-05-01 11:51:22.328330,search-api,api_timeout,critical,ap-south,55.19,60.32,226.06,False,
2026-03-02 04:16:22.328330,notification-service,database_failure,high,ap-south,75.28,68.3,313.31,False,
2026-04-10 14:51:22.328330,inventory-engine,memory_leak,low,us-east,72.96,43.86,177.64,True,131.0
2026-04-28 18:13:22.328330,payment-api,network_issue,medium,ap-south,56.57,75.75,10.01,True,124.0
2026-03-22 22:32:22.328330,auth-service,memory_leak,critical,ap-south,103.24,76.37,231.91,False,
2026-03-06 06:00:22.328330,search-api,api_timeout,medium,us-east,82.72,98.12,289.66,True,216.0
2026-05-18 02:49:22.328330,inventory-engine,latency_spike,low,us-east,79.23,71.57,208.68,True,147.0
2026-05-08 05:52:22.328330,auth-service,cpu_overload,critical,eu-west,57.86,60.09,165.04,False,
2026-05-14 17:36:22.328330,payment-api,memory_leak,medium,us-east,44.74,69.09,85.23,True,61.0
2026-02-27 03:22:22.328330,inventory-engine,network_issue,medium,us-east,67.86,69.56,231.75,True,50.0
2026-04-30 21:22:22.328330,payment-api,memory_leak,high,eu-west,57.17,106.92,328.81,True,217.0
2026-03-18 01:35:22.328330,auth-service,api_timeout,low,us-east,46.33,72.79,171.36,True,83.0
2026-04-07 04:55:22.328330,auth-service,cpu_overload,high,ap-south,49.78,53.92,254.58,True,139.0
2026-02-18 19:00:22.328330,analytics-pipeline,database_failure,critical,ap-south,54.78,81.61,299.5,True,35.0
2026-05-05 13:59:22.328330,auth-service,deployment_failure,medium,eu-west,85.61,59.77,258.03,False,
2026-03-16 12:40:22.328330,inventory-engine,cpu_overload,critical,ap-south,74.49,64.31,158.26,True,240.0
2026-05-14 12:36:22.328330,analytics-pipeline,database_failure,medium,ap-south,89.14,72.73,270.88,False,
2026-03-07 20:38:22.328330,auth-service,cpu_overload,medium,eu-west,52.67,55.37,174.44,False,
2026-02-28 06:44:22.328330,auth-service,deployment_failure,critical,eu-west,63.14,57.23,219.21,True,205.0
2026-04-05 21:19:22.328330,analytics-pipeline,network_issue,low,eu-west,39.67,56.56,273.67,False,
2026-03-11 08:15:22.328330,search-api,deployment_failure,high,us-east,74.06,65.3,138.58,False,
2026-05-02 10:29:22.328330,inventory-engine,network_issue,high,ap-south,49.59,65.52,271.56,False,
2026-03-14 14:09:22.328330,recommendation-engine,api_timeout,high,ap-south,78.92,64.04,127.72,False,
2026-03-21 15:33:22.328330,analytics-pipeline,database_failure,low,eu-west,69.02,60.12,178.54,True,234.0
2026-04-30 06:03:22.328330,recommendation-engine,deployment_failure,medium,us-east,84.88,79.93,232.64,True,83.0
2026-04-10 01:02:22.328330,recommendation-engine,database_failure,medium,us-east,45.92,72.54,305.01,False,
2026-03-29 14:49:22.328330,payment-api,memory_leak,low,us-east,59.37,86.21,323.42,False,
2026-04-01 12:08:22.328330,inventory-engine,memory_leak,low,us-east,89.96,73.66,266.99,False,
2026-04-09 22:40:22.328330,recommendation-engine,api_timeout,critical,us-east,86.21,75.37,179.9,False,
2026-03-06 12:02:22.328330,recommendation-engine,cpu_overload,high,us-east,58.27,72.86,116.76,True,50.0
2026-04-08 12:38:22.328330,auth-service,cpu_overload,low,us-east,62.85,83.16,44.7,True,80.0
2026-03-03 00:49:22.328330,notification-service,database_failure,low,us-east,88.02,83.47,183.22,True,30.0
2026-05-07 22:27:22.328330,payment-api,cpu_overload,low,ap-south,73.15,70.04,318.4,True,90.0
2026-04-30 19:56:22.328330,search-api,cpu_overload,high,us-east,79.74,53.2,266.98,False,
2026-05-01 09:03:22.328330,search-api,database_failure,medium,ap-south,61.92,70.99,161.75,False,
2026-05-17 22:52:22.328330,analytics-pipeline,cpu_overload,high,us-east,91.22,82.48,160.82,False,
2026-02-21 15:21:22.328330,recommendation-engine,deployment_failure,low,us-east,44.98,65.37,254.76,True,226.0
2026-04-12 13:09:22.328330,auth-service,memory_leak,medium,us-east,68.6,85.04,283.19,True,137.0
2026-03-26 07:11:22.328330,analytics-pipeline,database_failure,critical,ap-south,79.54,73.92,108.86,False,
2026-04-17 17:20:22.328330,analytics-pipeline,latency_spike,high,eu-west,62.06,82.72,215.88,False,
2026-03-09 15:08:22.328330,search-api,api_timeout,medium,us-east,72.55,66.18,137.62,False,
2026-03-02 02:13:22.328330,notification-service,latency_spike,high,eu-west,63.15,73.71,167.54,True,83.0
2026-02-21 20:43:22.328330,search-api,latency_spike,critical,ap-south,61.46,58.73,309.54,False,
2026-04-17 19:09:22.328330,auth-service,api_timeout,critical,ap-south,60.58,87.43,342.3,False,
2026-03-10 07:03:22.328330,analytics-pipeline,network_issue,high,us-east,63.78,57.9,53.13,True,150.0
2026-03-08 05:52:22.328330,payment-api,memory_leak,medium,us-east,42.92,53.51,330.28,False,
2026-02-18 12:17:22.328330,recommendation-engine,memory_leak,critical,eu-west,66.74,74.68,42.37,False,
2026-05-01 14:05:22.328330,recommendation-engine,latency_spike,high,ap-south,47.03,80.64,242.94,False,
2026-03-21 13:35:22.328330,inventory-engine,latency_spike,medium,eu-west,62.79,76.78,350.86,True,13.0
2026-03-04 12:03:22.328330,search-api,database_failure,critical,eu-west,61.68,70.83,235.41,True,55.0
2026-05-12 09:42:22.328330,recommendation-engine,cpu_overload,medium,eu-west,100.88,44.81,274.66,False,
2026-03-19 16:39:22.328330,notification-service,latency_spike,critical,eu-west,63.28,76.8,167.41,False,
2026-04-01 12:46:22.328330,payment-api,memory_leak,high,us-east,64.27,78.54,469.03,False,
2026-05-04 10:28:22.328330,payment-api,memory_leak,critical,us-east,77.12,59.82,186.1,True,104.0
2026-02-20 19:04:22.328330,analytics-pipeline,memory_leak,medium,eu-west,58.2,48.45,193.59,False,
2026-04-09 09:21:22.328330,analytics-pipeline,network_issue,critical,eu-west,75.99,54.71,303.88,False,
2026-03-26 06:07:22.328330,auth-service,database_failure,critical,us-east,72.32,61.19,208.68,True,6.0
2026-05-05 17:48:22.328330,recommendation-engine,latency_spike,critical,ap-south,88.97,78.8,220.7,True,139.0
2026-04-18 19:02:22.328330,notification-service,api_timeout,critical,us-east,61.43,70.92,179.06,True,193.0
2026-05-10 10:29:22.328330,inventory-engine,network_issue,critical,us-east,33.43,94.51,232.43,False,
2026-04-13 03:10:22.328330,notification-service,deployment_failure,medium,us-east,70.97,69.31,161.19,True,50.0
2026-02-25 19:30:22.328330,notification-service,network_issue,critical,us-east,62.21,50.81,402.17,False,
2026-02-24 19:46:22.328330,search-api,memory_leak,low,us-east,46.48,57.62,184.78,True,66.0
2026-02-27 03:01:22.328330,analytics-pipeline,memory_leak,high,ap-south,84.32,70.17,121.11,False,
2026-03-19 01:10:22.328330,payment-api,network_issue,medium,us-east,83.82,78.77,263.07,False,
2026-03-10 09:12:22.328330,notification-service,latency_spike,high,eu-west,75.74,98.73,394.81,True,134.0
2026-03-09 22:59:22.328330,analytics-pipeline,cpu_overload,critical,us-east,54.7,89.49,250.65,True,69.0
2026-04-29 20:30:22.328330,notification-service,latency_spike,critical,eu-west,72.49,49.69,206.37,True,168.0
2026-03-16 12:23:22.328330,search-api,network_issue,critical,us-east,52.81,79.94,305.69,False,
2026-03-11 19:56:22.328330,recommendation-engine,deployment_failure,medium,us-east,33.88,69.74,309.75,True,7.0
2026-04-25 22:03:22.328330,payment-api,network_issue,medium,us-east,62.2,78.75,248.09,False,
2026-04-04 14:32:22.328330,recommendation-engine,latency_spike,low,ap-south,70.12,66.74,122.67,True,187.0
2026-02-21 06:10:22.328330,recommendation-engine,memory_leak,critical,us-east,48.18,78.51,221.56,True,48.0
2026-03-03 09:47:22.328330,payment-api,database_failure,low,eu-west,62.92,64.91,195.58,False,
2026-05-07 10:18:22.328330,notification-service,network_issue,critical,eu-west,80.7,65.98,112.71,True,176.0
2026-03-10 05:25:22.328330,payment-api,network_issue,high,eu-west,76.15,67.54,222.51,False,
2026-04-16 03:15:22.328330,auth-service,memory_leak,low,ap-south,89.11,69.75,243.13,True,118.0
2026-03-16 07:27:22.328330,payment-api,deployment_failure,low,us-east,47.32,67.36,268.76,False,
2026-04-08 07:36:22.328330,payment-api,database_failure,low,eu-west,41.67,72.41,228.06,False,
2026-03-09 21:43:22.328330,auth-service,memory_leak,high,eu-west,65.62,82.45,246.76,True,28.0
2026-05-17 06:28:22.328330,recommendation-engine,latency_spike,low,us-east,87.17,58.08,230.87,True,179.0
2026-03-18 20:10:22.328330,payment-api,memory_leak,low,ap-south,66.27,57.17,296.5,True,190.0
2026-05-03 12:35:22.328330,payment-api,api_timeout,low,us-east,99.87,69.8,260.4,False,
2026-03-28 13:41:22.328330,search-api,memory_leak,medium,ap-south,66.27,61.44,74.34,False,
2026-02-22 06:24:22.328330,recommendation-engine,latency_spike,medium,eu-west,54.41,53.3,356.33,True,96.0
2026-04-19 07:06:22.328330,auth-service,latency_spike,critical,ap-south,63.27,65.85,291.13,False,
2026-05-17 15:20:22.328330,recommendation-engine,memory_leak,critical,eu-west,48.17,60.8,225.45,True,173.0
2026-03-05 12:56:22.328330,inventory-engine,network_issue,high,eu-west,80.43,76.02,239.87,True,231.0
2026-04-28 20:03:22.328330,recommendation-engine,cpu_overload,critical,eu-west,66.17,74.8,236.13,True,69.0
2026-02-20 10:28:22.328330,payment-api,database_failure,high,ap-south,49.55,70.55,134.1,False,
2026-03-18 00:37:22.328330,analytics-pipeline,network_issue,medium,us-east,66.22,64.23,423.15,True,167.0
2026-03-10 09:31:22.328330,search-api,cpu_overload,critical,eu-west,64.4,53.15,209.27,False,
2026-05-17 02:57:22.328330,notification-service,database_failure,critical,us-east,72.79,90.08,172.84,True,133.0
2026-03-26 06:10:22.328330,search-api,latency_spike,medium,eu-west,41.26,79.8,109.55,True,84.0
2026-04-27 05:06:22.328330,search-api,api_timeout,medium,ap-south,58.46,66.91,214.43,True,20.0
2026-05-06 05:01:22.328330,inventory-engine,api_timeout,high,eu-west,75.34,61.8,198.1,True,101.0
2026-04-30 03:01:22.328330,search-api,latency_spike,medium,ap-south,64.79,71.8,227.83,False,
2026-03-12 10:35:22.328330,inventory-engine,memory_leak,high,us-east,71.54,80.13,251.41,True,138.0
2026-03-07 15:50:22.328330,recommendation-engine,network_issue,high,eu-west,71.8,51.01,224.02,True,221.0
2026-03-13 00:31:22.328330,inventory-engine,cpu_overload,medium,eu-west,72.19,78.75,164.61,True,237.0
2026-02-24 04:49:22.328330,search-api,memory_leak,medium,ap-south,55.11,63.11,262.91,False,
2026-04-01 06:20:22.328330,inventory-engine,memory_leak,critical,ap-south,80.51,65.11,292.64,True,21.0
2026-02-28 13:15:22.328330,recommendation-engine,latency_spike,medium,eu-west,66.85,68.51,203.09,True,57.0
2026-05-07 07:13:22.328330,payment-api,memory_leak,medium,eu-west,76.2,73.91,402.07,True,114.0
2026-03-13 17:45:22.328330,recommendation-engine,cpu_overload,medium,ap-south,52.22,76.22,177.66,True,67.0
2026-04-10 03:14:22.328330,auth-service,database_failure,medium,us-east,51.96,69.87,230.99,False,
2026-03-27 06:18:22.328330,recommendation-engine,network_issue,medium,us-east,108.77,67.79,129.59,False,
2026-05-11 10:43:22.328330,inventory-engine,api_timeout,critical,eu-west,69.1,45.1,212.64,False,
2026-04-08 13:18:22.328330,recommendation-engine,database_failure,critical,eu-west,65.24,79.54,297.89,False,
2026-05-16 22:14:22.328330,analytics-pipeline,api_timeout,critical,eu-west,57.45,68.19,158.71,False,
2026-03-25 13:19:22.328330,notification-service,memory_leak,medium,us-east,48.08,73.72,118.11,False,
2026-04-06 12:39:22.328330,inventory-engine,api_timeout,high,us-east,58.78,58.06,263.97,False,
2026-05-12 04:21:22.328330,inventory-engine,memory_leak,critical,eu-west,92.02,54.38,71.76,True,239.0
2026-05-01 11:16:22.328330,payment-api,latency_spike,high,us-east,63.13,70.19,237.49,False,
2026-02-23 11:18:22.328330,recommendation-engine,api_timeout,high,us-east,58.31,67.59,249.4,False,
2026-04-20 17:05:22.328330,search-api,database_failure,low,us-east,80.61,46.54,190.48,True,240.0
2026-05-07 09:35:22.328330,recommendation-engine,database_failure,medium,eu-west,68.21,58.98,358.49,False,
2026-02-20 14:42:22.328330,inventory-engine,deployment_failure,high,ap-south,55.47,69.5,264.48,False,
2026-03-21 22:22:22.328330,search-api,cpu_overload,low,ap-south,56.13,47.84,185.71,False,
2026-02-23 09:30:22.328330,recommendation-engine,network_issue,medium,eu-west,80.44,65.96,152.29,False,
2026-05-15 14:08:22.328330,analytics-pipeline,cpu_overload,low,ap-south,78.89,66.03,179.19,True,71.0
2026-03-24 14:55:22.328330,recommendation-engine,network_issue,medium,us-east,67.24,79.25,410.54,True,159.0
2026-03-27 02:06:22.328330,search-api,deployment_failure,medium,eu-west,77.41,83.92,179.52,True,202.0
2026-05-10 07:52:22.328330,search-api,network_issue,critical,us-east,49.61,70.75,228.57,True,137.0
2026-02-24 21:42:22.328330,auth-service,api_timeout,medium,us-east,48.82,67.9,251.95,False,
2026-03-16 18:10:22.328330,inventory-engine,database_failure,critical,ap-south,70.41,76.05,243.28,False,
2026-03-12 22:12:22.328330,recommendation-engine,deployment_failure,low,eu-west,57.39,63.83,124.08,False,
2026-03-05 14:48:22.328330,auth-service,cpu_overload,medium,ap-south,91.77,70.16,202.01,False,
2026-03-16 02:30:22.328330,inventory-engine,latency_spike,medium,us-east,51.07,105.23,134.13,True,29.0
2026-05-12 08:56:22.328330,analytics-pipeline,network_issue,critical,ap-south,58.57,74.99,268.02,False,
2026-03-20 03:41:22.328330,inventory-engine,network_issue,critical,eu-west,79.37,91.69,260.49,True,100.0
2026-05-01 18:19:22.328330,search-api,memory_leak,medium,us-east,49.16,66.92,244.63,True,133.0
2026-02-21 09:31:22.328330,payment-api,api_timeout,medium,eu-west,96.02,53.23,316.21,True,20.0
2026-03-11 11:18:22.328330,auth-service,deployment_failure,medium,us-east,67.7,80.05,211.84,False,
2026-04-08 14:43:22.328330,search-api,database_failure,low,ap-south,52.36,79.01,272.35,True,25.0
2026-04-22 01:10:22.328330,payment-api,api_timeout,low,us-east,79.58,69.84,172.01,True,92.0
2026-05-16 00:42:22.328330,notification-service,memory_leak,critical,us-east,41.62,79.83,253.91,True,7.0
2026-05-13 04:08:22.328330,inventory-engine,deployment_failure,low,ap-south,50.51,63.54,182.66,True,29.0
2026-04-29 12:25:22.328330,notification-service,deployment_failure,low,us-east,42.76,60.19,129.29,False,
2026-02-22 21:15:22.328330,recommendation-engine,api_timeout,high,ap-south,58.81,61.14,89.84,False,
2026-04-18 02:18:22.328330,inventory-engine,network_issue,high,us-east,95.34,85.03,157.68,True,97.0
2026-03-19 04:37:22.328330,recommendation-engine,api_timeout,low,us-east,69.09,75.01,315.29,False,
2026-03-06 08:11:22.328330,payment-api,latency_spike,critical,ap-south,52.72,83.11,176.17,False,
2026-03-13 17:14:22.328330,analytics-pipeline,memory_leak,low,ap-south,44.96,78.69,323.26,True,227.0
2026-03-31 10:20:22.328330,inventory-engine,network_issue,medium,us-east,103.82,55.6,275.91,False,
2026-03-23 10:42:22.328330,search-api,network_issue,critical,ap-south,58.85,79.4,102.36,False,
2026-03-19 15:13:22.328330,auth-service,latency_spike,high,eu-west,46.06,60.69,226.32,False,
2026-02-28 05:28:22.328330,payment-api,deployment_failure,high,ap-south,55.38,77.91,302.15,False,
2026-04-27 11:18:22.328330,notification-service,api_timeout,critical,ap-south,73.99,89.43,253.27,True,94.0
2026-04-09 18:43:22.328330,recommendation-engine,network_issue,low,ap-south,46.75,86.36,171.59,False,
2026-04-21 23:33:22.328330,notification-service,memory_leak,medium,ap-south,78.66,88.88,256.54,True,37.0
2026-04-03 09:46:22.328330,analytics-pipeline,latency_spike,high,ap-south,42.56,58.98,325.82,False,
2026-05-03 10:23:22.328330,recommendation-engine,latency_spike,critical,ap-south,62.46,70.95,280.71,True,67.0
2026-04-29 11:10:22.328330,auth-service,deployment_failure,low,eu-west,75.44,73.35,203.31,False,
2026-03-14 13:54:22.328330,payment-api,memory_leak,high,us-east,60.31,80.29,264.29,False,
2026-04-28 16:05:22.328330,search-api,cpu_overload,critical,ap-south,61.14,82.99,209.68,True,175.0
2026-05-06 08:57:22.328330,notification-service,network_issue,critical,eu-west,52.23,60.89,141.7,False,
2026-02-28 08:44:22.328330,auth-service,database_failure,low,ap-south,60.91,84.8,155.59,False,
2026-04-14 09:55:22.328330,search-api,network_issue,critical,ap-south,67.83,62.12,199.18,False,
2026-03-06 03:26:22.328330,auth-service,memory_leak,high,eu-west,42.35,67.35,204.5,False,
2026-05-10 17:58:22.328330,payment-api,latency_spike,high,ap-south,73.1,72.68,124.13,True,195.0
2026-02-21 23:40:22.328330,payment-api,database_failure,high,eu-west,81.26,72.52,235.87,False,
2026-02-20 21:19:22.328330,recommendation-engine,database_failure,low,us-east,64.86,63.79,237.42,True,156.0
2026-03-30 23:28:22.328330,auth-service,deployment_failure,critical,us-east,72.13,49.04,176.9,False,
2026-03-09 12:37:22.328330,inventory-engine,deployment_failure,medium,ap-south,61.18,73.07,315.46,True,32.0
2026-04-12 17:56:22.328330,payment-api,database_failure,critical,us-east,53.42,64.02,179.0,True,213.0
2026-02-21 21:44:22.328330,inventory-engine,deployment_failure,medium,us-east,52.98,65.83,281.66,False,
2026-05-05 07:27:22.328330,notification-service,cpu_overload,medium,ap-south,49.19,75.13,83.85,True,158.0
2026-04-19 14:09:22.328330,inventory-engine,database_failure,low,us-east,56.58,66.05,353.99,False,
2026-03-22 06:54:22.328330,analytics-pipeline,memory_leak,critical,us-east,60.88,43.59,60.09,False,
2026-05-13 09:02:22.328330,analytics-pipeline,cpu_overload,medium,ap-south,65.51,77.37,250.04,True,222.0
2026-03-13 01:00:22.328330,analytics-pipeline,memory_leak,low,eu-west,67.51,83.95,176.83,False,
2026-03-13 12:29:22.328330,recommendation-engine,cpu_overload,medium,eu-west,78.42,50.42,147.6,False,
2026-04-18 00:25:22.328330,recommendation-engine,network_issue,critical,us-east,37.89,66.7,216.3,False,
2026-04-13 03:13:22.328330,payment-api,database_failure,high,us-east,66.71,70.74,145.8,True,184.0
2026-03-01 19:00:22.328330,notification-service,api_timeout,low,eu-west,62.15,52.03,329.06,False,
2026-03-11 06:09:22.328330,analytics-pipeline,database_failure,low,ap-south,60.45,64.13,347.12,False,
2026-04-07 02:01:22.328330,search-api,memory_leak,medium,us-east,46.37,56.49,132.3,False,
2026-04-22 05:38:22.328330,auth-service,memory_leak,medium,ap-south,63.98,75.18,279.17,True,193.0
2026-03-20 10:51:22.328330,payment-api,cpu_overload,low,ap-south,103.58,43.01,268.7,True,101.0
2026-02-21 05:20:22.328330,recommendation-engine,network_issue,medium,eu-west,56.64,62.96,170.42,True,96.0
2026-02-19 01:26:22.328330,recommendation-engine,memory_leak,low,eu-west,51.37,90.21,287.38,False,
2026-03-25 17:13:22.328330,recommendation-engine,memory_leak,critical,eu-west,65.35,86.21,99.0,True,35.0
2026-04-26 19:21:22.328330,recommendation-engine,api_timeout,high,ap-south,45.04,43.86,164.05,True,172.0
2026-03-11 21:36:22.328330,recommendation-engine,deployment_failure,low,us-east,67.43,71.23,231.95,False,
2026-04-23 16:17:22.328330,search-api,network_issue,critical,us-east,43.83,79.64,239.17,True,35.0
2026-05-08 02:44:22.328330,payment-api,latency_spike,critical,ap-south,76.0,47.29,244.92,True,10.0
2026-03-26 07:31:22.328330,notification-service,database_failure,critical,us-east,47.18,65.23,262.75,True,208.0
2026-03-25 18:21:22.328330,auth-service,api_timeout,critical,ap-south,66.37,59.78,220.5,False,
2026-04-21 13:43:22.328330,notification-service,memory_leak,low,us-east,42.03,83.8,203.58,True,187.0
2026-02-25 00:02:22.328330,analytics-pipeline,deployment_failure,medium,us-east,81.78,63.68,178.11,True,105.0
2026-03-29 02:47:22.328330,analytics-pipeline,database_failure,critical,eu-west,53.54,80.51,163.25,True,197.0
2026-03-11 04:35:22.328330,auth-service,network_issue,low,eu-west,74.67,65.41,61.92,True,6.0
2026-03-29 05:42:22.328330,recommendation-engine,deployment_failure,high,eu-west,56.45,55.85,222.71,True,37.0
2026-03-27 09:13:22.328330,auth-service,network_issue,medium,eu-west,47.14,81.11,212.71,False,
2026-03-02 05:29:22.328330,analytics-pipeline,latency_spike,low,eu-west,62.34,77.87,297.11,False,
2026-04-15 15:18:22.328330,notification-service,memory_leak,critical,ap-south,64.7,60.75,78.08,True,68.0
2026-04-21 08:50:22.328330,payment-api,database_failure,high,ap-south,54.71,62.59,228.56,False,
2026-05-05 23:59:22.328330,notification-service,api_timeout,high,ap-south,59.82,78.26,170.96,False,
2026-03-24 13:18:22.328330,notification-service,database_failure,medium,ap-south,64.14,84.21,247.35,True,174.0
2026-03-05 02:42:22.328330,payment-api,memory_leak,low,eu-west,64.1,62.78,169.34,True,81.0
2026-03-01 19:22:22.328330,analytics-pipeline,memory_leak,medium,ap-south,52.24,63.51,280.45,True,156.0
2026-04-16 01:07:22.328330,inventory-engine,memory_leak,critical,eu-west,61.67,53.8,361.45,False,
2026-04-25 00:03:22.328330,recommendation-engine,network_issue,medium,us-east,69.8,53.12,184.65,False,
2026-05-11 03:38:22.328330,inventory-engine,network_issue,critical,ap-south,66.66,90.46,131.35,True,142.0
2026-04-30 04:23:22.328330,payment-api,network_issue,high,ap-south,79.64,86.79,169.71,True,187.0
2026-04-14 20:33:22.328330,notification-service,network_issue,medium,us-east,60.84,57.56,203.72,True,85.0
2026-03-08 00:34:22.328330,recommendation-engine,api_timeout,low,ap-south,64.45,77.92,307.21,True,24.0
2026-04-24 03:25:22.328330,payment-api,database_failure,low,ap-south,53.78,46.39,218.3,False,
2026-05-12 17:25:22.328330,inventory-engine,network_issue,low,us-east,69.4,72.99,193.87,False,
2026-03-08 21:47:22.328330,inventory-engine,memory_leak,medium,us-east,66.87,88.19,250.54,True,30.0
2026-04-14 09:36:22.328330,auth-service,api_timeout,low,eu-west,59.4,64.0,206.41,True,139.0
2026-03-13 10:27:22.328330,inventory-engine,database_failure,critical,eu-west,89.55,67.8,218.42,False,
2026-03-15 23:20:22.328330,notification-service,deployment_failure,high,ap-south,57.77,83.19,376.79,False,
2026-03-24 10:29:22.328330,payment-api,latency_spike,medium,us-east,71.76,70.99,222.94,False,
2026-05-02 06:49:22.328330,inventory-engine,deployment_failure,critical,us-east,29.24,78.94,230.73,True,71.0
2026-05-17 20:46:22.328330,search-api,database_failure,medium,ap-south,71.43,61.46,189.24,True,41.0
2026-04-14 06:00:22.328330,notification-service,network_issue,high,eu-west,58.83,82.26,189.7,False,
2026-03-15 07:57:22.328330,analytics-pipeline,memory_leak,critical,ap-south,96.24,75.17,117.95,False,
2026-05-02 01:31:22.328330,recommendation-engine,cpu_overload,critical,ap-south,63.07,62.18,44.45,False,
2026-04-23 14:58:22.328330,recommendation-engine,database_failure,medium,us-east,88.99,78.44,262.66,True,83.0
2026-04-11 17:28:22.328330,analytics-pipeline,cpu_overload,low,ap-south,67.48,53.42,181.31,True,24.0
2026-03-13 06:54:22.328330,auth-service,latency_spike,medium,ap-south,77.63,57.39,17.46,True,26.0
2026-03-12 01:30:22.328330,inventory-engine,database_failure,critical,eu-west,61.59,68.3,230.85,False,
2026-03-18 02:30:22.328330,notification-service,network_issue,medium,us-east,75.93,77.65,240.7,False,
2026-04-01 20:27:22.328330,search-api,network_issue,low,us-east,82.93,51.77,260.37,True,162.0
2026-05-01 10:03:22.328330,analytics-pipeline,network_issue,low,ap-south,74.4,55.13,99.77,False,
2026-03-15 18:40:22.328330,notification-service,network_issue,high,eu-west,53.81,62.06,280.27,True,160.0
2026-04-07 21:25:22.328330,auth-service,network_issue,medium,eu-west,55.78,59.72,171.07,True,98.0
2026-03-03 07:47:22.328330,auth-service,database_failure,high,eu-west,81.78,70.16,205.66,False,
2026-04-03 15:03:22.328330,recommendation-engine,memory_leak,high,eu-west,63.35,85.5,160.07,False,
2026-02-24 12:45:22.328330,search-api,memory_leak,low,us-east,84.73,72.53,207.17,False,
2026-04-04 18:06:22.328330,inventory-engine,cpu_overload,medium,eu-west,102.51,57.33,191.71,False,
2026-04-28 22:27:22.328330,inventory-engine,network_issue,low,us-east,46.51,81.43,355.14,False,
2026-05-13 11:54:22.328330,inventory-engine,latency_spike,critical,us-east,90.05,84.69,204.19,False,
2026-04-16 12:25:22.328330,payment-api,latency_spike,high,ap-south,59.52,49.95,382.87,True,107.0
2026-04-16 11:01:22.328330,payment-api,latency_spike,critical,us-east,72.03,64.1,326.24,True,26.0
2026-03-31 13:41:22.328330,notification-service,memory_leak,critical,eu-west,50.41,74.88,206.19,False,
2026-05-18 02:25:22.328330,auth-service,deployment_failure,high,eu-west,74.58,69.24,103.93,False,
2026-04-12 17:50:22.328330,inventory-engine,cpu_overload,high,us-east,66.13,82.59,217.66,True,142.0
2026-03-05 20:40:22.328330,inventory-engine,latency_spike,critical,ap-south,76.63,57.45,217.9,False,
2026-05-03 23:59:22.328330,auth-service,cpu_overload,critical,eu-west,55.63,78.96,222.52,False,
2026-02-27 07:18:22.328330,analytics-pipeline,network_issue,medium,eu-west,75.35,83.05,275.33,True,77.0
2026-05-15 01:34:22.328330,auth-service,api_timeout,critical,ap-south,69.1,58.02,219.78,False,
2026-02-25 17:15:22.328330,payment-api,memory_leak,medium,us-east,57.0,65.87,190.04,False,
2026-05-07 22:00:22.328330,recommendation-engine,api_timeout,critical,ap-south,50.3,46.51,166.55,True,88.0
2026-03-11 08:44:22.328330,analytics-pipeline,deployment_failure,critical,ap-south,67.9,53.82,221.25,False,
2026-05-06 18:25:22.328330,payment-api,latency_spike,low,eu-west,93.5,82.28,351.48,True,93.0
2026-04-03 05:14:22.328330,payment-api,deployment_failure,medium,eu-west,70.87,84.01,162.08,False,
2026-04-09 14:53:22.328330,notification-service,network_issue,low,us-east,55.33,37.13,314.89,False,
2026-04-22 09:10:22.328330,inventory-engine,api_timeout,low,us-east,88.1,63.36,199.68,True,163.0
2026-05-04 20:23:22.328330,search-api,database_failure,medium,eu-west,53.69,74.59,309.99,False,
2026-03-09 22:34:22.328330,payment-api,deployment_failure,high,ap-south,38.86,74.91,197.87,True,175.0
2026-03-05 00:52:22.328330,recommendation-engine,memory_leak,critical,ap-south,66.7,75.51,204.94,True,184.0
2026-03-13 05:48:22.328330,notification-service,database_failure,medium,eu-west,63.45,67.43,297.63,True,63.0
2026-05-07 18:21:22.328330,auth-service,api_timeout,low,us-east,71.28,72.65,118.32,True,42.0
2026-04-09 22:14:22.328330,payment-api,database_failure,medium,eu-west,59.32,80.78,223.02,True,102.0
2026-04-11 15:45:22.328330,notification-service,cpu_overload,medium,eu-west,74.89,91.2,303.09,False,
2026-04-09 22:44:22.328330,recommendation-engine,latency_spike,critical,ap-south,66.4,63.87,15.72,True,82.0
2026-05-08 17:05:22.328330,inventory-engine,cpu_overload,high,us-east,62.47,66.09,251.23,False,
2026-04-26 06:00:22.328330,inventory-engine,latency_spike,medium,eu-west,62.69,66.16,77.65,True,18.0
2026-03-19 14:47:22.328330,search-api,cpu_overload,medium,us-east,50.9,75.72,357.27,False,
2026-04-23 05:29:22.328330,notification-service,latency_spike,critical,eu-west,63.54,73.93,296.2,False,
2026-02-21 09:51:22.328330,recommendation-engine,cpu_overload,high,us-east,52.84,74.4,160.76,True,29.0
2026-03-18 20:10:22.328330,payment-api,network_issue,medium,us-east,77.97,71.82,243.88,False,
2026-03-12 06:08:22.328330,analytics-pipeline,cpu_overload,high,eu-west,53.26,78.48,386.78,False,
2026-04-29 14:41:22.328330,notification-service,api_timeout,low,eu-west,49.88,65.92,238.53,True,166.0
2026-03-12 03:18:22.328330,notification-service,latency_spike,low,ap-south,76.8,63.29,-6.64,True,54.0
2026-03-15 14:09:22.328330,recommendation-engine,latency_spike,low,ap-south,85.39,79.13,80.56,False,
2026-04-21 06:55:22.328330,search-api,api_timeout,medium,ap-south,55.89,88.82,335.82,True,16.0
2026-05-07 02:15:22.328330,auth-service,api_timeout,high,ap-south,79.08,67.89,226.64,False,
2026-02-26 06:32:22.328330,inventory-engine,api_timeout,low,us-east,63.04,83.54,149.93,True,128.0
2026-04-10 14:11:22.328330,notification-service,database_failure,low,eu-west,52.91,82.12,216.45,False,
2026-03-16 07:32:22.328330,auth-service,cpu_overload,low,ap-south,85.68,61.94,215.62,True,208.0
2026-02-19 05:06:22.328330,search-api,memory_leak,critical,us-east,51.16,70.09,101.72,True,47.0
2026-04-08 21:14:22.328330,analytics-pipeline,database_failure,critical,ap-south,57.69,52.76,275.51,False,
2026-04-12 05:50:22.328330,notification-service,cpu_overload,medium,eu-west,75.75,49.24,326.71,True,45.0
2026-03-27 16:11:22.328330,auth-service,database_failure,low,ap-south,102.46,70.55,168.71,False,
2026-04-02 20:54:22.328330,search-api,network_issue,high,us-east,107.36,54.17,221.61,True,80.0
2026-03-15 06:18:22.328330,inventory-engine,database_failure,low,eu-west,67.69,86.14,248.78,True,16.0
2026-03-31 03:55:22.328330,auth-service,cpu_overload,low,ap-south,57.52,58.59,192.65,True,231.0
2026-04-23 10:44:22.328330,auth-service,cpu_overload,low,ap-south,49.9,70.57,174.86,True,215.0
2026-04-29 14:49:22.328330,notification-service,latency_spike,low,ap-south,42.59,85.06,180.19,False,
2026-03-22 03:23:22.328330,notification-service,cpu_overload,high,eu-west,45.98,67.98,225.47,False,
2026-03-14 00:06:22.328330,auth-service,api_timeout,high,us-east,38.8,73.98,136.23,True,165.0
2026-03-05 11:06:22.328330,payment-api,deployment_failure,high,eu-west,90.67,76.29,188.01,False,
2026-05-02 15:25:22.328330,inventory-engine,latency_spike,low,ap-south,53.82,68.74,269.02,False,
2026-02-21 15:41:22.328330,search-api,cpu_overload,medium,us-east,64.62,67.39,224.67,True,88.0
2026-04-24 06:19:22.328330,auth-service,database_failure,critical,eu-west,55.94,65.88,53.14,False,
2026-04-27 15:18:22.328330,search-api,network_issue,critical,us-east,79.61,73.59,158.12,True,235.0
2026-04-05 03:06:22.328330,payment-api,api_timeout,medium,us-east,93.48,71.04,137.11,True,213.0
2026-03-01 05:40:22.328330,auth-service,memory_leak,critical,ap-south,77.85,74.78,251.57,True,170.0
2026-04-23 01:22:22.328330,payment-api,cpu_overload,medium,eu-west,58.61,75.41,199.06,False,
2026-03-17 03:56:22.328330,notification-service,memory_leak,low,eu-west,73.34,47.14,185.29,True,114.0
2026-04-26 09:45:22.328330,recommendation-engine,network_issue,critical,eu-west,90.83,60.8,171.69,True,191.0
2026-03-11 10:08:22.328330,analytics-pipeline,latency_spike,low,us-east,58.28,55.42,43.34,False,
2026-05-16 20:15:22.328330,payment-api,deployment_failure,low,ap-south,61.54,71.63,215.8,True,38.0
2026-04-26 03:00:22.328330,analytics-pipeline,latency_spike,high,eu-west,62.83,70.52,301.83,True,207.0
2026-02-19 18:28:22.328330,payment-api,deployment_failure,low,ap-south,62.14,63.11,197.51,False,
2026-03-02 02:43:22.328330,search-api,latency_spike,medium,eu-west,73.69,86.94,169.75,False,
2026-03-10 13:59:22.328330,notification-service,api_timeout,medium,us-east,66.48,74.06,140.59,False,
2026-04-05 03:19:22.328330,auth-service,memory_leak,low,ap-south,65.31,52.41,78.48,False,
2026-03-22 14:45:22.328330,notification-service,latency_spike,low,eu-west,70.5,65.39,236.18,True,144.0
2026-04-21 17:16:22.328330,payment-api,database_failure,critical,eu-west,64.73,58.28,216.38,True,238.0
2026-04-28 07:29:22.328330,payment-api,memory_leak,critical,us-east,46.5,86.69,111.52,True,95.0
2026-03-20 01:51:22.328330,inventory-engine,memory_leak,critical,ap-south,62.06,57.49,265.63,True,130.0
2026-05-03 07:06:22.328330,payment-api,memory_leak,low,us-east,60.03,63.78,288.26,False,
2026-05-11 18:51:22.328330,notification-service,cpu_overload,low,us-east,65.44,76.2,141.49,True,234.0
2026-05-14 18:49:22.328330,notification-service,memory_leak,medium,us-east,43.93,71.29,194.49,False,
2026-03-25 03:38:22.328330,auth-service,network_issue,critical,eu-west,74.4,69.04,236.41,False,
2026-03-22 20:42:22.328330,analytics-pipeline,cpu_overload,high,eu-west,40.65,92.66,206.86,False,
2026-02-24 07:58:22.328330,recommendation-engine,network_issue,high,us-east,75.46,59.97,244.64,True,206.0
2026-05-18 12:45:22.328330,analytics-pipeline,memory_leak,medium,us-east,45.46,75.42,191.52,True,104.0
2026-04-08 01:41:22.328330,search-api,deployment_failure,critical,eu-west,65.44,78.38,121.4,True,152.0
2026-04-09 19:43:22.328330,search-api,cpu_overload,medium,eu-west,54.73,75.49,387.86,False,
2026-05-07 02:54:22.328330,auth-service,deployment_failure,critical,us-east,62.93,77.09,211.44,False,
2026-04-03 17:54:22.328330,recommendation-engine,api_timeout,critical,ap-south,94.13,49.03,227.57,False,
2026-05-06 03:34:22.328330,analytics-pipeline,network_issue,medium,us-east,40.62,39.92,243.8,False,
2026-03-29 17:28:22.328330,recommendation-engine,database_failure,critical,ap-south,67.09,66.58,211.5,True,103.0
2026-05-11 02:51:22.328330,notification-service,network_issue,critical,ap-south,111.47,66.9,260.81,True,184.0
2026-05-10 18:54:22.328330,auth-service,cpu_overload,low,eu-west,55.26,73.54,200.94,True,97.0
2026-03-28 21:43:22.328330,recommendation-engine,memory_leak,low,eu-west,58.84,91.83,314.17,False,
2026-04-15 21:12:22.328330,analytics-pipeline,deployment_failure,medium,us-east,67.05,42.35,191.12,False,
2026-05-05 14:38:22.328330,analytics-pipeline,deployment_failure,critical,eu-west,105.55,67.23,308.26,True,216.0
2026-04-28 06:53:22.328330,payment-api,network_issue,medium,eu-west,86.63,72.63,152.65,True,101.0
2026-03-13 00:04:22.328330,payment-api,network_issue,critical,us-east,28.47,78.21,154.82,True,184.0
2026-05-09 01:56:22.328330,search-api,database_failure,low,us-east,67.64,55.0,198.78,True,12.0
2026-05-05 08:38:22.328330,inventory-engine,memory_leak,low,eu-west,65.51,73.22,130.81,True,8.0
2026-03-27 22:07:22.328330,analytics-pipeline,deployment_failure,critical,eu-west,82.95,62.84,86.04,True,125.0
2026-03-12 01:11:22.328330,auth-service,network_issue,high,us-east,63.36,70.41,232.85,False,
2026-03-13 23:03:22.328330,inventory-engine,api_timeout,low,us-east,85.43,67.16,210.43,True,44.0
2026-05-13 06:26:22.328330,search-api,latency_spike,medium,ap-south,48.45,79.85,234.74,True,7.0
2026-04-12 15:35:22.328330,analytics-pipeline,api_timeout,critical,ap-south,58.7,47.14,335.55,False,
2026-02-24 01:36:22.328330,notification-service,database_failure,high,ap-south,46.58,62.9,248.67,True,113.0
2026-02-22 22:43:22.328330,auth-service,cpu_overload,low,ap-south,47.05,52.08,50.08,False,
2026-02-18 17:12:22.328330,auth-service,network_issue,medium,us-east,75.81,63.46,454.18,True,61.0
2026-04-13 00:32:22.328330,auth-service,deployment_failure,low,ap-south,50.08,58.94,174.77,False,
2026-04-05 06:35:22.328330,inventory-engine,network_issue,critical,us-east,68.65,64.36,268.99,True,18.0
2026-03-06 14:35:22.328330,inventory-engine,network_issue,critical,eu-west,50.32,53.42,76.14,False,
2026-05-08 20:42:22.328330,payment-api,latency_spike,high,ap-south,31.65,63.78,195.92,False,
2026-05-16 04:14:22.328330,auth-service,cpu_overload,medium,ap-south,55.53,84.92,318.24,True,21.0
2026-04-29 10:35:22.328330,notification-service,latency_spike,high,eu-west,59.98,48.47,174.66,True,168.0
2026-02-23 03:38:22.328330,payment-api,memory_leak,high,eu-west,56.0,62.11,164.18,True,149.0
2026-02-17 22:29:22.328330,analytics-pipeline,api_timeout,low,eu-west,55.2,65.36,169.16,False,
2026-05-10 05:53:22.328330,inventory-engine,latency_spike,high,us-east,68.12,74.32,147.15,False,
2026-04-03 04:46:22.328330,auth-service,cpu_overload,critical,ap-south,84.07,58.24,90.58,False,
2026-02-19 02:06:22.328330,auth-service,network_issue,low,us-east,70.71,60.19,245.7,False,
2026-02-26 03:03:22.328330,search-api,database_failure,low,ap-south,28.94,86.71,273.78,True,11.0
2026-03-26 06:48:22.328330,analytics-pipeline,api_timeout,critical,ap-south,42.49,52.25,353.78,True,79.0
2026-05-04 01:19:22.328330,auth-service,network_issue,critical,eu-west,53.94,59.99,38.72,True,188.0
2026-04-27 15:38:22.328330,auth-service,deployment_failure,medium,ap-south,59.74,67.27,277.24,True,133.0
2026-04-01 17:38:22.328330,search-api,database_failure,high,us-east,44.01,51.76,256.08,True,91.0
2026-04-22 06:09:22.328330,inventory-engine,database_failure,critical,eu-west,80.1,51.15,306.52,False,
2026-04-26 23:10:22.328330,auth-service,database_failure,low,eu-west,65.56,83.1,214.38,False,
2026-05-09 20:43:22.328330,analytics-pipeline,latency_spike,medium,us-east,27.17,68.18,304.81,True,132.0
2026-05-10 03:55:22.328330,recommendation-engine,cpu_overload,medium,us-east,51.59,65.34,205.91,True,22.0
2026-04-23 05:35:22.328330,notification-service,cpu_overload,high,eu-west,21.51,90.06,147.89,True,50.0
2026-03-15 01:04:22.328330,analytics-pipeline,api_timeout,high,us-east,72.59,68.96,320.61,False,
2026-03-10 06:23:22.328330,recommendation-engine,network_issue,medium,eu-west,71.09,67.18,148.52,False,
2026-05-15 03:01:22.328330,inventory-engine,deployment_failure,high,us-east,76.97,47.52,271.67,False,
2026-03-01 17:22:22.328330,notification-service,network_issue,medium,us-east,48.51,85.03,232.9,False,
2026-04-02 01:59:22.328330,analytics-pipeline,database_failure,high,us-east,74.66,70.98,79.81,True,179.0
2026-04-11 02:52:22.328330,notification-service,api_timeout,high,ap-south,52.09,78.07,233.33,True,163.0
2026-02-18 18:17:22.328330,search-api,latency_spike,medium,ap-south,82.71,74.84,142.66,True,44.0
2026-03-02 01:58:22.328330,payment-api,cpu_overload,critical,eu-west,53.06,71.24,34.88,False,
2026-03-02 00:17:22.328330,payment-api,memory_leak,critical,us-east,90.1,75.3,318.16,True,94.0
2026-04-06 07:47:22.328330,recommendation-engine,network_issue,critical,eu-west,41.29,84.93,398.52,True,51.0
2026-03-13 02:55:22.328330,payment-api,api_timeout,critical,eu-west,45.19,79.26,220.09,False,
2026-04-18 19:24:22.328330,payment-api,cpu_overload,high,ap-south,41.83,75.91,286.69,False,
2026-04-29 09:00:22.328330,search-api,network_issue,critical,eu-west,55.98,83.99,86.66,False,
2026-04-07 08:28:22.328330,payment-api,database_failure,medium,us-east,42.58,71.64,222.03,True,168.0
2026-04-29 07:11:22.328330,inventory-engine,database_failure,low,ap-south,54.25,79.72,262.47,False,
2026-05-13 01:12:22.328330,analytics-pipeline,cpu_overload,critical,us-east,77.87,68.52,268.21,True,18.0
2026-04-29 11:30:22.328330,analytics-pipeline,latency_spike,critical,us-east,58.32,94.65,155.0,False,
2026-03-21 20:50:22.328330,auth-service,latency_spike,medium,eu-west,96.58,70.42,109.96,False,
2026-04-11 20:37:22.328330,payment-api,cpu_overload,critical,us-east,85.52,71.51,288.09,True,176.0
2026-02-26 10:34:22.328330,inventory-engine,memory_leak,low,eu-west,83.36,74.06,172.62,False,
2026-04-17 14:21:22.328330,analytics-pipeline,cpu_overload,medium,eu-west,79.64,70.01,274.87,False,
2026-02-21 23:48:22.328330,recommendation-engine,api_timeout,critical,ap-south,32.69,75.36,168.91,True,183.0
2026-04-08 23:20:22.328330,inventory-engine,network_issue,critical,eu-west,89.8,77.48,239.19,True,24.0
2026-03-13 22:42:22.328330,search-api,database_failure,medium,us-east,72.29,58.02,349.86,False,
2026-05-17 10:31:22.328330,auth-service,api_timeout,medium,us-east,94.87,74.71,347.23,False,
2026-05-08 09:20:22.328330,analytics-pipeline,network_issue,critical,us-east,56.46,60.43,223.27,True,120.0
2026-02-21 20:47:22.328330,analytics-pipeline,deployment_failure,medium,ap-south,71.52,65.27,263.02,False,
2026-03-21 13:46:22.328330,notification-service,latency_spike,low,eu-west,69.6,58.02,261.5,True,112.0
2026-03-16 08:06:22.328330,notification-service,deployment_failure,medium,ap-south,77.95,72.06,312.21,False,
2026-04-29 01:21:22.328330,inventory-engine,memory_leak,medium,ap-south,46.74,75.62,126.38,True,99.0
2026-03-05 15:47:22.328330,inventory-engine,latency_spike,high,us-east,48.29,62.43,144.64,True,184.0
2026-04-03 07:08:22.328330,search-api,api_timeout,critical,us-east,56.78,67.43,286.97,False,
2026-04-16 16:05:22.328330,analytics-pipeline,database_failure,critical,ap-south,60.18,50.97,311.21,False,
2026-05-08 09:50:22.328330,auth-service,api_timeout,critical,us-east,52.44,69.3,255.72,True,146.0
2026-03-25 13:57:22.328330,auth-service,database_failure,critical,us-east,67.99,83.13,258.32,False,
2026-03-02 19:23:22.328330,search-api,network_issue,critical,ap-south,52.08,96.14,235.55,False,
2026-03-15 19:46:22.328330,notification-service,deployment_failure,low,eu-west,62.79,81.57,239.96,True,27.0
2026-03-20 14:23:22.328330,payment-api,database_failure,critical,eu-west,70.99,99.91,197.99,False,
2026-03-11 11:14:22.328330,analytics-pipeline,database_failure,low,ap-south,60.23,71.4,305.72,False,
2026-04-02 21:54:22.328330,notification-service,deployment_failure,low,ap-south,42.4,46.41,173.03,False,
2026-03-02 04:56:22.328330,recommendation-engine,memory_leak,medium,us-east,40.49,64.9,260.2,False,
2026-05-08 07:23:22.328330,auth-service,deployment_failure,critical,eu-west,51.64,52.88,225.55,False,
2026-02-19 15:43:22.328330,analytics-pipeline,api_timeout,critical,ap-south,77.94,49.66,285.62,False,
2026-05-18 00:54:22.328330,inventory-engine,deployment_failure,medium,ap-south,77.26,81.45,317.48,False,
2026-04-24 08:54:22.328330,search-api,cpu_overload,high,us-east,98.03,65.73,228.77,True,6.0
2026-02-25 19:01:22.328330,recommendation-engine,latency_spike,low,eu-west,58.75,70.02,342.63,True,207.0
2026-04-14 15:36:22.328330,analytics-pipeline,deployment_failure,high,us-east,44.82,59.67,330.17,True,151.0
2026-04-09 14:07:22.328330,auth-service,database_failure,critical,eu-west,80.3,65.64,288.35,False,
2026-03-04 07:31:22.328330,payment-api,deployment_failure,critical,eu-west,70.12,88.0,225.96,False,
2026-02-18 18:27:22.328330,search-api,memory_leak,critical,us-east,80.38,101.7,267.85,True,116.0
2026-04-27 16:57:22.328330,payment-api,network_issue,medium,ap-south,65.74,78.67,190.78,True,166.0
2026-03-27 05:11:22.328330,analytics-pipeline,api_timeout,high,ap-south,100.82,72.16,198.17,True,87.0
2026-04-30 04:23:22.328330,payment-api,latency_spike,low,us-east,52.46,83.17,289.37,True,165.0
2026-03-09 15:21:22.328330,notification-service,memory_leak,low,ap-south,57.54,76.92,99.32,True,151.0
2026-04-13 22:08:22.328330,payment-api,network_issue,medium,us-east,67.77,75.43,356.59,False,
2026-05-01 17:58:22.328330,auth-service,network_issue,medium,us-east,53.44,54.66,148.37,True,142.0
2026-03-03 05:30:22.328330,auth-service,network_issue,critical,us-east,44.95,86.04,343.89,True,75.0
2026-05-11 04:16:22.328330,auth-service,network_issue,low,ap-south,69.8,84.66,230.72,True,33.0
2026-04-06 22:32:22.328330,notification-service,latency_spike,low,eu-west,63.57,66.0,195.17,False,
2026-04-24 21:10:22.328330,auth-service,latency_spike,low,us-east,41.78,73.17,216.77,False,
2026-02-24 15:39:22.328330,analytics-pipeline,memory_leak,critical,eu-west,76.18,71.12,206.98,False,
2026-03-07 07:50:22.328330,payment-api,api_timeout,low,us-east,51.93,70.87,279.06,True,58.0
2026-03-17 04:00:22.328330,recommendation-engine,api_timeout,high,ap-south,47.85,71.05,238.64,False,
2026-03-06 03:12:22.328330,auth-service,memory_leak,high,eu-west,54.23,62.95,238.45,True,173.0
2026-03-28 02:14:22.328330,search-api,database_failure,low,eu-west,48.0,74.2,148.37,False,
2026-04-17 03:57:22.328330,recommendation-engine,database_failure,low,eu-west,80.94,98.05,151.14,False,
2026-02-23 09:21:22.328330,payment-api,memory_leak,low,ap-south,73.01,61.28,303.28,True,137.0
2026-04-02 03:35:22.328330,analytics-pipeline,memory_leak,medium,us-east,46.02,75.77,150.16,True,235.0
2026-04-28 23:33:22.328330,payment-api,cpu_overload,medium,eu-west,61.9,57.63,285.79,True,191.0
2026-03-16 18:41:22.328330,auth-service,cpu_overload,high,us-east,52.45,76.62,192.47,True,28.0
2026-04-17 00:05:22.328330,search-api,database_failure,high,us-east,63.28,71.77,159.05,False,
2026-04-09 00:55:22.328330,notification-service,api_timeout,medium,us-east,68.16,88.36,157.75,True,55.0
2026-03-17 04:37:22.328330,analytics-pipeline,network_issue,high,us-east,82.58,87.98,154.71,True,154.0
2026-03-07 12:50:22.328330,analytics-pipeline,database_failure,high,eu-west,43.17,73.62,176.21,True,189.0
2026-04-04 07:49:22.328330,recommendation-engine,api_timeout,critical,ap-south,93.03,70.42,155.82,False,
2026-03-05 11:10:22.328330,inventory-engine,database_failure,low,ap-south,47.79,83.08,174.31,False,
2026-04-09 15:40:22.328330,auth-service,database_failure,high,us-east,65.66,81.47,181.26,True,120.0
2026-05-03 12:09:22.328330,payment-api,database_failure,high,ap-south,64.31,69.8,274.67,False,
2026-04-22 00:24:22.328330,notification-service,deployment_failure,high,us-east,73.86,67.36,225.09,True,34.0
2026-05-02 08:30:22.328330,analytics-pipeline,cpu_overload,critical,eu-west,59.42,52.27,240.61,False,
2026-04-26 09:36:22.328330,payment-api,memory_leak,high,us-east,93.38,59.4,158.16,True,204.0
2026-04-20 02:35:22.328330,payment-api,latency_spike,high,ap-south,51.94,78.7,255.88,True,188.0
2026-04-18 19:05:22.328330,auth-service,api_timeout,high,eu-west,62.62,58.98,227.39,True,103.0
2026-04-22 21:57:22.328330,notification-service,memory_leak,medium,eu-west,41.53,71.72,289.72,False,
2026-03-14 12:48:22.328330,notification-service,deployment_failure,low,ap-south,46.23,51.61,346.36,False,
2026-03-17 15:22:22.328330,analytics-pipeline,api_timeout,high,us-east,55.82,83.63,207.68,True,55.0
2026-05-14 05:01:22.328330,analytics-pipeline,api_timeout,critical,eu-west,62.57,75.26,149.28,False,
2026-04-10 09:18:22.328330,payment-api,latency_spike,critical,eu-west,66.99,65.42,114.36,False,
2026-03-25 22:05:22.328330,recommendation-engine,memory_leak,low,us-east,70.06,66.84,207.44,True,169.0
2026-03-08 10:21:22.328330,analytics-pipeline,database_failure,low,us-east,46.85,89.1,290.14,False,
2026-05-06 19:12:22.328330,analytics-pipeline,api_timeout,low,ap-south,79.46,66.33,81.67,True,91.0
2026-03-21 00:58:22.328330,payment-api,latency_spike,critical,eu-west,94.29,69.27,160.1,False,
2026-03-13 21:32:22.328330,inventory-engine,cpu_overload,high,us-east,71.25,84.01,218.16,False,
2026-05-11 11:15:22.328330,notification-service,deployment_failure,high,us-east,84.18,83.0,133.89,True,105.0
2026-04-21 13:33:22.328330,search-api,api_timeout,critical,ap-south,54.89,81.49,2.99,True,220.0
2026-04-14 16:42:22.328330,notification-service,latency_spike,low,eu-west,62.76,52.83,181.88,True,216.0
2026-05-17 18:48:22.328330,auth-service,latency_spike,high,ap-south,60.52,65.7,175.82,False,
2026-04-28 03:03:22.328330,auth-service,latency_spike,medium,ap-south,48.54,97.5,369.4,False,
2026-03-05 10:36:22.328330,notification-service,latency_spike,low,us-east,47.57,88.99,188.04,True,33.0
2026-05-14 08:39:22.328330,inventory-engine,latency_spike,high,us-east,66.94,69.24,167.22,False,
2026-04-24 03:53:22.328330,search-api,memory_leak,medium,ap-south,79.76,71.51,181.88,False,
2026-05-07 19:35:22.328330,auth-service,cpu_overload,medium,ap-south,45.43,59.28,88.69,False,
2026-03-21 18:10:22.328330,recommendation-engine,network_issue,low,ap-south,65.18,55.64,198.76,True,152.0
2026-04-05 05:28:22.328330,search-api,api_timeout,high,us-east,85.55,84.39,217.42,False,
2026-04-28 04:10:22.328330,payment-api,cpu_overload,high,ap-south,63.69,92.56,261.66,True,95.0
2026-03-28 21:25:22.328330,analytics-pipeline,deployment_failure,medium,ap-south,60.08,52.89,251.51,True,182.0
2026-05-11 15:05:22.328330,payment-api,api_timeout,low,eu-west,77.44,62.42,243.3,True,176.0
2026-04-29 01:21:22.328330,recommendation-engine,deployment_failure,critical,eu-west,59.55,67.79,20.97,False,
2026-05-09 05:09:22.328330,inventory-engine,memory_leak,high,us-east,61.67,81.63,169.49,False,
2026-03-20 02:00:22.328330,auth-service,deployment_failure,low,eu-west,65.79,60.93,248.84,True,239.0
2026-04-15 15:07:22.328330,recommendation-engine,api_timeout,medium,us-east,61.75,58.73,326.6,True,22.0
2026-04-23 10:34:22.328330,recommendation-engine,memory_leak,high,ap-south,78.93,62.74,259.82,True,42.0
2026-04-06 18:32:22.328330,payment-api,network_issue,low,eu-west,73.06,77.71,84.46,True,233.0
2026-04-06 18:46:22.328330,auth-service,cpu_overload,low,us-east,80.1,63.16,191.37,False,
2026-04-16 16:39:22.328330,inventory-engine,latency_spike,low,us-east,104.57,73.62,189.09,False,
2026-04-29 10:15:22.328330,auth-service,api_timeout,critical,ap-south,31.92,86.68,112.38,False,
2026-05-13 21:23:22.328330,recommendation-engine,cpu_overload,high,eu-west,49.95,66.02,333.31,True,171.0
2026-04-13 21:53:22.328330,search-api,api_timeout,medium,us-east,76.6,68.11,244.66,True,108.0
2026-05-02 15:37:22.328330,notification-service,cpu_overload,critical,ap-south,55.99,71.68,225.87,False,
2026-05-08 18:59:22.328330,search-api,latency_spike,medium,eu-west,79.53,81.61,259.52,True,34.0
2026-05-13 21:26:22.328330,payment-api,database_failure,high,eu-west,59.56,78.9,212.64,True,141.0
2026-05-09 12:48:22.328330,inventory-engine,memory_leak,critical,us-east,48.77,65.16,226.76,False,
2026-05-09 12:12:22.328330,auth-service,network_issue,high,us-east,78.65,67.8,123.26,True,48.0
2026-03-08 05:04:22.328330,auth-service,cpu_overload,high,ap-south,65.85,71.36,234.87,False,
2026-03-12 22:19:22.328330,payment-api,latency_spike,medium,ap-south,78.8,82.23,172.46,False,
2026-03-12 10:56:22.328330,inventory-engine,deployment_failure,medium,eu-west,55.76,57.52,275.91,False,
2026-03-17 16:52:22.328330,payment-api,memory_leak,medium,us-east,86.73,66.22,200.69,False,
2026-05-05 19:40:22.328330,payment-api,network_issue,critical,us-east,87.0,76.07,254.9,False,
2026-05-16 20:01:22.328330,auth-service,cpu_overload,low,eu-west,47.14,78.14,145.67,True,157.0
2026-04-16 16:14:22.328330,recommendation-engine,database_failure,low,us-east,47.99,65.84,173.14,True,125.0
2026-05-08 18:33:22.328330,payment-api,deployment_failure,low,ap-south,61.68,52.71,296.71,False,
2026-03-03 16:38:22.328330,auth-service,database_failure,medium,eu-west,81.92,46.63,298.28,True,30.0
2026-04-21 00:06:22.328330,analytics-pipeline,network_issue,high,us-east,52.84,80.28,214.52,False,
2026-03-12 20:17:22.328330,inventory-engine,database_failure,high,ap-south,65.43,67.78,316.97,False,
2026-04-25 15:39:22.328330,inventory-engine,api_timeout,low,us-east,46.41,77.29,308.11,False,
2026-03-15 02:09:22.328330,inventory-engine,database_failure,critical,eu-west,75.75,97.9,177.68,False,
2026-03-17 07:23:22.328330,notification-service,network_issue,low,eu-west,79.36,68.73,318.67,False,
2026-03-01 18:58:22.328330,auth-service,network_issue,medium,us-east,64.88,65.35,324.49,False,
2026-05-15 22:00:22.328330,auth-service,database_failure,critical,us-east,57.63,53.05,178.65,True,195.0
2026-05-10 14:29:22.328330,auth-service,api_timeout,low,us-east,74.29,86.7,228.89,False,
2026-02-17 20:39:22.328330,notification-service,memory_leak,high,ap-south,84.77,53.7,184.54,False,
2026-02-26 21:39:22.328330,inventory-engine,api_timeout,critical,us-east,60.67,68.63,226.73,False,
2026-05-01 09:12:22.328330,payment-api,database_failure,high,ap-south,75.36,64.66,231.12,True,115.0
2026-03-07 08:05:22.328330,recommendation-engine,database_failure,high,us-east,64.32,58.89,210.91,True,7.0
2026-04-03 07:35:22.328330,search-api,memory_leak,critical,ap-south,62.85,68.02,222.54,True,138.0
2026-02-19 17:47:22.328330,inventory-engine,database_failure,medium,us-east,66.14,64.81,321.82,False,
2026-04-22 11:48:22.328330,payment-api,deployment_failure,high,eu-west,47.46,61.35,442.4,False,
2026-05-15 00:03:22.328330,auth-service,cpu_overload,low,eu-west,49.43,53.75,278.76,False,
2026-04-20 21:26:22.328330,payment-api,api_timeout,high,ap-south,33.84,67.18,391.67,True,17.0
2026-04-25 20:15:22.328330,auth-service,cpu_overload,high,ap-south,41.83,46.22,100.07,True,27.0
2026-03-14 19:30:22.328330,inventory-engine,memory_leak,medium,us-east,78.48,83.5,178.99,True,79.0
2026-04-28 19:24:22.328330,payment-api,api_timeout,high,eu-west,75.25,86.68,362.99,False,
2026-04-10 06:24:22.328330,recommendation-engine,latency_spike,high,us-east,61.3,42.38,154.33,False,
2026-05-02 22:55:22.328330,notification-service,api_timeout,high,ap-south,58.6,66.89,204.97,True,179.0
2026-03-09 20:32:22.328330,auth-service,cpu_overload,medium,us-east,81.78,85.29,206.27,True,82.0
2026-04-20 23:14:22.328330,payment-api,cpu_overload,critical,ap-south,81.48,74.29,225.16,True,101.0
2026-03-08 12:19:22.328330,analytics-pipeline,api_timeout,low,eu-west,78.6,70.87,384.62,False,
2026-03-16 13:09:22.328330,inventory-engine,database_failure,high,us-east,43.42,63.82,209.88,False,
2026-04-09 19:15:22.328330,recommendation-engine,api_timeout,critical,us-east,71.59,85.22,218.05,True,238.0
2026-03-28 20:33:22.328330,payment-api,deployment_failure,critical,eu-west,43.67,80.11,280.4,True,162.0
2026-02-25 04:28:22.328330,inventory-engine,deployment_failure,medium,ap-south,35.87,69.95,92.79,False,
2026-05-07 03:28:22.328330,notification-service,database_failure,high,eu-west,55.03,59.17,284.74,False,
2026-05-07 06:24:22.328330,recommendation-engine,network_issue,low,us-east,66.75,54.57,290.41,False,
2026-03-03 08:15:22.328330,payment-api,latency_spike,low,us-east,43.49,73.96,154.88,True,90.0
2026-03-25 15:09:22.328330,payment-api,deployment_failure,high,ap-south,59.51,76.05,261.72,False,
2026-03-16 20:53:22.328330,inventory-engine,deployment_failure,low,eu-west,85.05,69.01,244.52,True,184.0
2026-04-30 01:32:22.328330,notification-service,memory_leak,critical,eu-west,58.43,72.18,255.16,True,234.0
2026-03-18 05:28:22.328330,search-api,deployment_failure,medium,us-east,63.53,48.35,246.52,False,
2026-03-14 06:31:22.328330,payment-api,deployment_failure,critical,ap-south,70.47,61.84,117.25,True,34.0
2026-05-12 14:50:22.328330,payment-api,memory_leak,low,ap-south,87.14,75.9,201.67,True,68.0
2026-04-30 03:13:22.328330,payment-api,api_timeout,low,ap-south,47.94,60.14,324.21,False,
2026-04-13 03:59:22.328330,payment-api,latency_spike,high,us-east,67.06,63.39,260.78,False,
2026-02-18 06:47:22.328330,auth-service,deployment_failure,medium,ap-south,52.78,88.01,328.22,False,
2026-03-04 22:30:22.328330,notification-service,network_issue,critical,ap-south,58.0,62.46,10.55,True,115.0
2026-05-05 10:02:22.328330,search-api,latency_spike,medium,eu-west,42.78,53.93,230.82,True,48.0
2026-04-02 04:05:22.328330,search-api,network_issue,medium,us-east,60.11,53.86,197.51,False,
2026-04-22 07:55:22.328330,inventory-engine,network_issue,low,ap-south,72.58,76.33,68.03,False,
2026-04-15 07:03:22.328330,search-api,cpu_overload,critical,us-east,63.08,53.4,292.14,True,123.0
2026-04-10 18:47:22.328330,analytics-pipeline,api_timeout,medium,eu-west,76.76,59.22,158.72,False,
2026-04-07 03:00:22.328330,payment-api,database_failure,critical,eu-west,58.08,42.97,246.88,False,
2026-05-15 15:03:22.328330,search-api,network_issue,critical,eu-west,60.91,81.64,132.13,False,
2026-02-20 02:15:22.328330,auth-service,api_timeout,critical,us-east,55.71,51.92,139.66,True,45.0
2026-04-16 04:00:22.328330,notification-service,deployment_failure,medium,us-east,47.27,81.95,164.14,False,
2026-04-02 00:45:22.328330,payment-api,memory_leak,medium,us-east,66.86,65.43,118.44,False,
2026-04-06 21:45:22.328330,search-api,deployment_failure,medium,us-east,62.48,77.19,123.38,False,
2026-02-23 16:09:22.328330,recommendation-engine,latency_spike,critical,us-east,77.14,59.8,181.36,False,
2026-03-24 14:02:22.328330,search-api,memory_leak,high,eu-west,72.96,62.04,223.01,False,
2026-03-26 03:08:22.328330,notification-service,cpu_overload,critical,eu-west,60.28,71.55,29.54,True,12.0
2026-03-02 04:13:22.328330,search-api,memory_leak,medium,eu-west,37.55,77.39,302.97,True,132.0
2026-02-22 16:39:22.328330,search-api,api_timeout,high,eu-west,51.34,67.07,243.58,True,31.0
2026-02-25 19:53:22.328330,auth-service,network_issue,critical,us-east,75.4,45.67,149.12,True,20.0
2026-03-24 00:47:22.328330,inventory-engine,latency_spike,low,ap-south,60.01,78.44,419.87,True,118.0
2026-03-10 05:56:22.328330,inventory-engine,database_failure,low,eu-west,61.58,53.12,252.18,False,
2026-05-08 22:19:22.328330,search-api,api_timeout,critical,eu-west,84.81,71.3,147.47,True,55.0
2026-04-25 17:55:22.328330,recommendation-engine,api_timeout,high,eu-west,79.37,77.96,137.91,True,194.0
2026-05-03 23:25:22.328330,recommendation-engine,deployment_failure,medium,eu-west,70.72,81.97,314.55,True,166.0
2026-02-20 08:43:22.328330,search-api,latency_spike,medium,eu-west,64.0,65.7,318.18,True,233.0
2026-05-18 06:04:22.328330,inventory-engine,deployment_failure,critical,ap-south,46.85,75.26,110.4,True,92.0
2026-05-01 20:42:22.328330,search-api,network_issue,critical,eu-west,80.98,66.9,321.49,True,151.0
2026-03-04 09:38:22.328330,recommendation-engine,database_failure,high,us-east,72.37,55.32,333.97,True,210.0
2026-05-12 14:48:22.328330,recommendation-engine,api_timeout,critical,eu-west,88.27,80.59,159.07,True,37.0
2026-03-08 12:21:22.328330,notification-service,cpu_overload,low,eu-west,60.41,71.75,163.7,False,
2026-04-27 17:49:22.328330,payment-api,database_failure,high,eu-west,90.39,71.73,3.73,True,215.0
2026-02-22 02:42:22.328330,inventory-engine,deployment_failure,high,us-east,70.09,65.82,214.01,False,
2026-05-12 13:04:22.328330,analytics-pipeline,deployment_failure,medium,us-east,59.47,79.68,309.58,True,141.0
2026-03-27 08:37:22.328330,auth-service,deployment_failure,high,us-east,69.25,65.93,216.69,True,144.0
2026-03-16 05:45:22.328330,payment-api,database_failure,critical,us-east,65.29,60.37,266.31,True,13.0
2026-04-17 23:02:22.328330,recommendation-engine,cpu_overload,medium,us-east,71.9,88.49,320.43,True,40.0
2026-04-30 03:21:22.328330,notification-service,deployment_failure,high,ap-south,54.71,79.84,143.92,True,65.0
2026-04-03 19:19:22.328330,payment-api,deployment_failure,low,us-east,75.44,63.8,138.14,True,111.0
2026-03-25 06:50:22.328330,search-api,database_failure,low,ap-south,69.2,37.91,79.92,False,
2026-02-21 13:38:22.328330,auth-service,cpu_overload,low,eu-west,62.34,70.99,190.45,True,132.0
2026-04-02 12:38:22.328330,auth-service,network_issue,high,us-east,41.31,60.19,251.3,False,
2026-04-21 02:41:22.328330,analytics-pipeline,deployment_failure,medium,eu-west,73.73,69.81,312.55,True,11.0
2026-03-09 07:31:22.328330,analytics-pipeline,deployment_failure,medium,ap-south,70.96,61.03,197.56,False,
2026-03-17 15:47:22.328330,search-api,network_issue,low,ap-south,43.96,68.7,308.97,False,
2026-05-13 23:36:22.328330,recommendation-engine,deployment_failure,critical,ap-south,75.28,86.82,195.77,True,115.0
2026-03-15 21:25:22.328330,recommendation-engine,database_failure,medium,eu-west,85.19,67.68,337.73,False,
2026-05-07 23:45:22.328330,notification-service,cpu_overload,high,eu-west,64.67,78.49,338.01,False,
2026-04-08 23:54:22.328330,payment-api,memory_leak,medium,eu-west,62.1,72.62,323.11,True,63.0
2026-04-11 03:09:22.328330,search-api,deployment_failure,low,eu-west,63.0,54.15,391.44,True,213.0
2026-05-13 13:15:22.328330,payment-api,latency_spike,medium,us-east,57.95,71.91,312.48,True,77.0
2026-05-14 18:00:22.328330,inventory-engine,cpu_overload,medium,us-east,55.87,57.91,240.3,True,160.0
2026-04-12 12:28:22.328330,recommendation-engine,network_issue,low,ap-south,38.1,66.55,239.6,True,24.0
2026-04-25 22:56:22.328330,notification-service,memory_leak,critical,ap-south,60.95,51.48,347.53,False,
2026-02-26 00:35:22.328330,analytics-pipeline,memory_leak,critical,ap-south,66.55,87.17,199.2,False,
2026-02-22 00:56:22.328330,inventory-engine,deployment_failure,high,ap-south,51.8,73.23,202.74,True,139.0
2026-02-26 10:46:22.328330,inventory-engine,cpu_overload,low,eu-west,47.33,87.64,170.22,False,
2026-02-25 18:30:22.328330,recommendation-engine,network_issue,critical,us-east,37.4,85.94,179.66,True,57.0
2026-02-24 17:06:22.328330,auth-service,deployment_failure,medium,us-east,55.88,48.82,359.28,True,36.0
2026-04-14 20:01:22.328330,search-api,deployment_failure,medium,eu-west,45.66,70.7,293.01,True,183.0
2026-04-08 15:42:22.328330,search-api,deployment_failure,critical,eu-west,71.33,69.28,83.87,True,132.0
2026-03-03 14:32:22.328330,payment-api,cpu_overload,high,ap-south,52.85,72.25,157.03,False,
2026-04-21 09:15:22.328330,analytics-pipeline,latency_spike,low,us-east,68.05,78.18,297.0,False,
2026-04-03 15:23:22.328330,payment-api,deployment_failure,critical,us-east,46.61,96.36,281.4,False,
2026-05-14 16:29:22.328330,auth-service,memory_leak,critical,eu-west,64.97,83.07,409.23,False,
2026-03-31 06:16:22.328330,payment-api,network_issue,high,eu-west,43.42,67.3,29.73,False,
2026-02-22 10:07:22.328330,payment-api,database_failure,high,us-east,67.89,74.38,216.87,True,198.0
2026-05-16 05:46:22.328330,inventory-engine,network_issue,critical,us-east,55.18,45.41,249.88,True,211.0
2026-05-08 18:56:22.328330,notification-service,api_timeout,high,ap-south,86.83,62.91,255.2,False,
2026-04-10 03:38:22.328330,notification-service,network_issue,high,eu-west,41.48,75.49,188.53,False,
2026-04-06 04:36:22.328330,search-api,memory_leak,medium,eu-west,53.56,60.88,188.51,False,
2026-03-06 22:47:22.328330,search-api,cpu_overload,low,eu-west,70.74,54.25,188.23,False,
2026-04-18 00:09:22.328330,notification-service,api_timeout,low,ap-south,64.38,56.81,363.73,False,
2026-04-15 19:22:22.328330,inventory-engine,network_issue,high,ap-south,52.2,61.97,141.74,True,36.0
2026-04-20 19:05:22.328330,notification-service,network_issue,high,us-east,91.98,76.63,145.07,True,118.0
2026-04-06 14:40:22.328330,payment-api,api_timeout,low,us-east,81.59,72.41,240.58,True,96.0
2026-04-05 00:29:22.328330,search-api,deployment_failure,medium,us-east,59.83,61.01,247.02,True,153.0
2026-02-22 06:36:22.328330,payment-api,cpu_overload,high,eu-west,56.82,91.8,118.46,False,
2026-05-02 08:43:22.328330,inventory-engine,deployment_failure,high,us-east,88.04,68.66,243.93,False,
2026-05-07 03:35:22.328330,auth-service,network_issue,medium,eu-west,77.5,62.44,289.14,True,64.0
2026-05-08 07:30:22.328330,search-api,latency_spike,medium,ap-south,24.39,61.36,146.07,False,
2026-03-26 22:43:22.328330,inventory-engine,latency_spike,medium,eu-west,46.2,67.42,250.86,False,
2026-02-18 22:58:22.328330,inventory-engine,latency_spike,high,ap-south,75.54,72.89,166.74,True,158.0
2026-04-27 08:48:22.328330,inventory-engine,latency_spike,low,ap-south,70.54,71.49,294.88,False,
2026-05-08 10:15:22.328330,notification-service,latency_spike,medium,eu-west,76.65,70.37,148.22,False,
2026-03-27 19:32:22.328330,inventory-engine,deployment_failure,critical,eu-west,55.21,63.4,194.78,False,
2026-02-28 00:11:22.328330,inventory-engine,memory_leak,low,us-east,69.02,78.58,215.91,False,
2026-04-18 05:43:22.328330,recommendation-engine,network_issue,high,us-east,65.24,71.72,178.73,False,
2026-03-23 02:55:22.328330,payment-api,memory_leak,high,eu-west,51.12,48.93,164.39,False,
2026-02-23 01:13:22.328330,auth-service,database_failure,low,eu-west,72.1,61.57,200.98,True,211.0
2026-04-20 05:31:22.328330,notification-service,network_issue,high,eu-west,72.0,76.25,133.64,False,
2026-03-04 02:45:22.328330,notification-service,latency_spike,medium,us-east,79.96,83.53,129.61,True,24.0
2026-02-20 11:22:22.328330,auth-service,database_failure,critical,ap-south,52.64,84.29,208.25,True,221.0
2026-02-27 18:26:22.328330,notification-service,deployment_failure,low,ap-south,31.7,53.2,200.05,False,
2026-03-19 17:28:22.328330,notification-service,database_failure,critical,us-east,47.55,65.04,222.59,False,
2026-04-30 23:28:22.328330,analytics-pipeline,database_failure,high,eu-west,86.93,66.51,305.8,False,
2026-04-26 14:30:22.328330,analytics-pipeline,deployment_failure,high,eu-west,86.43,87.21,242.78,False,
2026-04-20 01:47:22.328330,search-api,latency_spike,medium,us-east,35.55,75.53,303.87,False,
2026-04-15 18:58:22.328330,payment-api,cpu_overload,low,us-east,63.78,90.94,288.79,False,
2026-03-24 15:23:22.328330,auth-service,api_timeout,critical,eu-west,73.52,83.04,246.67,True,142.0
2026-04-26 10:25:22.328330,analytics-pipeline,api_timeout,medium,ap-south,27.61,64.01,315.77,False,
2026-03-07 06:56:22.328330,inventory-engine,cpu_overload,high,eu-west,52.89,67.32,136.41,True,109.0
2026-04-10 09:46:22.328330,notification-service,memory_leak,critical,ap-south,91.76,90.18,149.29,True,235.0
2026-05-02 08:29:22.328330,recommendation-engine,latency_spike,medium,eu-west,67.21,61.83,269.2,False,
2026-04-24 18:09:22.328330,analytics-pipeline,database_failure,critical,ap-south,72.65,79.74,246.55,True,37.0
2026-02-28 14:09:22.328330,payment-api,deployment_failure,critical,eu-west,109.03,57.66,83.15,True,23.0
2026-05-06 16:19:22.328330,notification-service,deployment_failure,critical,us-east,59.1,51.18,100.6,False,
2026-05-07 03:05:22.328330,recommendation-engine,network_issue,medium,ap-south,49.98,58.93,143.63,False,
2026-05-07 21:29:22.328330,inventory-engine,deployment_failure,high,ap-south,72.77,63.93,205.64,True,189.0
2026-05-14 14:41:22.328330,payment-api,network_issue,high,us-east,78.41,60.8,198.84,False,
2026-03-22 07:26:22.328330,recommendation-engine,network_issue,critical,us-east,70.49,46.7,29.21,False,
2026-03-16 00:05:22.328330,auth-service,network_issue,medium,ap-south,70.19,75.9,385.14,True,43.0
2026-02-26 05:03:22.328330,payment-api,database_failure,high,ap-south,67.37,79.84,204.36,False,
2026-04-14 04:45:22.328330,inventory-engine,api_timeout,medium,ap-south,69.46,90.01,50.08,False,
2026-02-21 17:38:22.328330,analytics-pipeline,latency_spike,medium,us-east,71.2,95.63,242.56,False,
2026-04-17 16:20:22.328330,payment-api,database_failure,critical,us-east,89.76,62.45,217.44,False,
2026-04-13 18:30:22.328330,inventory-engine,deployment_failure,medium,eu-west,65.5,43.39,126.55,True,213.0
2026-02-21 17:01:22.328330,search-api,network_issue,medium,us-east,48.55,79.86,289.77,False,
2026-03-27 09:06:22.328330,notification-service,cpu_overload,low,us-east,69.86,79.89,206.87,False,
2026-05-03 15:46:22.328330,payment-api,cpu_overload,high,us-east,83.03,70.11,224.63,False,
2026-04-28 08:58:22.328330,auth-service,cpu_overload,high,ap-south,61.02,78.21,186.3,True,64.0
2026-03-19 01:40:22.328330,inventory-engine,memory_leak,low,eu-west,79.65,56.41,132.09,True,12.0
2026-03-25 06:18:22.328330,payment-api,database_failure,medium,eu-west,75.31,68.94,183.69,False,
2026-03-03 22:52:22.328330,analytics-pipeline,latency_spike,high,eu-west,78.35,62.71,203.98,False,
2026-02-22 00:06:22.328330,notification-service,api_timeout,critical,ap-south,85.99,88.47,345.79,True,217.0
2026-04-07 10:04:22.328330,inventory-engine,latency_spike,low,us-east,60.77,84.77,144.08,False,
2026-04-03 19:59:22.328330,inventory-engine,latency_spike,medium,us-east,51.4,41.79,353.83,True,95.0
2026-03-06 13:56:22.328330,payment-api,network_issue,medium,ap-south,52.04,68.48,147.17,True,88.0
2026-05-04 11:08:22.328330,notification-service,cpu_overload,high,us-east,75.43,65.49,115.61,True,185.0
2026-03-17 02:41:22.328330,inventory-engine,latency_spike,critical,eu-west,71.62,52.8,153.01,False,
2026-05-01 09:35:22.328330,analytics-pipeline,database_failure,low,ap-south,33.4,52.91,234.28,True,67.0
2026-05-06 06:30:22.328330,notification-service,api_timeout,medium,ap-south,35.53,52.23,219.81,True,72.0
2026-04-05 22:32:22.328330,auth-service,api_timeout,medium,ap-south,56.85,93.9,366.71,False,
2026-04-23 00:10:22.328330,auth-service,memory_leak,low,ap-south,51.98,76.69,279.94,True,5.0
2026-04-09 04:43:22.328330,payment-api,api_timeout,medium,ap-south,56.04,52.05,219.02,True,14.0
2026-04-10 16:02:22.328330,search-api,cpu_overload,critical,ap-south,62.41,64.77,255.39,True,168.0
2026-04-16 23:45:22.328330,recommendation-engine,database_failure,medium,us-east,53.74,56.18,228.73,True,229.0
2026-04-22 03:22:22.328330,search-api,api_timeout,critical,ap-south,70.79,55.88,294.25,False,
2026-03-25 07:30:22.328330,inventory-engine,database_failure,critical,us-east,38.44,63.06,199.36,True,61.0
2026-05-08 12:02:22.328330,analytics-pipeline,deployment_failure,high,us-east,55.46,63.22,369.69,False,
2026-04-19 02:40:22.328330,auth-service,network_issue,critical,eu-west,52.24,99.29,254.97,True,123.0
2026-02-20 16:24:22.328330,inventory-engine,network_issue,low,us-east,66.38,75.71,422.39,False,
2026-03-15 13:48:22.328330,auth-service,deployment_failure,critical,us-east,50.1,56.55,159.61,False,
2026-03-17 04:15:22.328330,auth-service,latency_spike,high,us-east,65.48,49.29,221.79,True,232.0
2026-03-02 06:30:22.328330,analytics-pipeline,api_timeout,low,ap-south,90.4,71.82,196.59,False,
2026-04-24 22:01:22.328330,search-api,cpu_overload,critical,us-east,55.73,80.78,153.93,False,
2026-04-10 00:39:22.328330,recommendation-engine,cpu_overload,low,us-east,92.7,93.2,240.54,False,
2026-03-13 10:46:22.328330,auth-service,cpu_overload,low,us-east,64.83,82.37,307.58,False,
2026-04-11 10:16:22.328330,auth-service,database_failure,medium,ap-south,52.91,63.68,114.21,True,204.0
2026-03-22 19:33:22.328330,payment-api,database_failure,high,eu-west,71.14,78.0,112.01,True,189.0
2026-05-16 19:23:22.328330,analytics-pipeline,api_timeout,low,ap-south,58.17,53.83,148.1,False,
2026-02-24 16:43:22.328330,inventory-engine,deployment_failure,low,ap-south,73.27,61.2,195.93,True,137.0
2026-04-29 13:45:22.328330,inventory-engine,database_failure,medium,eu-west,40.59,72.24,216.46,False,
2026-03-01 11:25:22.328330,search-api,memory_leak,high,eu-west,54.07,67.73,234.42,False,
2026-04-18 13:20:22.328330,recommendation-engine,memory_leak,medium,eu-west,52.78,52.28,364.45,True,221.0
2026-05-16 21:45:22.328330,analytics-pipeline,database_failure,low,ap-south,55.5,68.84,300.87,False,
2026-03-07 16:48:22.328330,recommendation-engine,latency_spike,medium,us-east,117.94,55.07,255.99,False,
2026-05-16 12:33:22.328330,auth-service,network_issue,medium,eu-west,54.39,63.53,162.38,False,
2026-03-11 11:18:22.328330,payment-api,deployment_failure,critical,ap-south,48.12,69.5,102.04,False,
2026-05-06 18:55:22.328330,analytics-pipeline,network_issue,high,eu-west,79.2,70.66,253.79,True,23.0
2026-04-02 19:23:22.328330,search-api,network_issue,critical,eu-west,58.01,65.59,243.01,True,195.0
2026-03-04 03:48:22.328330,notification-service,database_failure,medium,eu-west,47.54,65.7,151.23,False,
2026-05-01 01:05:22.328330,analytics-pipeline,database_failure,high,us-east,51.64,44.68,327.15,False,
2026-04-02 02:15:22.328330,search-api,latency_spike,high,us-east,54.7,83.96,305.5,False,
2026-04-30 06:47:22.328330,payment-api,cpu_overload,critical,us-east,45.71,56.94,424.84,False,
2026-04-09 15:11:22.328330,payment-api,memory_leak,critical,ap-south,91.26,69.62,240.59,False,
2026-04-04 17:37:22.328330,inventory-engine,network_issue,medium,us-east,55.54,75.19,162.63,True,132.0
2026-03-13 12:08:22.328330,recommendation-engine,cpu_overload,low,us-east,34.51,54.14,221.69,True,152.0
2026-02-18 23:10:22.328330,payment-api,api_timeout,medium,us-east,48.03,69.19,134.03,False,
2026-04-05 07:55:22.328330,notification-service,latency_spike,high,us-east,53.26,80.24,239.8,True,212.0
2026-03-22 09:26:22.328330,payment-api,latency_spike,medium,eu-west,64.86,80.55,258.45,False,
2026-03-25 17:11:22.328330,auth-service,latency_spike,medium,us-east,86.7,64.48,185.63,False,
2026-04-01 02:07:22.328330,search-api,deployment_failure,medium,eu-west,45.48,64.85,297.18,False,
2026-04-25 18:57:22.328330,recommendation-engine,cpu_overload,high,eu-west,84.5,81.52,76.46,True,87.0
2026-03-17 00:22:22.328330,notification-service,database_failure,critical,eu-west,81.25,47.94,291.85,False,
2026-03-16 21:19:22.328330,auth-service,deployment_failure,critical,ap-south,59.48,78.43,113.4,False,
2026-04-20 05:43:22.328330,search-api,memory_leak,high,us-east,82.57,52.42,166.52,False,
2026-04-01 21:43:22.328330,notification-service,deployment_failure,low,eu-west,50.03,48.95,227.56,False,
2026-03-16 01:58:22.328330,payment-api,api_timeout,medium,eu-west,92.09,102.0,227.77,True,138.0
2026-03-11 15:09:22.328330,payment-api,memory_leak,medium,us-east,81.75,72.79,259.91,True,14.0
2026-02-27 03:06:22.328330,recommendation-engine,api_timeout,medium,ap-south,59.87,72.34,263.0,False,
2026-05-05 23:58:22.328330,search-api,deployment_failure,critical,us-east,56.32,69.07,215.33,True,80.0
2026-05-08 00:39:22.328330,recommendation-engine,cpu_overload,high,ap-south,77.4,57.21,215.88,False,
2026-03-23 17:48:22.328330,inventory-engine,database_failure,medium,eu-west,93.68,83.97,327.93,False,
2026-04-01 02:27:22.328330,search-api,memory_leak,high,ap-south,65.37,73.85,300.18,False,
2026-04-05 18:10:22.328330,recommendation-engine,memory_leak,high,ap-south,88.4,46.58,114.76,True,47.0
2026-03-31 23:59:22.328330,search-api,deployment_failure,critical,eu-west,84.64,66.68,166.26,False,
2026-04-10 20:05:22.328330,auth-service,memory_leak,critical,eu-west,46.19,63.34,107.81,True,84.0
2026-03-15 21:08:22.328330,auth-service,memory_leak,low,ap-south,96.37,69.73,215.36,False,
2026-04-18 14:21:22.328330,payment-api,latency_spike,critical,ap-south,73.82,81.55,295.67,True,22.0
2026-04-16 19:56:22.328330,search-api,database_failure,medium,us-east,81.1,62.43,196.17,True,54.0
2026-04-23 17:41:22.328330,inventory-engine,deployment_failure,critical,ap-south,76.54,63.67,219.59,False,
2026-04-15 07:11:22.328330,notification-service,deployment_failure,critical,us-east,70.98,79.42,77.79,True,24.0
2026-03-25 18:52:22.328330,auth-service,latency_spike,medium,us-east,75.72,67.2,276.6,True,72.0
2026-03-28 10:10:22.328330,payment-api,memory_leak,critical,us-east,76.65,89.29,328.28,False,
2026-02-19 17:49:22.328330,analytics-pipeline,network_issue,critical,eu-west,85.2,87.32,243.31,True,5.0
2026-03-08 10:13:22.328330,auth-service,memory_leak,low,ap-south,65.48,80.47,278.57,True,41.0
2026-05-03 17:27:22.328330,recommendation-engine,deployment_failure,low,us-east,60.36,74.86,217.19,True,234.0
2026-02-19 10:51:22.328330,payment-api,memory_leak,critical,us-east,52.19,85.49,224.42,False,
2026-04-18 22:58:22.328330,inventory-engine,database_failure,low,eu-west,95.73,50.49,175.46,False,
2026-04-14 09:16:22.328330,analytics-pipeline,api_timeout,critical,us-east,65.49,83.65,251.96,False,
2026-03-03 09:27:22.328330,notification-service,cpu_overload,low,ap-south,69.66,56.47,127.44,True,47.0
2026-02-21 16:03:22.328330,search-api,deployment_failure,high,ap-south,69.84,53.63,177.45,True,220.0
2026-04-08 22:20:22.328330,notification-service,api_timeout,critical,ap-south,72.51,58.21,348.43,False,
2026-03-17 08:18:22.328330,payment-api,database_failure,critical,ap-south,83.36,51.14,145.41,False,
2026-05-02 12:38:22.328330,payment-api,deployment_failure,high,us-east,30.71,60.61,281.31,False,
2026-03-13 10:06:22.328330,recommendation-engine,memory_leak,medium,us-east,58.79,75.53,98.21,False,
2026-05-02 10:28:22.328330,search-api,latency_spike,medium,us-east,76.97,63.34,220.97,False,
2026-03-31 20:26:22.328330,auth-service,latency_spike,high,us-east,63.61,54.74,127.75,True,238.0
2026-04-15 03:42:22.328330,inventory-engine,database_failure,low,ap-south,79.52,74.79,304.0,False,
2026-05-15 16:16:22.328330,search-api,cpu_overload,critical,us-east,69.87,71.72,81.92,True,183.0
2026-03-15 15:01:22.328330,inventory-engine,cpu_overload,low,ap-south,60.94,69.67,376.25,True,225.0
2026-03-14 08:57:22.328330,recommendation-engine,database_failure,critical,us-east,75.3,88.43,267.8,True,126.0
2026-03-11 11:15:22.328330,analytics-pipeline,network_issue,low,eu-west,54.33,71.41,238.9,False,
2026-05-16 02:31:22.328330,notification-service,network_issue,medium,ap-south,50.91,65.39,203.54,True,227.0
2026-03-02 06:36:22.328330,auth-service,latency_spike,critical,eu-west,89.08,45.03,316.47,True,118.0
2026-03-21 16:55:22.328330,search-api,latency_spike,high,eu-west,50.95,53.54,314.4,False,
2026-02-18 05:14:22.328330,analytics-pipeline,memory_leak,low,us-east,75.98,85.05,284.06,False,
2026-02-26 00:22:22.328330,search-api,memory_leak,high,ap-south,95.9,76.7,207.48,True,175.0
2026-04-12 00:46:22.328330,recommendation-engine,deployment_failure,low,eu-west,70.14,84.92,157.65,True,216.0
2026-03-10 10:26:22.328330,notification-service,memory_leak,high,eu-west,55.22,66.29,51.63,True,118.0
2026-05-14 16:17:22.328330,inventory-engine,database_failure,medium,ap-south,67.07,47.37,224.24,False,
2026-05-02 23:39:22.328330,search-api,network_issue,low,us-east,77.98,64.28,354.17,False,
2026-03-28 16:57:22.328330,inventory-engine,latency_spike,high,us-east,43.09,84.3,274.01,True,149.0
2026-02-23 01:18:22.328330,recommendation-engine,latency_spike,low,eu-west,39.26,102.53,214.9,True,191.0
2026-05-10 20:44:22.328330,auth-service,cpu_overload,low,eu-west,51.84,53.11,202.4,True,60.0
2026-03-21 15:54:22.328330,inventory-engine,api_timeout,low,ap-south,63.09,71.23,196.18,True,83.0
2026-03-03 12:23:22.328330,search-api,network_issue,medium,ap-south,74.5,65.35,65.2,True,84.0
2026-05-13 21:00:22.328330,recommendation-engine,network_issue,high,eu-west,62.76,41.59,248.3,False,
2026-05-05 22:45:22.328330,notification-service,cpu_overload,critical,eu-west,50.31,71.96,325.13,True,74.0
2026-02-27 07:19:22.328330,auth-service,memory_leak,high,us-east,50.77,82.74,185.33,False,
2026-04-24 15:36:22.328330,payment-api,api_timeout,high,ap-south,91.3,65.62,152.76,False,
2026-04-16 23:25:22.328330,analytics-pipeline,network_issue,critical,ap-south,75.31,64.77,152.68,True,14.0
2026-02-21 06:56:22.328330,analytics-pipeline,database_failure,critical,eu-west,57.83,69.46,327.37,True,184.0
2026-04-09 05:44:22.328330,inventory-engine,network_issue,high,eu-west,35.99,70.28,269.99,False,
2026-03-16 01:05:22.328330,notification-service,database_failure,high,eu-west,67.9,85.72,214.05,True,71.0
2026-04-28 20:43:22.328330,recommendation-engine,cpu_overload,low,eu-west,62.23,77.11,227.95,True,126.0
2026-05-06 00:05:22.328330,recommendation-engine,database_failure,high,us-east,59.14,76.19,167.8,False,
2026-03-19 19:25:22.328330,notification-service,latency_spike,high,ap-south,55.83,63.66,328.25,True,166.0
2026-04-16 01:31:22.328330,analytics-pipeline,latency_spike,medium,us-east,16.68,74.75,222.74,False,
2026-04-18 06:19:22.328330,inventory-engine,network_issue,low,eu-west,39.79,73.72,258.06,False,
2026-04-20 20:26:22.328330,auth-service,api_timeout,medium,eu-west,73.84,38.18,329.31,False,
2026-03-06 01:44:22.328330,notification-service,api_timeout,critical,ap-south,53.93,78.24,279.29,False,
2026-04-05 14:58:22.328330,analytics-pipeline,memory_leak,high,ap-south,51.85,77.93,189.16,False,
2026-03-25 00:44:22.328330,inventory-engine,api_timeout,critical,us-east,33.93,84.01,158.0,True,229.0
2026-04-27 09:40:22.328330,analytics-pipeline,database_failure,low,us-east,52.18,65.16,241.78,False,
2026-03-09 06:31:22.328330,inventory-engine,database_failure,critical,ap-south,64.14,76.58,112.84,True,46.0
2026-04-02 02:35:22.328330,auth-service,cpu_overload,medium,ap-south,53.86,68.61,371.83,True,38.0
2026-03-19 08:16:22.328330,inventory-engine,deployment_failure,low,eu-west,63.29,83.02,223.08,False,
2026-03-07 13:28:22.328330,analytics-pipeline,memory_leak,high,us-east,57.75,67.04,206.53,False,
2026-05-03 16:19:22.328330,recommendation-engine,latency_spike,medium,eu-west,74.05,86.5,248.77,True,82.0
2026-04-20 17:42:22.328330,payment-api,memory_leak,medium,eu-west,82.81,58.42,186.83,False,
2026-05-10 12:32:22.328330,search-api,memory_leak,medium,ap-south,54.14,73.77,191.28,False,
2026-05-18 06:42:22.328330,recommendation-engine,memory_leak,high,eu-west,75.95,58.83,223.44,False,
2026-03-29 16:23:22.328330,search-api,api_timeout,medium,us-east,75.3,45.22,389.73,False,
2026-03-04 01:24:22.328330,recommendation-engine,network_issue,medium,eu-west,60.75,45.7,232.65,False,
2026-05-07 00:47:22.328330,inventory-engine,deployment_failure,medium,us-east,65.5,69.02,299.3,False,
2026-02-25 23:45:22.328330,inventory-engine,deployment_failure,critical,ap-south,76.21,73.57,256.01,False,
2026-03-31 02:43:22.328330,payment-api,cpu_overload,critical,ap-south,63.43,91.31,101.66,True,61.0
2026-02-27 02:55:22.328330,notification-service,memory_leak,medium,us-east,67.09,70.78,285.06,False,
2026-04-17 19:06:22.328330,notification-service,deployment_failure,low,ap-south,52.34,49.08,232.55,False,
2026-02-24 11:34:22.328330,payment-api,network_issue,medium,eu-west,69.22,87.88,118.37,False,
2026-05-01 14:53:22.328330,payment-api,memory_leak,high,us-east,82.32,98.41,189.78,True,91.0
2026-04-13 18:30:22.328330,search-api,memory_leak,critical,eu-west,45.64,65.12,221.12,False,
2026-04-20 09:55:22.328330,recommendation-engine,network_issue,critical,eu-west,73.46,62.9,344.42,False,
2026-02-20 11:36:22.328330,recommendation-engine,memory_leak,medium,us-east,48.28,49.13,308.54,True,124.0
2026-03-06 08:16:22.328330,payment-api,cpu_overload,low,ap-south,30.88,67.55,469.41,False,
2026-03-06 14:08:22.328330,analytics-pipeline,latency_spike,medium,us-east,64.82,56.55,215.41,True,152.0
2026-04-02 14:01:22.328330,recommendation-engine,network_issue,critical,eu-west,64.24,71.93,272.98,False,
2026-03-20 05:13:22.328330,search-api,api_timeout,critical,eu-west,49.41,90.25,239.61,False,
2026-04-10 01:07:22.328330,inventory-engine,network_issue,low,ap-south,75.9,62.46,322.91,False,
2026-04-03 00:44:22.328330,inventory-engine,deployment_failure,critical,ap-south,61.14,73.33,145.35,False,
2026-03-02 21:24:22.328330,notification-service,cpu_overload,low,eu-west,50.05,78.26,184.51,False,
2026-03-31 07:58:22.328330,analytics-pipeline,api_timeout,low,eu-west,52.19,62.28,275.92,True,91.0
2026-02-21 10:08:22.328330,search-api,database_failure,high,eu-west,55.56,68.59,221.2,False,
2026-04-09 03:29:22.328330,payment-api,api_timeout,high,eu-west,36.24,52.35,246.9,True,227.0
2026-04-04 03:55:22.328330,recommendation-engine,cpu_overload,low,ap-south,53.94,82.68,297.34,False,
2026-04-25 18:18:22.328330,recommendation-engine,cpu_overload,high,eu-west,75.79,91.84,213.35,False,
2026-05-02 11:04:22.328330,inventory-engine,cpu_overload,critical,eu-west,74.73,62.99,416.19,False,
2026-04-19 04:20:22.328330,inventory-engine,network_issue,low,ap-south,94.75,70.14,250.93,True,96.0
2026-03-13 02:38:22.328330,payment-api,database_failure,critical,eu-west,85.39,68.23,167.47,True,26.0
2026-03-31 00:49:22.328330,payment-api,memory_leak,medium,ap-south,78.11,70.94,234.64,False,
2026-04-09 11:45:22.328330,inventory-engine,cpu_overload,critical,ap-south,52.49,49.39,238.89,True,240.0
2026-03-04 14:01:22.328330,analytics-pipeline,network_issue,critical,eu-west,78.57,67.29,334.91,True,88.0
2026-04-14 19:07:22.328330,payment-api,memory_leak,low,us-east,54.44,57.34,214.62,True,91.0
2026-02-23 07:29:22.328330,search-api,network_issue,high,us-east,63.76,79.24,158.0,False,
2026-05-16 16:37:22.328330,auth-service,network_issue,high,ap-south,85.52,93.6,216.87,True,219.0
2026-02-24 16:27:22.328330,recommendation-engine,latency_spike,medium,ap-south,83.75,57.32,306.02,False,
2026-04-21 03:09:22.328330,notification-service,database_failure,medium,ap-south,80.71,80.36,218.75,True,100.0
2026-03-27 13:02:22.328330,recommendation-engine,memory_leak,critical,us-east,20.69,62.3,169.93,True,75.0
2026-04-03 01:50:22.328330,search-api,latency_spike,critical,eu-west,50.33,71.47,186.48,False,
2026-04-23 21:50:22.328330,payment-api,api_timeout,medium,eu-west,52.63,57.29,162.76,False,
2026-03-19 21:48:22.328330,auth-service,cpu_overload,high,us-east,81.82,62.07,178.8,False,
2026-05-09 21:17:22.328330,auth-service,memory_leak,low,ap-south,58.15,74.07,256.5,False,
2026-04-28 14:36:22.328330,payment-api,database_failure,high,ap-south,19.33,82.26,334.91,False,
2026-03-26 05:11:22.328330,recommendation-engine,network_issue,high,ap-south,49.25,58.33,183.98,False,
2026-04-05 10:32:22.328330,notification-service,latency_spike,high,us-east,53.66,72.69,64.28,False,
2026-04-17 04:52:22.328330,analytics-pipeline,api_timeout,medium,us-east,48.23,88.47,145.74,False,
2026-04-29 13:22:22.328330,notification-service,network_issue,medium,ap-south,83.65,74.26,75.26,False,
2026-04-25 10:56:22.328330,recommendation-engine,latency_spike,low,ap-south,74.53,68.59,183.56,False,
2026-03-28 15:16:22.328330,inventory-engine,latency_spike,medium,ap-south,68.67,75.7,276.61,False,
2026-04-21 01:20:22.328330,inventory-engine,deployment_failure,high,us-east,82.67,74.9,109.95,False,
2026-05-16 00:55:22.328330,auth-service,database_failure,medium,ap-south,57.9,105.32,277.96,False,
2026-03-28 07:29:22.328330,recommendation-engine,api_timeout,low,us-east,100.54,86.75,239.34,False,
2026-04-27 08:45:22.328330,recommendation-engine,database_failure,medium,us-east,69.52,69.56,80.98,True,29.0
2026-04-12 16:59:22.328330,auth-service,memory_leak,low,ap-south,65.27,84.53,172.03,False,
2026-05-02 11:18:22.328330,analytics-pipeline,memory_leak,critical,ap-south,71.18,80.22,147.23,False,
2026-04-16 16:30:22.328330,analytics-pipeline,memory_leak,critical,ap-south,58.23,57.79,154.23,False,
2026-04-19 15:46:22.328330,analytics-pipeline,cpu_overload,low,ap-south,45.69,59.19,333.56,False,
2026-04-03 00:12:22.328330,notification-service,database_failure,critical,eu-west,51.27,71.52,179.77,False,
2026-04-03 16:32:22.328330,analytics-pipeline,api_timeout,high,us-east,82.68,85.73,289.13,True,228.0
2026-05-02 13:29:22.328330,recommendation-engine,cpu_overload,low,ap-south,69.59,67.23,124.65,False,
2026-03-10 06:51:22.328330,recommendation-engine,network_issue,medium,ap-south,94.15,60.88,273.09,True,103.0
2026-03-26 22:08:22.328330,search-api,api_timeout,critical,us-east,80.89,63.34,303.04,True,167.0
2026-05-16 02:04:22.328330,notification-service,memory_leak,medium,ap-south,76.46,90.74,182.45,True,158.0
2026-03-27 19:03:22.328330,search-api,api_timeout,low,us-east,45.71,63.93,236.71,True,47.0
2026-03-27 21:50:22.328330,search-api,api_timeout,low,us-east,65.87,65.28,67.26,True,195.0
2026-03-24 23:51:22.328330,analytics-pipeline,network_issue,critical,ap-south,72.06,93.67,257.14,True,222.0
2026-02-24 14:35:22.328330,auth-service,api_timeout,high,ap-south,74.14,76.87,251.76,True,49.0
2026-04-05 18:02:22.328330,search-api,memory_leak,high,eu-west,78.97,74.74,194.99,False,
2026-05-12 19:55:22.328330,payment-api,memory_leak,critical,us-east,53.06,67.01,245.13,True,180.0
2026-03-24 19:41:22.328330,recommendation-engine,memory_leak,medium,us-east,60.26,73.77,255.13,True,210.0
2026-03-24 18:02:22.328330,analytics-pipeline,cpu_overload,medium,eu-west,77.5,85.39,226.24,False,
2026-03-14 00:10:22.328330,payment-api,latency_spike,low,ap-south,45.38,65.86,223.53,False,
2026-02-28 19:23:22.328330,notification-service,api_timeout,critical,eu-west,37.46,86.66,231.39,False,
2026-02-20 13:39:22.328330,inventory-engine,network_issue,low,ap-south,70.72,86.39,169.59,True,117.0
2026-04-04 23:10:22.328330,analytics-pipeline,network_issue,low,us-east,73.61,68.68,205.27,False,
2026-03-04 08:03:22.328330,analytics-pipeline,network_issue,low,us-east,53.42,89.99,189.96,False,
2026-03-14 12:01:22.328330,notification-service,network_issue,critical,us-east,75.49,47.5,314.4,True,31.0
2026-05-05 10:36:22.328330,analytics-pipeline,cpu_overload,low,ap-south,80.78,71.17,201.84,True,98.0
2026-04-11 03:32:22.328330,search-api,cpu_overload,medium,eu-west,71.0,97.47,78.94,False,
2026-04-29 14:34:22.328330,inventory-engine,latency_spike,high,ap-south,76.73,59.06,218.41,True,122.0
2026-02-25 21:11:22.328330,search-api,api_timeout,medium,us-east,61.28,64.86,219.16,False,
2026-04-21 20:26:22.328330,search-api,api_timeout,high,us-east,47.99,82.35,76.47,False,
2026-03-28 00:11:22.328330,inventory-engine,database_failure,low,eu-west,73.1,66.08,126.33,True,138.0
2026-04-22 11:25:22.328330,payment-api,memory_leak,high,ap-south,68.04,51.32,223.18,False,
2026-03-14 18:11:22.328330,inventory-engine,cpu_overload,medium,ap-south,43.66,75.54,146.05,False,
2026-04-05 11:14:22.328330,search-api,api_timeout,high,eu-west,58.24,73.53,158.2,True,42.0
2026-03-24 10:31:22.328330,inventory-engine,deployment_failure,critical,us-east,64.13,51.83,270.47,True,12.0
2026-03-02 06:39:22.328330,auth-service,database_failure,high,eu-west,91.47,103.51,227.29,True,71.0
2026-04-15 13:59:22.328330,search-api,database_failure,critical,us-east,76.82,48.63,340.22,True,93.0
2026-03-21 03:00:22.328330,auth-service,database_failure,high,ap-south,76.64,64.19,318.97,False,
2026-04-14 07:48:22.328330,analytics-pipeline,api_timeout,medium,ap-south,61.18,64.5,258.03,False,
2026-05-02 18:22:22.328330,recommendation-engine,api_timeout,low,ap-south,49.05,82.26,135.52,True,92.0
2026-04-28 06:22:22.328330,inventory-engine,memory_leak,medium,eu-west,49.25,59.08,280.76,False,
2026-03-24 07:55:22.328330,analytics-pipeline,network_issue,low,ap-south,55.75,53.82,171.55,True,96.0
2026-04-03 07:53:22.328330,recommendation-engine,database_failure,low,ap-south,64.52,55.83,127.87,True,194.0
2026-04-30 07:04:22.328330,inventory-engine,network_issue,low,us-east,96.67,59.67,194.16,True,89.0
2026-04-02 13:02:22.328330,payment-api,cpu_overload,low,eu-west,59.49,64.94,269.71,False,
2026-03-28 03:32:22.328330,notification-service,memory_leak,medium,us-east,79.22,66.33,121.08,True,181.0
2026-02-22 12:03:22.328330,search-api,deployment_failure,medium,eu-west,84.12,68.86,358.43,False,
2026-05-02 13:54:22.328330,payment-api,database_failure,high,ap-south,31.32,72.34,373.49,False,
2026-05-10 09:56:22.328330,search-api,memory_leak,low,eu-west,59.7,67.29,243.64,False,
2026-05-13 04:33:22.328330,auth-service,memory_leak,medium,ap-south,56.62,66.26,192.97,False,
2026-04-06 11:18:22.328330,payment-api,database_failure,low,us-east,55.59,84.75,256.89,True,55.0
2026-04-05 04:39:22.328330,payment-api,api_timeout,low,us-east,68.76,79.7,198.85,True,30.0
2026-03-30 08:41:22.328330,notification-service,memory_leak,critical,us-east,53.39,62.77,220.14,True,153.0
2026-04-09 14:42:22.328330,analytics-pipeline,latency_spike,critical,ap-south,49.11,64.0,178.71,True,155.0
2026-03-06 09:17:22.328330,search-api,database_failure,critical,eu-west,96.87,36.71,205.63,False,
2026-03-11 01:09:22.328330,recommendation-engine,database_failure,high,us-east,90.89,71.46,280.27,True,89.0
2026-04-02 13:19:22.328330,recommendation-engine,database_failure,high,ap-south,66.5,61.99,40.65,False,
2026-04-24 16:21:22.328330,analytics-pipeline,database_failure,medium,us-east,68.08,60.69,155.97,False,
2026-03-18 00:44:22.328330,notification-service,database_failure,high,ap-south,57.52,90.94,412.39,False,
2026-05-08 14:00:22.328330,analytics-pipeline,memory_leak,critical,eu-west,68.26,64.42,125.82,False,
2026-02-26 09:55:22.328330,notification-service,api_timeout,critical,eu-west,72.03,91.39,200.21,True,21.0
2026-03-10 12:18:22.328330,recommendation-engine,network_issue,high,eu-west,29.32,78.04,298.83,False,
2026-04-17 13:27:22.328330,search-api,network_issue,medium,eu-west,41.21,72.12,256.1,True,200.0
2026-04-27 15:08:22.328330,auth-service,cpu_overload,high,us-east,63.9,60.51,301.27,False,
2026-05-09 08:41:22.328330,search-api,cpu_overload,medium,ap-south,58.95,52.18,56.04,True,87.0
2026-05-04 11:52:22.328330,auth-service,deployment_failure,critical,eu-west,83.91,77.4,227.04,True,161.0
2026-03-19 10:03:22.328330,auth-service,cpu_overload,critical,ap-south,58.4,63.65,133.94,False,
2026-03-08 18:06:22.328330,search-api,cpu_overload,medium,us-east,58.53,44.56,161.11,False,
2026-02-22 16:26:22.328330,analytics-pipeline,deployment_failure,high,us-east,60.34,77.32,216.81,True,83.0
2026-04-18 08:29:22.328330,search-api,cpu_overload,high,us-east,76.92,86.19,304.65,False,
2026-04-10 00:26:22.328330,notification-service,api_timeout,critical,eu-west,72.06,70.14,141.54,False,
2026-05-13 16:41:22.328330,recommendation-engine,cpu_overload,medium,us-east,76.1,90.16,247.37,False,
2026-05-16 22:57:22.328330,analytics-pipeline,network_issue,medium,eu-west,93.76,51.69,127.67,False,
2026-04-21 21:31:22.328330,analytics-pipeline,cpu_overload,low,us-east,77.83,73.17,325.1,False,
2026-03-07 17:43:22.328330,recommendation-engine,cpu_overload,medium,eu-west,64.77,59.58,202.91,False,
2026-03-01 18:40:22.328330,inventory-engine,latency_spike,low,eu-west,42.01,56.46,297.8,True,88.0
2026-03-13 22:25:22.328330,recommendation-engine,network_issue,critical,eu-west,78.09,74.36,82.31,False,
2026-03-17 02:59:22.328330,search-api,api_timeout,medium,us-east,59.62,55.3,314.12,False,
2026-05-13 07:56:22.328330,payment-api,latency_spike,high,us-east,56.24,56.97,222.38,False,
2026-04-08 20:25:22.328330,inventory-engine,latency_spike,critical,eu-west,55.4,87.8,161.22,True,88.0
2026-02-18 18:50:22.328330,analytics-pipeline,network_issue,critical,eu-west,44.01,44.17,217.54,True,155.0
2026-04-21 12:39:22.328330,notification-service,memory_leak,low,us-east,56.57,52.85,315.14,True,88.0
2026-03-27 14:21:22.328330,notification-service,deployment_failure,high,ap-south,75.01,69.66,329.15,False,
2026-03-16 23:07:22.328330,payment-api,memory_leak,low,ap-south,74.94,60.13,136.86,False,
2026-02-20 14:28:22.328330,analytics-pipeline,cpu_overload,critical,ap-south,77.27,74.76,233.58,True,52.0
2026-04-19 11:41:22.328330,recommendation-engine,memory_leak,critical,us-east,52.3,77.3,159.56,False,
2026-04-30 14:49:22.328330,search-api,network_issue,high,us-east,63.47,87.36,167.13,True,40.0
2026-05-07 21:08:22.328330,search-api,api_timeout,critical,us-east,41.41,57.37,299.54,False,
2026-03-07 02:02:22.328330,payment-api,deployment_failure,low,ap-south,68.82,68.45,179.27,False,
2026-05-17 06:07:22.328330,notification-service,api_timeout,low,ap-south,72.28,59.81,244.45,False,
2026-03-07 19:26:22.328330,notification-service,api_timeout,high,ap-south,54.03,59.23,169.0,False,
2026-03-21 23:42:22.328330,payment-api,network_issue,low,ap-south,59.37,69.41,238.84,True,147.0
2026-03-08 16:17:22.328330,payment-api,database_failure,medium,ap-south,9.67,60.31,188.67,True,151.0
2026-02-23 18:17:22.328330,recommendation-engine,database_failure,medium,eu-west,87.58,57.04,233.02,False,
2026-03-05 07:06:22.328330,inventory-engine,api_timeout,critical,ap-south,87.43,54.24,251.52,True,171.0
2026-04-18 15:40:22.328330,payment-api,memory_leak,high,us-east,52.97,63.94,155.75,False,
2026-02-26 18:35:22.328330,payment-api,api_timeout,high,eu-west,54.02,102.66,287.56,False,
2026-05-17 00:17:22.328330,payment-api,memory_leak,high,us-east,81.53,75.9,91.5,True,71.0
2026-03-01 20:29:22.328330,auth-service,database_failure,high,ap-south,70.92,82.88,151.73,False,
2026-03-20 05:40:22.328330,search-api,memory_leak,high,ap-south,79.48,78.45,368.16,True,53.0
2026-03-09 08:53:22.328330,auth-service,memory_leak,high,eu-west,58.73,56.83,191.07,True,11.0
2026-03-31 04:14:22.328330,notification-service,deployment_failure,low,eu-west,86.53,48.06,54.53,False,
2026-02-20 20:01:22.328330,payment-api,cpu_overload,high,eu-west,66.34,64.69,220.62,True,56.0
2026-04-21 03:45:22.328330,auth-service,api_timeout,high,eu-west,79.18,63.37,70.16,True,202.0
2026-04-16 09:15:22.328330,payment-api,memory_leak,critical,eu-west,95.67,58.03,135.28,False,
2026-05-16 09:58:22.328330,recommendation-engine,deployment_failure,medium,us-east,81.56,65.39,214.93,True,119.0
2026-04-08 19:29:22.328330,recommendation-engine,memory_leak,medium,us-east,72.24,83.0,193.32,True,28.0
2026-02-19 12:10:22.328330,auth-service,database_failure,low,eu-west,87.8,44.37,280.78,True,35.0
2026-02-22 02:32:22.328330,recommendation-engine,network_issue,high,ap-south,52.41,86.47,231.36,False,
2026-04-10 22:39:22.328330,auth-service,memory_leak,low,ap-south,54.91,77.95,291.46,False,
2026-04-05 05:21:22.328330,inventory-engine,database_failure,low,us-east,74.63,57.64,181.28,True,6.0
2026-04-14 03:19:22.328330,analytics-pipeline,api_timeout,critical,eu-west,64.94,69.5,279.98,False,
2026-04-15 22:13:22.328330,inventory-engine,deployment_failure,low,us-east,34.78,74.01,196.8,False,
2026-04-27 20:28:22.328330,search-api,latency_spike,critical,us-east,52.42,61.09,202.84,True,75.0
2026-03-13 07:37:22.328330,search-api,cpu_overload,low,eu-west,10.98,61.58,149.93,True,50.0
2026-03-28 08:10:22.328330,payment-api,memory_leak,medium,eu-west,72.99,60.33,202.79,False,
2026-03-10 08:16:22.328330,payment-api,latency_spike,medium,ap-south,88.13,81.93,292.18,False,
2026-04-14 21:31:22.328330,notification-service,api_timeout,medium,us-east,57.5,76.52,201.29,True,49.0
2026-02-22 12:09:22.328330,notification-service,memory_leak,medium,us-east,62.06,74.92,172.24,True,206.0
2026-05-03 22:48:22.328330,payment-api,api_timeout,medium,us-east,87.4,68.08,269.47,False,
2026-03-22 19:30:22.328330,inventory-engine,deployment_failure,high,ap-south,86.83,82.38,107.29,False,
2026-05-16 03:18:22.328330,analytics-pipeline,latency_spike,high,eu-west,71.67,80.21,291.35,False,
2026-05-15 14:45:22.328330,search-api,deployment_failure,medium,us-east,48.3,62.12,299.56,True,143.0
2026-04-14 09:52:22.328330,analytics-pipeline,database_failure,medium,eu-west,53.57,66.4,346.07,True,8.0
2026-04-16 23:50:22.328330,auth-service,latency_spike,critical,eu-west,64.28,61.28,149.79,True,126.0
2026-04-06 10:56:22.328330,recommendation-engine,deployment_failure,critical,eu-west,69.99,54.0,200.21,True,84.0
2026-04-05 09:08:22.328330,recommendation-engine,cpu_overload,medium,us-east,70.0,85.59,273.4,False,
2026-02-20 15:07:22.328330,notification-service,network_issue,low,us-east,54.29,84.14,196.04,False,
2026-03-11 13:54:22.328330,analytics-pipeline,deployment_failure,medium,eu-west,46.46,67.94,335.05,True,136.0
2026-05-06 21:56:22.328330,analytics-pipeline,memory_leak,medium,ap-south,67.48,70.15,350.98,True,195.0
2026-05-10 02:26:22.328330,search-api,api_timeout,high,ap-south,43.53,54.57,90.73,True,68.0
2026-04-28 03:19:22.328330,inventory-engine,memory_leak,high,us-east,70.59,72.0,343.42,False,
2026-03-18 21:28:22.328330,notification-service,database_failure,high,eu-west,68.65,65.15,220.14,False,
2026-04-10 07:35:22.328330,inventory-engine,network_issue,medium,ap-south,66.77,49.94,436.83,True,196.0
2026-02-25 06:17:22.328330,analytics-pipeline,api_timeout,low,eu-west,72.8,72.52,269.21,True,8.0
2026-05-05 17:13:22.328330,search-api,latency_spike,medium,eu-west,75.64,68.31,169.5,False,
2026-04-19 08:56:22.328330,payment-api,database_failure,critical,us-east,73.99,74.63,155.21,False,
2026-05-01 15:22:22.328330,search-api,deployment_failure,critical,us-east,86.29,73.52,278.39,True,121.0
2026-03-23 04:14:22.328330,inventory-engine,database_failure,critical,eu-west,85.88,70.26,245.36,False,
2026-03-20 01:38:22.328330,analytics-pipeline,database_failure,high,us-east,77.15,61.3,224.32,True,70.0
2026-04-17 16:37:22.328330,analytics-pipeline,deployment_failure,critical,ap-south,66.88,58.53,405.41,False,
2026-03-19 08:37:22.328330,payment-api,network_issue,high,ap-south,43.89,54.42,325.14,False,
2026-05-12 23:38:22.328330,analytics-pipeline,cpu_overload,critical,ap-south,75.7,57.69,268.58,True,144.0
2026-05-07 05:46:22.328330,payment-api,memory_leak,critical,eu-west,87.02,69.64,427.91,True,145.0
2026-03-14 20:36:22.328330,inventory-engine,memory_leak,high,us-east,39.14,78.33,313.32,False,
2026-04-09 00:42:22.328330,notification-service,latency_spike,medium,us-east,78.37,67.55,196.76,True,41.0
2026-03-03 06:28:22.328330,search-api,memory_leak,low,eu-west,71.66,79.79,268.2,False,
2026-03-31 21:22:22.328330,notification-service,deployment_failure,medium,ap-south,80.6,57.77,201.78,True,209.0
2026-03-31 04:49:22.328330,inventory-engine,database_failure,medium,ap-south,50.9,65.37,301.22,True,100.0
2026-05-04 06:43:22.328330,payment-api,network_issue,medium,ap-south,66.62,101.28,235.47,True,220.0
2026-02-23 00:28:22.328330,analytics-pipeline,network_issue,medium,ap-south,65.9,71.27,168.98,False,
2026-03-01 14:32:22.328330,auth-service,cpu_overload,low,us-east,64.13,83.53,229.12,False,
2026-04-13 06:02:22.328330,notification-service,api_timeout,critical,us-east,53.1,58.9,183.98,False,
2026-05-06 08:09:22.328330,search-api,cpu_overload,low,eu-west,66.11,84.32,112.76,False,
2026-03-15 06:07:22.328330,notification-service,network_issue,high,eu-west,60.2,71.73,73.3,True,20.0
2026-03-10 23:49:22.328330,recommendation-engine,memory_leak,medium,us-east,52.5,61.84,156.32,True,200.0
2026-02-19 05:56:22.328330,analytics-pipeline,memory_leak,critical,eu-west,67.88,68.07,175.58,False,
2026-04-13 03:21:22.328330,notification-service,memory_leak,medium,us-east,71.42,90.68,351.14,True,62.0
2026-02-20 01:01:22.328330,inventory-engine,memory_leak,critical,eu-west,36.16,76.92,205.76,True,57.0
2026-04-08 08:56:22.328330,auth-service,network_issue,high,us-east,67.33,65.22,229.41,True,168.0
2026-05-08 01:17:22.328330,notification-service,cpu_overload,low,ap-south,67.27,63.05,148.29,False,
2026-04-27 14:18:22.328330,search-api,api_timeout,high,eu-west,58.27,72.81,267.92,False,
2026-05-04 17:48:22.328330,payment-api,deployment_failure,high,us-east,77.8,64.07,242.71,True,102.0
2026-03-03 10:55:22.328330,inventory-engine,latency_spike,critical,us-east,79.44,83.99,215.29,True,229.0
2026-03-15 03:01:22.328330,search-api,deployment_failure,critical,us-east,61.69,72.29,128.02,True,138.0
2026-05-09 08:24:22.328330,payment-api,network_issue,high,eu-west,62.1,78.94,271.36,False,
2026-03-03 13:41:22.328330,search-api,api_timeout,critical,eu-west,60.95,72.61,154.03,True,226.0
2026-03-09 15:32:22.328330,inventory-engine,deployment_failure,high,us-east,75.55,69.07,197.92,False,
2026-04-10 12:47:22.328330,search-api,deployment_failure,high,us-east,59.57,69.25,184.17,True,8.0
2026-05-09 12:35:22.328330,search-api,deployment_failure,critical,eu-west,74.87,65.26,347.44,False,
2026-04-28 13:53:22.328330,notification-service,api_timeout,high,eu-west,86.98,59.3,225.58,False,
2026-03-28 16:42:22.328330,notification-service,deployment_failure,critical,ap-south,55.24,66.08,380.19,False,
2026-05-14 21:32:22.328330,notification-service,latency_spike,low,ap-south,60.39,74.32,263.31,True,35.0
2026-02-19 17:39:22.328330,analytics-pipeline,memory_leak,high,ap-south,49.99,59.74,123.52,False,
2026-03-05 12:30:22.328330,recommendation-engine,network_issue,low,us-east,51.71,35.8,263.57,False,
2026-03-02 03:47:22.328330,recommendation-engine,database_failure,low,us-east,95.81,71.77,106.7,False,
2026-03-18 19:54:22.328330,payment-api,memory_leak,medium,eu-west,55.36,64.49,138.59,False,
2026-05-09 17:40:22.328330,inventory-engine,api_timeout,low,ap-south,77.9,79.72,127.56,False,
2026-03-02 09:54:22.328330,inventory-engine,cpu_overload,high,us-east,75.88,88.32,372.2,True,75.0
2026-04-08 03:11:22.328330,analytics-pipeline,latency_spike,high,us-east,107.98,59.18,445.94,False,
2026-03-09 18:27:22.328330,analytics-pipeline,memory_leak,medium,ap-south,59.69,62.89,246.17,False,
2026-03-12 07:25:22.328330,recommendation-engine,deployment_failure,high,eu-west,56.27,74.79,114.39,False,
2026-03-01 18:08:22.328330,payment-api,cpu_overload,high,ap-south,61.42,85.43,215.44,True,86.0
2026-03-04 07:13:22.328330,inventory-engine,latency_spike,low,ap-south,67.12,75.7,313.65,False,
2026-04-20 05:55:22.328330,notification-service,api_timeout,medium,us-east,40.17,77.01,198.55,True,72.0
2026-03-01 19:36:22.328330,search-api,api_timeout,high,us-east,67.5,82.72,124.47,False,
2026-02-26 04:39:22.328330,inventory-engine,deployment_failure,medium,eu-west,49.81,46.77,176.07,False,
2026-05-17 06:43:22.328330,payment-api,memory_leak,high,ap-south,84.96,68.55,112.79,False,
2026-03-10 20:19:22.328330,notification-service,database_failure,medium,us-east,57.71,52.15,129.99,True,55.0
2026-05-10 05:33:22.328330,payment-api,network_issue,critical,us-east,70.83,55.91,309.01,True,188.0
2026-04-17 18:25:22.328330,notification-service,cpu_overload,critical,eu-west,63.93,71.03,197.73,False,
2026-05-09 07:08:22.328330,analytics-pipeline,network_issue,high,ap-south,76.59,79.4,246.8,True,87.0
2026-04-28 06:22:22.328330,recommendation-engine,deployment_failure,low,eu-west,73.47,67.45,263.38,True,175.0
2026-04-23 19:25:22.328330,payment-api,api_timeout,medium,ap-south,59.93,70.03,198.03,True,67.0
2026-02-28 01:45:22.328330,auth-service,api_timeout,medium,eu-west,58.14,61.73,257.42,True,80.0
2026-04-26 13:11:22.328330,payment-api,deployment_failure,critical,us-east,84.66,84.05,119.47,False,
2026-03-29 02:12:22.328330,notification-service,database_failure,medium,us-east,84.34,66.18,268.06,True,222.0
2026-04-01 12:40:22.328330,notification-service,api_timeout,critical,ap-south,51.41,71.7,245.1,False,
2026-03-15 09:36:22.328330,analytics-pipeline,cpu_overload,high,us-east,42.73,77.3,327.67,False,
2026-04-15 13:13:22.328330,auth-service,cpu_overload,high,eu-west,62.38,86.32,204.82,True,87.0
2026-03-01 10:56:22.328330,analytics-pipeline,network_issue,medium,ap-south,77.74,43.38,413.5,True,29.0
2026-02-18 10:27:22.328330,analytics-pipeline,database_failure,critical,ap-south,87.43,66.58,62.23,False,
2026-05-09 04:33:22.328330,analytics-pipeline,deployment_failure,medium,ap-south,69.32,52.67,255.59,False,
2026-03-14 09:58:22.328330,search-api,network_issue,medium,us-east,71.17,58.7,309.68,False,
2026-03-27 11:01:22.328330,analytics-pipeline,latency_spike,critical,ap-south,77.08,81.71,220.71,False,
2026-04-03 11:30:22.328330,notification-service,api_timeout,low,eu-west,43.77,81.73,198.37,True,148.0
2026-04-07 21:49:22.328330,notification-service,network_issue,low,us-east,44.15,86.22,387.95,False,
2026-02-28 18:15:22.328330,search-api,memory_leak,low,ap-south,64.38,95.91,227.31,False,
2026-05-12 18:37:22.328330,search-api,cpu_overload,high,ap-south,59.29,62.43,350.97,True,187.0
2026-03-25 07:44:22.328330,recommendation-engine,api_timeout,medium,us-east,53.3,78.82,175.27,True,174.0
2026-04-07 13:51:22.328330,inventory-engine,database_failure,high,us-east,58.1,82.36,189.6,True,150.0
2026-03-07 01:20:22.328330,notification-service,api_timeout,medium,ap-south,58.93,83.59,347.79,False,
2026-03-01 04:50:22.328330,payment-api,database_failure,low,ap-south,74.67,62.14,179.15,False,
2026-03-26 06:13:22.328330,payment-api,deployment_failure,low,ap-south,66.2,73.85,140.97,True,140.0
2026-04-11 01:45:22.328330,search-api,memory_leak,medium,eu-west,75.85,71.03,82.74,True,218.0
2026-05-02 05:35:22.328330,payment-api,network_issue,critical,ap-south,51.07,63.95,214.17,True,89.0
2026-05-10 14:51:22.328330,payment-api,api_timeout,critical,us-east,93.34,72.86,152.74,False,
2026-03-16 08:10:22.328330,recommendation-engine,memory_leak,high,eu-west,68.31,65.77,245.98,True,84.0
2026-04-16 09:39:22.328330,auth-service,network_issue,critical,us-east,73.71,84.51,218.06,False,
2026-05-10 11:18:22.328330,auth-service,cpu_overload,critical,eu-west,89.58,80.9,163.4,True,94.0
2026-02-18 00:21:22.328330,search-api,network_issue,low,us-east,98.15,73.92,153.19,False,
2026-03-11 07:09:22.328330,payment-api,database_failure,high,eu-west,89.79,94.93,217.36,True,147.0
2026-05-13 08:18:22.328330,search-api,cpu_overload,low,eu-west,57.45,67.93,277.18,True,140.0
2026-05-17 14:02:22.328330,payment-api,cpu_overload,critical,us-east,84.17,76.85,228.14,True,209.0
2026-02-25 08:11:22.328330,notification-service,database_failure,high,eu-west,87.47,66.25,302.47,True,53.0
2026-03-21 19:06:22.328330,notification-service,api_timeout,medium,ap-south,60.68,75.17,210.91,True,93.0
2026-05-09 21:41:22.328330,analytics-pipeline,network_issue,medium,ap-south,64.16,65.47,327.59,False,
2026-03-27 11:37:22.328330,auth-service,api_timeout,medium,ap-south,54.01,61.12,389.68,True,213.0
2026-03-05 04:23:22.328330,recommendation-engine,latency_spike,low,ap-south,79.67,41.38,174.78,True,211.0
2026-02-22 16:37:22.328330,inventory-engine,cpu_overload,low,us-east,37.82,58.59,-31.08,True,156.0
2026-04-01 12:51:22.328330,auth-service,latency_spike,critical,eu-west,62.95,56.3,224.79,True,161.0
2026-02-23 23:44:22.328330,inventory-engine,api_timeout,critical,us-east,40.62,70.99,186.81,True,176.0
2026-03-29 06:16:22.328330,payment-api,cpu_overload,medium,us-east,87.53,86.94,282.83,True,66.0
2026-02-20 07:31:22.328330,analytics-pipeline,api_timeout,medium,us-east,60.1,93.82,95.76,True,96.0
2026-05-13 09:27:22.328330,recommendation-engine,deployment_failure,low,ap-south,43.95,68.99,400.32,True,174.0
2026-03-20 03:04:22.328330,inventory-engine,database_failure,critical,ap-south,61.96,67.8,104.65,True,77.0
2026-04-19 13:46:22.328330,auth-service,api_timeout,medium,us-east,79.19,81.44,283.13,False,
2026-04-11 22:26:22.328330,recommendation-engine,api_timeout,low,us-east,55.56,61.52,116.55,True,130.0
2026-05-09 05:37:22.328330,inventory-engine,database_failure,critical,ap-south,66.26,57.04,125.81,False,
2026-04-20 21:16:22.328330,recommendation-engine,deployment_failure,high,ap-south,58.64,64.13,176.96,True,140.0
2026-03-04 01:36:22.328330,payment-api,memory_leak,low,us-east,72.0,70.95,196.95,True,169.0
2026-04-20 04:19:22.328330,search-api,latency_spike,low,eu-west,67.75,58.1,228.42,False,
2026-04-13 16:41:22.328330,auth-service,cpu_overload,low,ap-south,67.26,51.96,299.66,False,
2026-03-12 12:09:22.328330,notification-service,database_failure,medium,ap-south,51.78,71.08,313.15,False,
2026-03-17 17:33:22.328330,search-api,latency_spike,medium,eu-west,78.89,70.41,191.0,False,
2026-02-21 06:17:22.328330,auth-service,memory_leak,high,eu-west,79.21,78.1,170.53,True,131.0
2026-04-29 21:53:22.328330,notification-service,network_issue,low,eu-west,53.08,45.13,232.32,False,
2026-04-29 23:26:22.328330,search-api,latency_spike,high,eu-west,63.76,83.63,248.72,True,173.0
2026-03-05 16:05:22.328330,analytics-pipeline,cpu_overload,medium,us-east,85.01,61.63,311.05,True,100.0
2026-02-24 05:01:22.328330,analytics-pipeline,api_timeout,low,eu-west,57.07,79.33,103.3,True,158.0
2026-04-26 07:44:22.328330,notification-service,network_issue,high,us-east,68.53,46.18,198.63,False,
2026-04-30 01:57:22.328330,search-api,network_issue,high,us-east,71.61,63.75,135.96,True,111.0
2026-03-04 18:26:22.328330,recommendation-engine,api_timeout,high,eu-west,77.69,68.76,180.83,False,
2026-04-25 15:54:22.328330,notification-service,latency_spike,critical,eu-west,65.63,101.64,312.28,False,
2026-05-06 23:57:22.328330,search-api,network_issue,medium,eu-west,82.44,75.23,233.32,True,34.0
2026-05-04 06:20:22.328330,analytics-pipeline,api_timeout,low,eu-west,29.06,61.85,181.55,False,
2026-05-03 11:53:22.328330,search-api,cpu_overload,critical,us-east,36.88,56.11,61.53,False,
2026-04-22 19:34:22.328330,analytics-pipeline,database_failure,high,eu-west,64.43,79.83,308.54,True,106.0
2026-03-04 19:54:22.328330,auth-service,latency_spike,critical,eu-west,71.22,58.44,65.43,True,137.0
2026-05-15 11:32:22.328330,recommendation-engine,api_timeout,low,eu-west,38.65,54.77,148.89,True,14.0
2026-03-03 21:35:22.328330,recommendation-engine,memory_leak,low,ap-south,62.6,57.83,247.12,True,66.0
2026-04-09 01:10:22.328330,notification-service,cpu_overload,critical,ap-south,61.52,70.13,311.22,True,118.0
2026-03-25 09:20:22.328330,analytics-pipeline,latency_spike,medium,eu-west,47.3,75.02,218.88,False,
2026-05-14 17:55:22.328330,notification-service,latency_spike,medium,us-east,60.0,80.62,290.32,False,
2026-02-23 19:43:22.328330,auth-service,cpu_overload,critical,eu-west,50.8,67.81,242.5,True,105.0
2026-04-14 03:19:22.328330,auth-service,cpu_overload,low,eu-west,60.9,77.02,242.5,True,165.0
2026-05-01 00:58:22.328330,inventory-engine,network_issue,critical,eu-west,92.49,51.64,210.21,False,
2026-05-12 09:56:22.328330,analytics-pipeline,memory_leak,high,ap-south,51.37,77.25,90.63,True,41.0
2026-03-29 22:18:22.328330,inventory-engine,latency_spike,low,ap-south,70.19,62.44,161.27,True,109.0
2026-04-01 13:49:22.328330,notification-service,latency_spike,medium,ap-south,43.3,64.42,306.76,False,
2026-04-15 00:25:22.328330,payment-api,memory_leak,low,ap-south,64.62,77.53,353.17,True,6.0
2026-04-14 00:44:22.328330,payment-api,database_failure,low,us-east,68.96,63.29,257.38,True,224.0
2026-04-28 07:02:22.328330,analytics-pipeline,network_issue,low,ap-south,56.84,63.95,98.41,True,10.0
2026-03-20 16:03:22.328330,analytics-pipeline,api_timeout,critical,us-east,78.89,65.37,234.57,False,
2026-04-07 19:11:22.328330,search-api,memory_leak,critical,ap-south,49.46,75.23,159.04,False,
2026-04-17 07:31:22.328330,search-api,api_timeout,critical,eu-west,62.87,80.53,283.26,False,
2026-03-30 21:36:22.328330,inventory-engine,memory_leak,medium,us-east,64.67,48.78,459.42,True,104.0
2026-04-25 07:37:22.328330,auth-service,cpu_overload,low,us-east,91.19,78.67,159.74,False,
2026-05-05 14:58:22.328330,payment-api,api_timeout,critical,ap-south,63.3,63.48,321.11,True,107.0
2026-05-07 08:23:22.328330,analytics-pipeline,network_issue,high,eu-west,68.94,60.59,182.34,False,
2026-04-10 09:31:22.328330,recommendation-engine,api_timeout,critical,us-east,81.82,89.2,342.27,False,
2026-04-06 12:56:22.328330,inventory-engine,cpu_overload,high,ap-south,76.36,66.97,-39.32,False,
2026-05-06 14:43:22.328330,search-api,database_failure,medium,eu-west,69.46,69.98,231.2,True,187.0
2026-05-01 08:20:22.328330,notification-service,memory_leak,high,us-east,65.81,54.08,264.59,False,
2026-04-14 14:43:22.328330,search-api,cpu_overload,medium,us-east,74.48,78.19,295.73,True,125.0
2026-05-08 20:10:22.328330,notification-service,network_issue,critical,us-east,74.06,65.08,214.33,False,
2026-05-14 02:21:22.328330,auth-service,memory_leak,high,ap-south,66.37,71.29,299.86,True,173.0
2026-04-13 18:01:22.328330,notification-service,api_timeout,medium,us-east,74.66,94.93,396.52,True,182.0
2026-04-29 22:30:22.328330,recommendation-engine,database_failure,medium,us-east,66.19,23.96,318.95,True,169.0
2026-04-12 03:36:22.328330,notification-service,deployment_failure,medium,eu-west,56.89,60.38,188.12,False,
2026-04-19 22:07:22.328330,recommendation-engine,memory_leak,medium,us-east,58.3,77.35,95.25,False,
2026-03-24 04:10:22.328330,analytics-pipeline,database_failure,low,ap-south,48.83,74.12,269.84,True,206.0
2026-05-12 18:44:22.328330,payment-api,latency_spike,low,eu-west,74.62,60.56,141.74,False,
2026-03-02 02:58:22.328330,payment-api,cpu_overload,high,eu-west,57.4,72.88,338.84,True,59.0
2026-04-20 17:38:22.328330,analytics-pipeline,latency_spike,high,ap-south,34.29,67.35,113.39,False,
2026-03-26 14:57:22.328330,analytics-pipeline,api_timeout,critical,us-east,40.22,81.6,263.57,True,79.0
2026-04-21 03:04:22.328330,payment-api,deployment_failure,medium,eu-west,71.74,81.05,181.62,True,111.0
2026-05-07 22:46:22.328330,notification-service,database_failure,critical,eu-west,58.51,96.23,200.27,False,
2026-03-16 00:38:22.328330,inventory-engine,network_issue,medium,eu-west,76.03,70.08,72.14,True,237.0
2026-04-08 05:36:22.328330,payment-api,deployment_failure,low,eu-west,34.33,63.05,304.49,False,
2026-04-05 16:38:22.328330,recommendation-engine,api_timeout,medium,eu-west,76.82,80.97,141.04,False,
2026-02-22 23:50:22.328330,recommendation-engine,database_failure,medium,us-east,89.24,58.42,237.03,True,130.0
2026-02-21 13:37:22.328330,search-api,database_failure,high,us-east,64.84,67.91,327.09,True,231.0
2026-04-15 01:18:22.328330,payment-api,memory_leak,medium,ap-south,54.42,53.8,221.6,False,
2026-03-18 01:46:22.328330,recommendation-engine,memory_leak,low,ap-south,59.0,110.53,274.12,True,167.0
2026-04-19 12:56:22.328330,inventory-engine,network_issue,low,us-east,58.86,57.33,69.58,False,
2026-05-17 06:39:22.328330,notification-service,database_failure,critical,eu-west,49.62,71.38,334.19,False,
2026-03-02 05:55:22.328330,inventory-engine,memory_leak,high,ap-south,81.83,72.75,194.15,True,130.0
2026-04-19 17:35:22.328330,auth-service,latency_spike,medium,ap-south,69.03,63.78,357.47,False,
2026-04-24 18:44:22.328330,recommendation-engine,api_timeout,high,eu-west,62.16,68.96,42.73,False,
2026-03-11 11:07:22.328330,analytics-pipeline,network_issue,critical,ap-south,62.07,80.04,134.58,True,90.0
2026-03-29 13:14:22.328330,payment-api,memory_leak,low,ap-south,53.74,79.51,101.87,True,82.0
2026-04-14 01:55:22.328330,auth-service,api_timeout,critical,us-east,80.87,63.61,188.91,True,182.0
2026-03-18 13:43:22.328330,inventory-engine,network_issue,critical,us-east,48.14,74.54,416.79,False,
2026-03-06 15:01:22.328330,notification-service,deployment_failure,critical,us-east,76.72,59.63,310.85,False,
2026-05-06 16:24:22.328330,inventory-engine,network_issue,high,ap-south,60.25,86.49,284.53,True,130.0
2026-04-23 02:15:22.328330,inventory-engine,latency_spike,critical,ap-south,20.85,57.95,295.55,True,211.0
2026-03-19 02:07:22.328330,inventory-engine,deployment_failure,low,eu-west,67.27,57.71,169.31,True,211.0
2026-03-10 08:45:22.328330,payment-api,memory_leak,low,eu-west,36.41,68.94,396.86,False,
2026-05-12 19:36:22.328330,auth-service,database_failure,medium,eu-west,77.07,96.29,290.59,True,7.0
2026-03-13 21:51:22.328330,payment-api,network_issue,high,ap-south,80.41,93.69,250.18,True,44.0
2026-03-26 16:28:22.328330,search-api,deployment_failure,critical,ap-south,62.19,82.39,336.31,False,
2026-03-08 04:11:22.328330,search-api,latency_spike,low,eu-west,57.8,61.34,231.11,True,56.0
2026-02-24 04:06:22.328330,search-api,latency_spike,medium,eu-west,77.47,79.58,106.07,True,5.0
2026-04-09 07:40:22.328330,analytics-pipeline,network_issue,medium,eu-west,93.67,62.31,198.79,True,188.0
2026-05-11 12:02:22.328330,recommendation-engine,cpu_overload,medium,us-east,51.46,102.38,239.37,True,186.0
2026-02-17 19:21:22.328330,recommendation-engine,database_failure,medium,us-east,52.24,80.37,281.53,False,
2026-03-13 03:23:22.328330,search-api,database_failure,low,us-east,62.18,80.09,153.98,True,134.0
2026-05-18 03:43:22.328330,payment-api,memory_leak,medium,us-east,57.61,45.88,114.08,True,229.0
2026-03-30 09:30:22.328330,notification-service,memory_leak,low,ap-south,92.11,89.7,225.26,True,53.0
2026-05-01 16:54:22.328330,analytics-pipeline,cpu_overload,medium,eu-west,89.94,68.08,200.53,False,
2026-03-21 21:41:22.328330,analytics-pipeline,database_failure,high,ap-south,65.85,68.5,202.78,False,
2026-04-02 14:42:22.328330,search-api,cpu_overload,medium,us-east,82.15,71.8,277.0,False,
2026-03-04 16:26:22.328330,inventory-engine,network_issue,medium,ap-south,80.47,74.66,142.38,True,172.0
2026-02-26 16:04:22.328330,search-api,cpu_overload,high,eu-west,44.71,71.79,206.3,True,20.0
2026-05-13 00:21:22.328330,recommendation-engine,cpu_overload,low,ap-south,66.31,69.81,426.69,False,
2026-05-11 10:51:22.328330,search-api,deployment_failure,critical,eu-west,45.05,46.12,246.59,True,86.0
2026-03-26 04:42:22.328330,analytics-pipeline,cpu_overload,low,ap-south,59.35,73.79,266.71,False,
2026-03-13 13:02:22.328330,analytics-pipeline,cpu_overload,critical,us-east,84.26,51.91,175.46,False,
2026-04-15 00:16:22.328330,recommendation-engine,cpu_overload,critical,us-east,71.43,79.25,395.48,True,63.0
2026-03-26 06:41:22.328330,auth-service,latency_spike,high,us-east,79.34,69.32,148.77,False,
2026-02-27 15:10:22.328330,recommendation-engine,cpu_overload,critical,us-east,56.54,62.89,272.42,False,
2026-04-07 13:43:22.328330,auth-service,memory_leak,critical,us-east,68.85,54.12,185.13,True,228.0
2026-05-06 00:55:22.328330,analytics-pipeline,cpu_overload,critical,ap-south,78.16,74.22,265.49,True,107.0
2026-04-15 10:36:22.328330,payment-api,api_timeout,medium,eu-west,70.74,89.52,238.88,True,60.0
2026-05-10 02:19:22.328330,payment-api,api_timeout,critical,eu-west,59.21,59.01,239.97,False,
2026-04-18 00:38:22.328330,auth-service,latency_spike,critical,us-east,28.39,67.79,203.53,True,82.0
2026-03-04 04:50:22.328330,analytics-pipeline,database_failure,high,eu-west,44.53,58.86,284.77,True,129.0
2026-03-24 11:53:22.328330,search-api,api_timeout,critical,us-east,68.46,71.22,244.51,True,129.0
2026-02-19 12:29:22.328330,search-api,latency_spike,high,eu-west,66.39,84.91,229.87,True,87.0
2026-03-15 11:11:22.328330,recommendation-engine,database_failure,high,eu-west,43.13,89.56,249.63,True,137.0
2026-02-21 20:45:22.328330,recommendation-engine,deployment_failure,medium,us-east,56.16,54.96,251.67,False,
2026-05-17 13:11:22.328330,inventory-engine,network_issue,medium,us-east,63.24,88.89,192.33,False,
2026-03-17 11:10:22.328330,notification-service,api_timeout,low,ap-south,52.44,80.75,294.02,True,140.0
2026-04-23 01:42:22.328330,inventory-engine,network_issue,high,ap-south,67.53,78.12,216.99,True,99.0
2026-03-28 06:32:22.328330,recommendation-engine,latency_spike,low,us-east,68.51,83.98,270.03,False,
2026-04-10 18:33:22.328330,auth-service,memory_leak,high,ap-south,62.46,86.23,30.81,True,237.0
2026-02-28 08:52:22.328330,inventory-engine,network_issue,critical,us-east,95.78,49.53,169.83,False,
2026-03-27 04:33:22.328330,analytics-pipeline,cpu_overload,medium,eu-west,64.39,68.24,300.51,False,
2026-03-08 14:05:22.328330,search-api,database_failure,medium,ap-south,49.13,73.13,173.74,True,213.0
2026-03-05 02:56:22.328330,auth-service,api_timeout,critical,eu-west,69.43,69.22,227.43,False,
2026-04-02 05:18:22.328330,payment-api,api_timeout,medium,ap-south,56.75,63.88,242.98,False,
2026-05-11 07:53:22.328330,notification-service,api_timeout,critical,ap-south,79.16,62.82,150.5,False,
2026-05-12 15:18:22.328330,recommendation-engine,api_timeout,medium,us-east,74.2,69.61,286.44,True,98.0
2026-03-02 13:31:22.328330,analytics-pipeline,latency_spike,critical,eu-west,51.41,48.65,177.36,True,167.0
2026-05-18 10:50:22.328330,inventory-engine,cpu_overload,critical,ap-south,53.5,69.05,169.05,True,205.0
2026-04-23 21:40:22.328330,inventory-engine,api_timeout,high,ap-south,76.12,66.54,232.04,True,215.0
2026-03-05 22:27:22.328330,search-api,memory_leak,low,us-east,67.36,72.34,218.07,True,193.0
2026-02-27 04:42:22.328330,auth-service,database_failure,high,eu-west,72.66,60.45,331.95,False,
2026-04-10 05:28:22.328330,search-api,deployment_failure,low,us-east,61.45,54.26,235.05,False,
2026-04-30 03:20:22.328330,auth-service,cpu_overload,low,eu-west,52.23,77.98,396.77,False,
2026-05-11 13:34:22.328330,inventory-engine,api_timeout,medium,us-east,53.2,73.99,79.56,False,
2026-03-29 04:31:22.328330,auth-service,database_failure,critical,us-east,71.81,59.37,170.01,True,75.0
2026-04-07 05:29:22.328330,inventory-engine,memory_leak,critical,us-east,48.48,78.79,300.58,True,155.0
2026-05-07 00:43:22.328330,inventory-engine,latency_spike,low,eu-west,65.35,59.63,347.16,False,
2026-03-29 10:23:22.328330,recommendation-engine,cpu_overload,medium,us-east,53.74,44.06,256.67,False,
2026-03-29 15:44:22.328330,payment-api,network_issue,critical,ap-south,48.43,81.86,189.51,False,
2026-04-12 17:27:22.328330,auth-service,cpu_overload,low,ap-south,74.06,86.82,123.29,False,
2026-04-19 05:41:22.328330,notification-service,deployment_failure,low,ap-south,56.51,69.09,343.0,True,190.0
2026-03-14 10:36:22.328330,search-api,memory_leak,critical,eu-west,55.12,62.87,258.25,True,40.0
2026-05-04 22:24:22.328330,payment-api,database_failure,medium,ap-south,56.34,71.83,95.88,True,28.0
2026-03-11 00:56:22.328330,inventory-engine,cpu_overload,high,eu-west,98.21,53.83,194.26,False,
2026-04-17 10:58:22.328330,analytics-pipeline,latency_spike,critical,us-east,64.51,92.95,114.01,True,139.0
2026-04-10 19:58:22.328330,search-api,deployment_failure,critical,ap-south,94.76,79.09,253.37,True,145.0
2026-03-04 19:58:22.328330,payment-api,deployment_failure,medium,us-east,50.23,76.85,162.12,True,34.0
2026-03-10 07:13:22.328330,analytics-pipeline,cpu_overload,medium,eu-west,84.0,58.35,210.95,True,170.0
2026-03-17 12:20:22.328330,notification-service,latency_spike,low,ap-south,56.67,58.15,279.31,True,127.0
2026-05-14 20:54:22.328330,payment-api,memory_leak,medium,eu-west,73.03,84.51,77.61,True,133.0
2026-04-19 15:38:22.328330,inventory-engine,api_timeout,critical,eu-west,80.96,100.07,183.87,False,
2026-04-03 22:13:22.328330,payment-api,network_issue,critical,ap-south,93.43,66.84,110.21,True,15.0
2026-04-30 12:20:22.328330,notification-service,latency_spike,medium,eu-west,60.42,82.58,152.95,False,
2026-05-18 01:53:22.328330,inventory-engine,network_issue,low,ap-south,55.99,77.12,220.24,False,
2026-04-02 09:15:22.328330,analytics-pipeline,memory_leak,critical,eu-west,73.77,72.85,258.37,True,142.0
2026-05-18 01:27:22.328330,search-api,network_issue,high,us-east,58.52,72.78,145.81,False,
2026-04-02 05:28:22.328330,recommendation-engine,memory_leak,medium,ap-south,84.33,62.39,310.31,False,
2026-04-18 06:49:22.328330,auth-service,cpu_overload,high,us-east,61.5,72.42,180.4,True,171.0
2026-04-22 18:05:22.328330,recommendation-engine,latency_spike,critical,ap-south,49.76,49.06,135.57,False,
2026-04-30 02:34:22.328330,auth-service,latency_spike,low,us-east,60.14,72.54,300.83,True,195.0
2026-02-22 19:09:22.328330,analytics-pipeline,memory_leak,medium,ap-south,58.31,59.42,104.58,False,
2026-03-03 21:57:22.328330,search-api,network_issue,medium,ap-south,72.2,86.6,321.31,False,
2026-04-15 21:02:22.328330,recommendation-engine,latency_spike,medium,ap-south,75.65,77.66,355.81,False,
2026-04-28 23:53:22.328330,notification-service,latency_spike,high,eu-west,69.98,77.75,194.34,True,217.0
2026-05-02 06:17:22.328330,analytics-pipeline,cpu_overload,medium,us-east,44.57,61.79,219.27,False,
2026-03-14 04:43:22.328330,inventory-engine,api_timeout,critical,ap-south,65.91,93.12,226.5,True,240.0
2026-04-03 23:25:22.328330,recommendation-engine,database_failure,high,ap-south,82.68,64.78,195.07,True,24.0
2026-03-23 15:02:22.328330,payment-api,latency_spike,low,ap-south,45.06,61.09,262.16,True,224.0
2026-05-17 17:01:22.328330,inventory-engine,latency_spike,high,us-east,65.11,81.32,234.5,False,
2026-03-13 09:32:22.328330,notification-service,memory_leak,low,eu-west,59.71,95.78,212.49,False,
2026-04-29 03:10:22.328330,search-api,memory_leak,critical,ap-south,82.45,65.19,276.77,False,
2026-05-11 19:16:22.328330,inventory-engine,api_timeout,low,us-east,78.92,72.5,31.64,True,235.0
2026-05-07 19:12:22.328330,inventory-engine,memory_leak,high,us-east,65.27,84.77,262.2,True,35.0
2026-02-24 01:02:22.328330,search-api,network_issue,low,us-east,71.69,49.33,162.36,True,8.0
2026-05-08 11:34:22.328330,payment-api,network_issue,medium,us-east,71.17,74.92,317.17,False,
2026-04-24 03:32:22.328330,payment-api,network_issue,critical,eu-west,62.83,74.87,221.31,True,60.0
2026-05-12 19:10:22.328330,recommendation-engine,network_issue,critical,eu-west,50.2,42.93,254.48,True,132.0
2026-04-09 08:43:22.328330,analytics-pipeline,api_timeout,critical,eu-west,67.61,62.58,90.47,True,152.0
2026-02-26 01:05:22.328330,payment-api,network_issue,low,us-east,74.45,66.81,264.55,False,
2026-03-14 07:07:22.328330,recommendation-engine,memory_leak,high,eu-west,92.96,44.3,164.03,False,
2026-02-20 01:23:22.328330,analytics-pipeline,memory_leak,medium,ap-south,61.86,87.46,89.09,False,
2026-03-05 23:16:22.328330,payment-api,network_issue,low,ap-south,94.04,71.63,212.32,False,
2026-03-28 20:29:22.328330,search-api,api_timeout,medium,ap-south,62.03,64.76,303.85,True,78.0
2026-04-15 14:16:22.328330,payment-api,database_failure,high,us-east,48.97,74.14,189.27,False,
2026-03-30 03:50:22.328330,auth-service,cpu_overload,high,ap-south,53.57,101.03,253.52,True,87.0
2026-03-12 19:27:22.328330,search-api,cpu_overload,critical,eu-west,74.2,83.65,106.29,False,
2026-04-14 20:37:22.328330,recommendation-engine,cpu_overload,high,eu-west,91.28,39.89,158.5,False,
2026-03-18 05:24:22.328330,notification-service,api_timeout,high,us-east,58.11,76.98,237.5,True,159.0
2026-04-25 16:23:22.328330,auth-service,cpu_overload,high,ap-south,62.5,69.86,141.76,False,
2026-04-07 16:47:22.328330,analytics-pipeline,database_failure,medium,eu-west,42.54,78.72,275.5,False,
2026-04-02 15:22:22.328330,analytics-pipeline,network_issue,medium,ap-south,88.77,60.52,275.43,False,
2026-03-30 13:24:22.328330,search-api,deployment_failure,medium,ap-south,60.74,84.29,301.76,True,213.0
2026-03-07 14:45:22.328330,auth-service,deployment_failure,critical,eu-west,68.17,65.93,296.87,False,
2026-02-27 13:32:22.328330,payment-api,database_failure,low,ap-south,74.7,61.79,113.78,True,152.0
2026-05-18 08:41:22.328330,inventory-engine,database_failure,medium,ap-south,60.67,88.18,311.72,True,180.0
2026-03-15 03:02:22.328330,analytics-pipeline,cpu_overload,critical,eu-west,48.32,55.99,321.97,False,
2026-03-13 02:45:22.328330,analytics-pipeline,deployment_failure,high,ap-south,47.97,76.11,170.71,False,
2026-04-01 02:44:22.328330,search-api,deployment_failure,critical,eu-west,89.26,60.75,311.47,False,
2026-03-11 11:29:22.328330,recommendation-engine,network_issue,low,eu-west,67.77,73.03,62.38,False,
2026-05-04 13:22:22.328330,analytics-pipeline,network_issue,medium,ap-south,31.96,67.35,239.75,True,233.0
2026-03-07 11:53:22.328330,notification-service,deployment_failure,low,us-east,48.12,56.94,264.92,True,239.0
2026-05-12 03:46:22.328330,search-api,cpu_overload,medium,us-east,73.44,68.35,282.42,False,
2026-03-04 14:46:22.328330,auth-service,database_failure,low,eu-west,47.39,65.73,351.83,True,9.0
2026-05-15 21:34:22.328330,inventory-engine,latency_spike,medium,eu-west,66.02,71.52,404.48,True,22.0
2026-04-25 15:52:22.328330,recommendation-engine,latency_spike,critical,us-east,44.01,79.56,353.12,False,
2026-05-17 18:25:22.328330,search-api,database_failure,high,us-east,60.13,80.32,141.44,False,
2026-04-14 14:30:22.328330,auth-service,cpu_overload,critical,ap-south,54.7,74.62,283.89,False,
2026-03-21 21:51:22.328330,notification-service,database_failure,low,ap-south,81.81,88.84,214.6,False,
2026-02-18 19:11:22.328330,payment-api,api_timeout,high,us-east,82.9,65.89,292.17,True,70.0
2026-03-15 22:57:22.328330,recommendation-engine,deployment_failure,critical,ap-south,68.11,75.35,253.88,True,113.0
2026-03-17 01:15:22.328330,notification-service,database_failure,high,ap-south,40.93,56.51,228.2,False,
2026-05-16 05:49:22.328330,recommendation-engine,latency_spike,critical,eu-west,39.69,79.97,289.72,False,
2026-04-25 18:40:22.328330,notification-service,latency_spike,low,eu-west,69.91,56.55,330.41,True,121.0
2026-04-14 03:43:22.328330,search-api,cpu_overload,medium,ap-south,95.56,71.76,260.84,False,
2026-05-15 14:29:22.328330,inventory-engine,cpu_overload,critical,eu-west,68.03,76.36,210.44,False,
2026-05-10 02:05:22.328330,payment-api,network_issue,medium,ap-south,64.48,80.87,407.65,True,134.0
2026-04-08 06:38:22.328330,payment-api,database_failure,medium,us-east,44.0,68.75,125.56,False,
2026-03-16 06:36:22.328330,notification-service,api_timeout,low,us-east,88.88,62.95,104.54,True,183.0
2026-04-01 16:41:22.328330,recommendation-engine,memory_leak,critical,us-east,74.57,90.93,273.09,True,15.0
2026-04-22 07:22:22.328330,notification-service,cpu_overload,critical,eu-west,68.07,74.91,333.19,True,219.0
2026-05-11 17:41:22.328330,auth-service,api_timeout,critical,eu-west,51.89,68.66,183.78,True,104.0
2026-03-09 02:53:22.328330,search-api,deployment_failure,medium,us-east,47.48,66.06,308.62,True,82.0
2026-05-02 02:27:22.328330,auth-service,cpu_overload,critical,eu-west,73.5,77.73,231.72,False,
2026-03-06 03:29:22.328330,search-api,latency_spike,low,eu-west,72.85,60.39,195.24,True,38.0
2026-03-12 08:11:22.328330,notification-service,database_failure,low,us-east,67.88,73.33,245.62,False,
2026-04-15 08:30:22.328330,analytics-pipeline,network_issue,critical,eu-west,62.92,65.47,472.62,False,
2026-03-21 22:42:22.328330,notification-service,latency_spike,critical,us-east,78.6,74.96,201.34,True,76.0
2026-04-09 00:25:22.328330,notification-service,network_issue,critical,eu-west,58.23,68.43,243.43,True,27.0
2026-04-24 19:28:22.328330,search-api,cpu_overload,critical,us-east,36.79,51.17,169.05,True,237.0
2026-02-23 06:33:22.328330,auth-service,latency_spike,low,eu-west,68.11,67.13,338.25,True,151.0
2026-05-01 17:27:22.328330,search-api,memory_leak,critical,ap-south,42.76,60.98,341.61,False,
2026-03-28 23:55:22.328330,inventory-engine,api_timeout,low,ap-south,66.97,80.62,384.1,True,154.0
2026-04-11 02:44:22.328330,payment-api,database_failure,low,eu-west,54.59,68.81,198.21,True,42.0
2026-04-21 09:24:22.328330,auth-service,network_issue,critical,eu-west,35.68,66.28,290.48,False,
2026-05-13 06:27:22.328330,notification-service,deployment_failure,low,eu-west,73.11,77.43,189.96,False,
2026-03-26 10:18:22.328330,notification-service,latency_spike,high,eu-west,55.16,85.23,180.21,False,
2026-02-23 22:08:22.328330,auth-service,deployment_failure,critical,eu-west,69.41,71.96,336.94,True,174.0
2026-04-05 12:23:22.328330,recommendation-engine,api_timeout,medium,eu-west,79.57,54.46,125.0,True,104.0
2026-03-29 09:23:22.328330,search-api,network_issue,low,eu-west,73.68,69.23,183.59,True,224.0
2026-04-02 07:41:22.328330,auth-service,deployment_failure,low,us-east,80.23,72.25,224.2,True,149.0
2026-05-03 17:39:22.328330,auth-service,network_issue,critical,ap-south,76.7,65.5,345.48,False,
2026-02-22 09:16:22.328330,auth-service,deployment_failure,high,us-east,53.18,77.88,334.71,True,197.0
2026-04-09 10:04:22.328330,payment-api,deployment_failure,high,us-east,44.34,65.88,311.38,True,54.0
2026-03-18 14:15:22.328330,search-api,cpu_overload,critical,us-east,82.36,67.94,161.23,True,196.0
2026-02-25 03:02:22.328330,auth-service,api_timeout,critical,ap-south,79.34,84.2,126.83,True,66.0
2026-03-25 05:01:22.328330,notification-service,cpu_overload,critical,eu-west,46.94,72.7,270.35,False,
2026-03-25 03:11:22.328330,payment-api,api_timeout,low,ap-south,60.51,78.15,163.19,True,185.0
2026-02-26 13:40:22.328330,analytics-pipeline,memory_leak,low,us-east,33.28,64.91,225.06,False,
2026-04-12 22:24:22.328330,inventory-engine,api_timeout,high,us-east,60.86,56.1,74.75,False,
2026-02-24 01:12:22.328330,inventory-engine,deployment_failure,critical,ap-south,57.29,80.77,320.5,False,
2026-04-13 14:04:22.328330,analytics-pipeline,deployment_failure,medium,us-east,82.82,60.21,127.7,False,
2026-05-10 10:45:22.328330,search-api,api_timeout,high,ap-south,72.45,77.62,252.01,True,69.0
2026-03-22 11:10:22.328330,inventory-engine,cpu_overload,high,ap-south,34.79,59.6,217.62,True,85.0
2026-02-23 08:50:22.328330,inventory-engine,memory_leak,medium,us-east,72.31,79.21,231.54,False,
2026-05-01 06:25:22.328330,analytics-pipeline,cpu_overload,critical,us-east,69.96,71.02,274.85,False,
2026-03-25 07:41:22.328330,recommendation-engine,network_issue,medium,ap-south,69.69,70.79,198.53,True,210.0
2026-03-09 15:37:22.328330,search-api,cpu_overload,medium,ap-south,66.22,75.82,241.4,False,
2026-03-14 20:46:22.328330,notification-service,database_failure,high,eu-west,70.71,86.11,241.21,False,
2026-03-26 18:39:22.328330,notification-service,memory_leak,low,ap-south,55.27,80.6,110.7,False,
2026-03-21 14:29:22.328330,auth-service,memory_leak,high,eu-west,48.78,74.03,261.31,False,
2026-04-14 14:19:22.328330,auth-service,api_timeout,critical,ap-south,46.32,65.41,171.51,False,
2026-02-22 20:28:22.328330,notification-service,api_timeout,high,eu-west,57.7,81.32,276.52,False,
2026-03-24 13:43:22.328330,payment-api,cpu_overload,low,us-east,64.71,63.45,112.03,False,
2026-05-18 10:22:22.328330,payment-api,memory_leak,high,us-east,86.3,77.11,163.47,False,
2026-02-22 15:31:22.328330,notification-service,database_failure,high,ap-south,75.79,69.16,197.03,False,
2026-04-30 14:22:22.328330,inventory-engine,latency_spike,critical,ap-south,71.53,61.1,192.5,False,
2026-03-25 13:07:22.328330,payment-api,api_timeout,critical,us-east,66.82,64.01,273.53,False,
2026-05-07 20:35:22.328330,auth-service,memory_leak,low,us-east,93.04,60.95,86.79,True,15.0
2026-03-02 14:50:22.328330,payment-api,cpu_overload,low,ap-south,34.97,68.19,166.95,False,
2026-05-07 03:09:22.328330,analytics-pipeline,latency_spike,critical,eu-west,68.12,71.59,91.74,True,233.0
2026-03-19 15:04:22.328330,notification-service,latency_spike,low,eu-west,37.78,73.55,230.83,False,
2026-02-18 19:35:22.328330,notification-service,network_issue,high,us-east,58.61,50.11,257.71,False,
2026-04-26 19:44:22.328330,auth-service,memory_leak,high,ap-south,84.08,73.34,152.2,False,
2026-03-03 04:49:22.328330,auth-service,memory_leak,low,ap-south,65.67,53.61,304.64,False,
2026-03-10 08:08:22.328330,auth-service,memory_leak,critical,eu-west,66.23,48.78,195.95,True,46.0
2026-05-10 10:20:22.328330,notification-service,network_issue,high,us-east,71.95,66.0,197.93,True,29.0
2026-04-26 07:41:22.328330,analytics-pipeline,api_timeout,medium,eu-west,46.63,76.8,168.12,False,
2026-03-24 05:48:22.328330,auth-service,memory_leak,medium,us-east,32.65,65.54,298.49,True,5.0
2026-04-26 23:54:22.328330,search-api,cpu_overload,critical,ap-south,59.2,90.86,254.32,False,
2026-04-08 02:51:22.328330,auth-service,memory_leak,low,eu-west,70.08,68.46,214.54,False,
2026-03-14 21:12:22.328330,recommendation-engine,api_timeout,medium,ap-south,61.05,66.37,262.47,False,
2026-03-02 07:22:22.328330,notification-service,deployment_failure,critical,eu-west,50.96,57.09,130.14,False,
2026-04-30 01:24:22.328330,search-api,api_timeout,critical,ap-south,95.68,76.36,244.36,False,
2026-04-19 09:55:22.328330,payment-api,api_timeout,critical,us-east,49.14,77.48,210.67,True,100.0
2026-05-05 13:49:22.328330,search-api,latency_spike,critical,eu-west,68.21,58.28,232.82,False,
2026-04-29 21:01:22.328330,auth-service,cpu_overload,high,us-east,58.64,60.81,278.73,False,
2026-04-26 02:04:22.328330,search-api,cpu_overload,medium,us-east,41.93,76.78,274.76,False,
2026-02-20 06:56:22.328330,payment-api,network_issue,medium,ap-south,51.81,60.16,202.16,True,120.0
2026-03-14 19:47:22.328330,analytics-pipeline,latency_spike,critical,ap-south,69.23,68.17,254.68,False,
2026-04-16 00:07:22.328330,recommendation-engine,latency_spike,critical,us-east,91.44,63.91,82.79,False,
2026-02-24 23:21:22.328330,recommendation-engine,latency_spike,critical,us-east,77.39,90.2,251.42,False,
2026-04-27 22:13:22.328330,inventory-engine,cpu_overload,high,us-east,48.68,68.51,130.52,True,48.0
2026-04-28 18:48:22.328330,analytics-pipeline,database_failure,medium,eu-west,74.64,53.78,195.99,False,
2026-04-15 13:05:22.328330,payment-api,deployment_failure,medium,eu-west,49.93,71.52,190.69,True,28.0
2026-03-23 17:02:22.328330,search-api,database_failure,low,us-east,67.65,70.27,141.07,True,139.0
2026-02-22 21:30:22.328330,inventory-engine,api_timeout,medium,us-east,74.4,69.41,140.92,True,224.0
2026-04-09 01:17:22.328330,inventory-engine,deployment_failure,medium,eu-west,98.61,75.72,207.74,False,
2026-04-20 08:49:22.328330,auth-service,database_failure,low,eu-west,86.23,92.1,208.37,True,163.0
2026-05-13 23:36:22.328330,notification-service,network_issue,medium,us-east,70.21,58.14,208.22,False,
2026-02-21 23:39:22.328330,recommendation-engine,memory_leak,medium,eu-west,62.01,72.22,246.62,True,159.0
2026-03-14 20:58:22.328330,payment-api,latency_spike,low,us-east,73.4,72.85,123.14,True,141.0
2026-05-07 10:20:22.328330,analytics-pipeline,api_timeout,high,ap-south,50.92,63.44,197.42,True,44.0
2026-03-31 03:43:22.328330,auth-service,memory_leak,low,us-east,80.76,56.04,191.41,True,201.0
2026-04-23 22:35:22.328330,notification-service,deployment_failure,low,ap-south,79.3,66.4,256.83,True,105.0
2026-05-06 10:42:22.328330,auth-service,latency_spike,critical,eu-west,62.91,73.08,201.72,True,66.0
2026-03-01 07:07:22.328330,notification-service,deployment_failure,high,ap-south,75.01,51.46,190.94,False,
2026-04-06 15:22:22.328330,auth-service,api_timeout,medium,ap-south,69.45,76.4,339.44,True,187.0
2026-04-26 03:16:22.328330,auth-service,network_issue,low,eu-west,59.13,87.75,167.28,False,
2026-05-06 08:37:22.328330,payment-api,cpu_overload,critical,ap-south,84.93,79.81,146.92,False,
2026-03-18 01:26:22.328330,analytics-pipeline,api_timeout,critical,ap-south,69.61,69.39,270.05,False,
2026-02-20 03:45:22.328330,search-api,database_failure,high,ap-south,61.65,66.31,329.53,False,
2026-03-11 07:33:22.328330,inventory-engine,database_failure,critical,eu-west,63.52,79.92,201.97,False,
2026-05-07 05:44:22.328330,analytics-pipeline,latency_spike,medium,eu-west,90.0,61.86,170.87,False,
2026-03-03 02:15:22.328330,inventory-engine,latency_spike,critical,us-east,87.87,64.66,348.09,False,
2026-04-21 11:12:22.328330,inventory-engine,latency_spike,high,us-east,78.38,68.14,74.94,True,197.0
2026-05-17 06:28:22.328330,auth-service,api_timeout,medium,us-east,64.71,71.22,313.38,True,171.0
2026-03-07 11:31:22.328330,inventory-engine,api_timeout,medium,eu-west,88.83,61.78,284.09,True,235.0
2026-04-28 01:28:22.328330,recommendation-engine,cpu_overload,critical,us-east,76.48,82.88,259.9,False,
2026-03-14 20:11:22.328330,recommendation-engine,cpu_overload,medium,us-east,35.86,68.13,127.54,True,111.0
2026-02-20 09:11:22.328330,payment-api,memory_leak,medium,ap-south,61.96,81.76,244.41,True,80.0
2026-04-14 16:25:22.328330,payment-api,cpu_overload,critical,us-east,82.22,74.1,116.13,False,
2026-05-11 14:51:22.328330,notification-service,cpu_overload,high,ap-south,27.19,71.79,202.89,False,
2026-05-15 00:59:22.328330,analytics-pipeline,deployment_failure,critical,eu-west,50.35,49.59,161.22,False,
2026-04-18 13:26:22.328330,auth-service,cpu_overload,medium,eu-west,62.08,77.99,235.09,True,42.0
2026-03-11 23:29:22.328330,search-api,database_failure,high,eu-west,89.12,57.57,290.48,True,135.0
2026-04-28 19:46:22.328330,search-api,database_failure,high,eu-west,65.71,78.34,185.08,False,
2026-04-12 00:14:22.328330,inventory-engine,deployment_failure,critical,us-east,81.08,73.54,165.64,False,
2026-04-22 19:05:22.328330,inventory-engine,latency_spike,low,us-east,64.82,67.13,259.13,False,
2026-04-09 06:43:22.328330,analytics-pipeline,database_failure,low,ap-south,47.3,69.65,251.62,True,44.0
2026-02-22 19:27:22.328330,analytics-pipeline,api_timeout,high,ap-south,65.5,86.16,281.92,False,
2026-03-13 03:38:22.328330,search-api,network_issue,high,eu-west,64.89,72.6,243.65,True,200.0
2026-02-24 10:40:22.328330,auth-service,latency_spike,critical,us-east,71.05,48.09,195.88,False,
2026-04-28 16:24:22.328330,payment-api,latency_spike,high,eu-west,42.73,85.34,215.13,True,54.0
2026-04-10 15:33:22.328330,notification-service,memory_leak,critical,eu-west,62.1,80.76,253.79,False,
2026-03-29 22:27:22.328330,notification-service,cpu_overload,medium,eu-west,48.07,69.15,193.19,True,46.0
2026-03-01 13:21:22.328330,payment-api,cpu_overload,critical,eu-west,38.83,61.72,205.32,True,124.0
2026-02-24 10:22:22.328330,auth-service,network_issue,critical,eu-west,63.28,52.21,312.13,True,176.0
2026-04-06 21:29:22.328330,analytics-pipeline,cpu_overload,high,us-east,63.47,70.45,252.05,False,
2026-03-27 04:56:22.328330,notification-service,database_failure,high,ap-south,53.18,75.48,190.63,False,
2026-03-31 18:54:22.328330,auth-service,network_issue,high,ap-south,51.55,76.88,339.33,True,62.0
2026-03-05 13:16:22.328330,payment-api,api_timeout,critical,us-east,75.87,81.08,178.35,False,
2026-02-22 04:11:22.328330,notification-service,cpu_overload,critical,ap-south,41.04,87.88,384.36,False,
2026-05-14 01:28:22.328330,notification-service,cpu_overload,high,eu-west,88.14,65.97,127.63,True,147.0
2026-04-28 08:59:22.328330,analytics-pipeline,deployment_failure,medium,eu-west,49.01,49.8,211.41,False,
2026-02-25 08:07:22.328330,auth-service,latency_spike,high,us-east,89.09,68.3,244.19,False,
2026-04-10 13:33:22.328330,notification-service,cpu_overload,high,eu-west,85.63,65.15,382.84,True,46.0
2026-03-23 00:25:22.328330,recommendation-engine,network_issue,low,us-east,94.88,68.43,173.8,True,116.0
2026-04-11 18:45:22.328330,analytics-pipeline,api_timeout,medium,us-east,75.46,65.83,127.48,False,
2026-02-18 16:15:22.328330,payment-api,cpu_overload,high,eu-west,84.22,84.6,232.44,False,
2026-04-27 06:39:22.328330,recommendation-engine,api_timeout,critical,ap-south,46.06,55.25,228.58,True,108.0
2026-04-09 13:56:22.328330,analytics-pipeline,memory_leak,high,eu-west,57.5,65.91,301.76,True,91.0
2026-05-04 05:45:22.328330,notification-service,cpu_overload,critical,eu-west,76.0,86.54,140.75,True,26.0
2026-05-11 05:42:22.328330,analytics-pipeline,network_issue,low,eu-west,59.85,79.11,255.85,False,
2026-04-03 21:18:22.328330,payment-api,deployment_failure,medium,eu-west,87.99,75.05,367.85,True,125.0
2026-05-02 13:36:22.328330,payment-api,memory_leak,high,us-east,73.1,82.75,194.12,False,
2026-03-19 02:29:22.328330,notification-service,latency_spike,low,eu-west,65.21,80.93,349.04,False,
2026-04-18 16:18:22.328330,payment-api,latency_spike,low,eu-west,75.94,69.0,330.19,True,215.0
2026-02-23 18:10:22.328330,auth-service,deployment_failure,medium,us-east,32.12,52.93,274.53,False,
2026-05-08 22:35:22.328330,inventory-engine,database_failure,high,ap-south,65.21,77.27,225.15,True,217.0
2026-03-23 22:58:22.328330,inventory-engine,memory_leak,low,us-east,73.56,60.23,265.64,False,
2026-05-04 09:41:22.328330,search-api,deployment_failure,low,us-east,79.92,84.65,381.08,True,181.0
2026-04-22 21:46:22.328330,payment-api,api_timeout,high,ap-south,68.66,73.29,98.15,True,182.0
2026-04-05 16:58:22.328330,analytics-pipeline,api_timeout,high,ap-south,57.03,67.68,304.03,False,
2026-04-22 00:01:22.328330,search-api,network_issue,critical,us-east,55.83,79.56,219.87,True,208.0
2026-02-18 02:37:22.328330,analytics-pipeline,cpu_overload,high,eu-west,62.34,72.99,188.71,True,123.0
2026-05-05 04:37:22.328330,search-api,memory_leak,low,eu-west,58.56,49.54,200.16,True,155.0
2026-02-28 01:44:22.328330,payment-api,memory_leak,low,us-east,57.8,63.81,253.35,True,43.0
2026-03-13 22:36:22.328330,payment-api,cpu_overload,high,ap-south,74.88,72.79,299.63,False,
2026-03-27 00:04:22.328330,auth-service,network_issue,critical,us-east,73.63,66.46,182.97,False,
2026-05-07 13:39:22.328330,search-api,network_issue,high,ap-south,69.69,76.89,331.83,True,234.0
2026-04-05 15:44:22.328330,search-api,latency_spike,high,eu-west,82.87,63.5,211.84,False,
2026-05-01 07:12:22.328330,inventory-engine,latency_spike,low,eu-west,75.07,82.82,295.12,False,
2026-04-13 06:30:22.328330,auth-service,deployment_failure,critical,us-east,64.04,54.95,140.09,False,
2026-03-08 09:26:22.328330,search-api,deployment_failure,high,us-east,69.09,74.11,132.11,True,213.0
2026-04-18 23:22:22.328330,search-api,network_issue,critical,ap-south,65.67,77.57,127.9,False,
2026-02-20 12:35:22.328330,analytics-pipeline,database_failure,medium,eu-west,81.57,65.47,320.61,True,69.0
2026-04-10 21:11:22.328330,payment-api,api_timeout,high,eu-west,57.0,57.68,183.35,True,231.0
2026-05-05 22:56:22.328330,auth-service,database_failure,critical,us-east,63.57,65.34,202.72,True,189.0
2026-05-02 07:10:22.328330,recommendation-engine,latency_spike,low,ap-south,70.01,67.95,214.71,False,
2026-03-14 23:30:22.328330,inventory-engine,deployment_failure,high,us-east,39.36,74.7,212.86,True,31.0
2026-04-04 18:49:22.328330,analytics-pipeline,deployment_failure,medium,eu-west,89.15,58.73,75.34,True,90.0
2026-03-17 19:15:22.328330,search-api,deployment_failure,high,ap-south,74.27,74.16,139.33,False,
2026-02-26 18:11:22.328330,notification-service,database_failure,medium,us-east,42.05,88.45,333.13,True,121.0
2026-02-19 23:18:22.328330,search-api,database_failure,high,ap-south,27.69,64.5,353.14,False,
2026-05-14 16:16:22.328330,inventory-engine,cpu_overload,low,us-east,57.86,64.11,197.38,True,126.0
2026-03-04 05:19:22.328330,recommendation-engine,api_timeout,medium,us-east,48.19,49.54,304.2,True,120.0
2026-04-24 15:16:22.328330,inventory-engine,network_issue,low,eu-west,37.36,72.97,290.93,False,
2026-04-12 19:02:22.328330,inventory-engine,latency_spike,medium,eu-west,43.23,58.91,317.05,True,215.0
2026-04-07 20:06:22.328330,auth-service,api_timeout,low,us-east,72.99,62.59,316.18,True,24.0
2026-03-06 16:39:22.328330,analytics-pipeline,cpu_overload,critical,eu-west,83.1,73.23,147.99,False,
2026-03-09 17:49:22.328330,notification-service,network_issue,low,us-east,58.8,73.44,204.91,True,141.0
2026-03-19 12:54:22.328330,notification-service,cpu_overload,low,eu-west,79.08,51.64,100.46,False,
2026-03-28 16:31:22.328330,search-api,cpu_overload,medium,ap-south,67.71,64.1,169.84,True,8.0
2026-03-17 08:55:22.328330,recommendation-engine,latency_spike,high,ap-south,38.48,70.23,215.78,True,127.0
2026-05-16 20:19:22.328330,payment-api,memory_leak,high,eu-west,74.8,70.83,209.39,False,
2026-03-18 13:55:22.328330,inventory-engine,api_timeout,medium,us-east,82.66,54.25,262.91,True,191.0
2026-05-03 19:27:22.328330,inventory-engine,latency_spike,high,us-east,39.93,59.94,122.99,True,24.0
2026-02-18 06:31:22.328330,auth-service,deployment_failure,low,eu-west,76.73,69.22,218.92,True,21.0
2026-03-08 20:29:22.328330,analytics-pipeline,deployment_failure,high,eu-west,48.4,66.4,158.92,True,200.0
2026-04-07 15:39:22.328330,inventory-engine,latency_spike,critical,ap-south,70.75,58.11,326.38,True,128.0
2026-03-18 22:15:22.328330,notification-service,cpu_overload,low,us-east,39.87,60.32,354.18,True,95.0
2026-05-02 16:10:22.328330,recommendation-engine,deployment_failure,medium,ap-south,58.47,54.22,237.53,False,
2026-03-13 17:02:22.328330,payment-api,database_failure,low,eu-west,57.87,59.97,132.33,True,42.0
2026-04-17 14:11:22.328330,auth-service,database_failure,medium,us-east,106.53,66.98,65.95,False,
2026-05-16 00:26:22.328330,inventory-engine,deployment_failure,critical,us-east,87.41,77.33,158.68,True,211.0
2026-04-02 02:07:22.328330,analytics-pipeline,deployment_failure,critical,eu-west,51.0,78.08,200.25,True,53.0
2026-03-23 04:45:22.328330,search-api,api_timeout,low,ap-south,36.11,91.45,185.28,True,218.0
2026-03-19 22:13:22.328330,analytics-pipeline,api_timeout,critical,us-east,87.43,85.34,139.92,False,
2026-03-21 05:53:22.328330,inventory-engine,memory_leak,low,eu-west,80.5,62.18,70.66,False,
2026-05-01 14:38:22.328330,payment-api,database_failure,high,eu-west,58.63,74.77,182.98,False,
2026-03-20 16:22:22.328330,inventory-engine,api_timeout,low,us-east,60.39,83.72,228.52,False,
2026-05-10 23:20:22.328330,auth-service,deployment_failure,low,ap-south,52.35,78.42,235.81,True,156.0
2026-05-06 08:55:22.328330,recommendation-engine,api_timeout,high,eu-west,27.18,75.14,251.35,True,206.0
2026-03-03 16:56:22.328330,search-api,cpu_overload,medium,us-east,65.3,80.7,166.21,False,
2026-04-22 00:27:22.328330,payment-api,deployment_failure,low,eu-west,70.05,51.2,252.57,False,
2026-03-19 05:11:22.328330,auth-service,network_issue,high,us-east,94.3,58.06,159.22,True,76.0
2026-04-17 18:54:22.328330,analytics-pipeline,api_timeout,low,ap-south,54.35,71.56,134.96,False,
2026-05-11 21:25:22.328330,recommendation-engine,cpu_overload,high,us-east,71.32,80.16,262.75,True,11.0
2026-02-18 09:56:22.328330,inventory-engine,cpu_overload,medium,ap-south,38.47,81.94,294.99,True,227.0
2026-05-06 05:18:22.328330,notification-service,database_failure,low,us-east,77.45,74.47,237.62,True,29.0
2026-02-19 00:23:22.328330,inventory-engine,deployment_failure,high,us-east,80.49,93.08,143.76,True,51.0
2026-03-27 06:19:22.328330,auth-service,database_failure,low,eu-west,81.17,68.97,209.63,True,75.0
2026-04-20 09:03:22.328330,analytics-pipeline,deployment_failure,low,ap-south,41.95,66.58,140.22,False,
2026-02-25 05:37:22.328330,notification-service,network_issue,high,eu-west,58.04,56.82,184.09,False,
2026-03-11 06:05:22.328330,payment-api,cpu_overload,critical,eu-west,58.91,71.16,90.82,False,
2026-04-24 05:46:22.328330,search-api,latency_spike,medium,eu-west,43.32,74.34,156.2,True,155.0
2026-05-18 08:45:22.328330,payment-api,api_timeout,low,us-east,81.12,72.7,268.54,False,
2026-04-11 18:37:22.328330,notification-service,latency_spike,high,eu-west,86.16,66.28,174.04,True,25.0
2026-04-18 07:44:22.328330,auth-service,memory_leak,low,ap-south,78.08,76.11,205.01,True,125.0
2026-04-28 20:22:22.328330,search-api,network_issue,medium,eu-west,85.87,67.45,222.62,True,109.0
2026-05-18 05:58:22.328330,search-api,database_failure,high,ap-south,65.32,58.78,226.21,True,131.0
2026-03-29 21:20:22.328330,auth-service,latency_spike,critical,eu-west,85.95,75.34,222.49,False,
2026-05-01 05:03:22.328330,analytics-pipeline,database_failure,high,us-east,62.57,73.97,279.98,True,108.0
2026-02-19 02:23:22.328330,notification-service,api_timeout,high,us-east,74.14,66.02,245.98,True,162.0
2026-03-01 19:15:22.328330,payment-api,network_issue,critical,us-east,72.2,57.91,233.46,False,
2026-05-18 14:20:22.328330,payment-api,api_timeout,medium,ap-south,32.58,75.79,272.83,False,
2026-03-16 19:20:22.328330,auth-service,database_failure,medium,ap-south,76.21,65.26,244.72,True,176.0
2026-04-26 02:02:22.328330,auth-service,network_issue,low,eu-west,86.36,86.97,217.67,True,195.0
2026-05-14 11:47:22.328330,search-api,latency_spike,critical,eu-west,67.09,83.33,99.94,True,75.0
2026-02-20 09:40:22.328330,payment-api,database_failure,low,ap-south,60.15,86.03,298.02,True,188.0
2026-05-08 15:31:22.328330,analytics-pipeline,network_issue,low,us-east,70.54,51.93,216.01,True,92.0
2026-04-29 22:46:22.328330,recommendation-engine,memory_leak,medium,ap-south,56.15,73.97,155.25,True,227.0
2026-04-15 03:57:22.328330,inventory-engine,api_timeout,critical,ap-south,49.61,45.22,317.74,False,
2026-04-08 08:52:22.328330,search-api,memory_leak,medium,eu-west,59.0,71.89,219.82,False,
2026-04-16 13:59:22.328330,auth-service,deployment_failure,medium,us-east,48.99,54.89,139.57,False,
2026-02-21 08:04:22.328330,inventory-engine,api_timeout,low,us-east,54.15,74.4,156.34,True,115.0
2026-04-06 12:48:22.328330,auth-service,latency_spike,low,ap-south,91.2,82.33,284.67,False,
2026-04-01 00:12:22.328330,inventory-engine,memory_leak,critical,eu-west,63.21,88.17,202.56,False,
2026-05-05 22:09:22.328330,inventory-engine,cpu_overload,medium,us-east,64.53,72.04,276.15,True,126.0
2026-03-08 05:08:22.328330,analytics-pipeline,database_failure,low,ap-south,74.55,64.3,177.36,False,
2026-04-17 01:38:22.328330,inventory-engine,network_issue,medium,us-east,74.6,78.58,188.53,True,181.0
2026-03-01 02:24:22.328330,inventory-engine,deployment_failure,critical,us-east,41.19,67.51,269.88,False,
2026-05-04 02:59:22.328330,recommendation-engine,memory_leak,critical,eu-west,92.08,55.62,185.87,True,204.0
2026-04-27 09:24:22.328330,search-api,api_timeout,critical,eu-west,59.16,86.27,217.2,True,33.0
2026-04-24 08:46:22.328330,search-api,cpu_overload,high,ap-south,51.39,76.7,187.63,True,74.0
2026-03-01 06:26:22.328330,search-api,database_failure,high,ap-south,46.63,59.29,358.72,False,
2026-05-16 21:10:22.328330,payment-api,database_failure,low,eu-west,70.76,71.29,200.01,False,
2026-04-25 18:47:22.328330,analytics-pipeline,memory_leak,medium,ap-south,69.38,73.36,243.37,False,
2026-02-18 18:14:22.328330,notification-service,latency_spike,medium,eu-west,66.72,80.43,221.85,False,
2026-03-09 18:43:22.328330,search-api,deployment_failure,critical,ap-south,50.33,62.65,61.68,False,
2026-05-18 14:19:22.328330,recommendation-engine,memory_leak,medium,eu-west,95.4,80.35,153.59,False,
2026-03-14 02:43:22.328330,analytics-pipeline,api_timeout,high,ap-south,60.77,62.36,343.4,False,
2026-03-26 08:57:22.328330,auth-service,network_issue,critical,ap-south,43.7,71.37,211.32,False,
2026-05-09 23:36:22.328330,recommendation-engine,api_timeout,medium,eu-west,77.4,68.75,79.34,False,
2026-05-14 13:27:22.328330,analytics-pipeline,cpu_overload,high,us-east,61.23,58.33,226.37,True,141.0
2026-04-18 09:07:22.328330,recommendation-engine,memory_leak,critical,ap-south,86.51,49.13,155.98,True,181.0
2026-05-11 18:54:22.328330,payment-api,database_failure,medium,eu-west,56.71,65.42,279.21,False,
2026-02-28 20:30:22.328330,payment-api,memory_leak,critical,us-east,62.4,74.99,169.94,True,31.0
2026-03-17 17:56:22.328330,notification-service,api_timeout,medium,eu-west,68.45,79.33,161.42,True,60.0
2026-04-14 23:19:22.328330,payment-api,latency_spike,high,eu-west,76.72,70.63,303.64,False,
2026-05-07 18:45:22.328330,inventory-engine,network_issue,critical,eu-west,61.98,74.57,216.75,True,92.0
2026-02-23 15:57:22.328330,auth-service,database_failure,low,eu-west,63.56,73.11,262.94,False,
2026-03-07 17:20:22.328330,notification-service,database_failure,medium,eu-west,46.26,87.2,71.23,False,
2026-03-17 00:22:22.328330,inventory-engine,database_failure,medium,ap-south,54.73,68.87,252.99,True,220.0
2026-04-04 04:04:22.328330,analytics-pipeline,memory_leak,critical,us-east,88.64,47.7,179.38,True,27.0
2026-04-02 21:09:22.328330,notification-service,memory_leak,high,eu-west,33.1,70.38,241.73,False,
2026-03-16 08:15:22.328330,inventory-engine,cpu_overload,critical,ap-south,88.86,71.45,303.52,True,11.0
2026-03-12 11:21:22.328330,payment-api,network_issue,low,ap-south,73.76,64.78,107.28,False,
2026-05-01 04:53:22.328330,auth-service,deployment_failure,medium,eu-west,69.13,52.09,323.62,True,192.0
2026-05-02 09:37:22.328330,auth-service,deployment_failure,medium,eu-west,62.57,84.34,181.58,True,80.0
2026-04-06 18:45:22.328330,payment-api,network_issue,critical,eu-west,69.03,72.51,216.4,True,13.0
2026-05-08 00:00:22.328330,search-api,network_issue,medium,us-east,58.51,74.71,145.91,False,
2026-03-03 17:59:22.328330,search-api,api_timeout,medium,ap-south,46.86,84.91,278.17,True,218.0
2026-02-25 16:54:22.328330,auth-service,api_timeout,critical,eu-west,65.99,89.98,198.58,True,100.0
2026-05-15 12:46:22.328330,notification-service,memory_leak,critical,eu-west,84.84,72.11,138.02,True,200.0
2026-05-04 09:22:22.328330,auth-service,latency_spike,medium,us-east,92.72,81.89,210.32,True,116.0
2026-04-27 20:41:22.328330,search-api,deployment_failure,medium,us-east,75.91,65.16,286.33,False,
2026-02-27 01:10:22.328330,recommendation-engine,memory_leak,medium,us-east,29.13,57.76,298.34,False,
2026-05-03 01:28:22.328330,notification-service,deployment_failure,critical,us-east,61.26,72.49,112.26,False,
2026-04-25 01:02:22.328330,notification-service,memory_leak,low,eu-west,92.72,84.29,203.95,False,
2026-04-21 19:54:22.328330,recommendation-engine,deployment_failure,critical,eu-west,58.93,82.36,378.6,True,208.0
2026-03-16 12:19:22.328330,auth-service,latency_spike,medium,ap-south,79.31,96.06,146.21,True,148.0
2026-04-05 02:25:22.328330,recommendation-engine,network_issue,medium,eu-west,52.71,55.73,255.34,True,142.0
2026-02-28 00:18:22.328330,auth-service,deployment_failure,medium,eu-west,67.63,68.18,284.74,True,135.0
2026-03-01 14:31:22.328330,notification-service,database_failure,low,eu-west,83.48,51.69,172.24,True,91.0
2026-03-31 22:28:22.328330,notification-service,latency_spike,high,us-east,77.3,64.39,156.14,False,
2026-03-29 18:24:22.328330,auth-service,deployment_failure,medium,eu-west,80.28,54.53,195.87,False,
2026-04-04 01:59:22.328330,analytics-pipeline,deployment_failure,medium,eu-west,69.93,63.11,282.65,True,183.0
2026-03-21 19:36:22.328330,payment-api,database_failure,medium,ap-south,56.47,86.9,209.94,False,
2026-05-12 05:27:22.328330,recommendation-engine,network_issue,low,ap-south,75.07,78.95,169.8,False,
2026-04-06 18:40:22.328330,auth-service,network_issue,high,us-east,34.2,74.33,225.78,True,13.0
2026-03-10 01:18:22.328330,payment-api,deployment_failure,low,ap-south,73.34,67.28,185.57,True,225.0
2026-03-06 00:55:22.328330,search-api,latency_spike,low,us-east,95.13,52.33,278.72,True,198.0
2026-03-12 04:09:22.328330,analytics-pipeline,network_issue,low,eu-west,56.38,65.97,194.63,True,128.0
2026-02-20 23:27:22.328330,analytics-pipeline,latency_spike,critical,ap-south,52.95,76.85,331.25,False,
2026-05-13 12:27:22.328330,analytics-pipeline,network_issue,low,ap-south,72.05,71.24,141.08,True,95.0
2026-04-20 06:05:22.328330,recommendation-engine,network_issue,low,ap-south,72.75,95.88,189.54,False,
2026-03-11 05:35:22.328330,inventory-engine,cpu_overload,medium,eu-west,59.36,63.27,180.85,True,158.0
2026-03-18 21:56:22.328330,notification-service,database_failure,critical,us-east,23.82,74.86,152.36,False,
2026-04-01 04:42:22.328330,analytics-pipeline,latency_spike,medium,eu-west,40.85,79.04,133.44,False,
2026-04-03 02:09:22.328330,notification-service,deployment_failure,low,us-east,59.92,87.6,107.26,False,
2026-04-06 01:14:22.328330,payment-api,database_failure,critical,us-east,42.01,73.23,311.96,True,16.0
2026-03-25 04:31:22.328330,payment-api,latency_spike,high,eu-west,41.38,74.89,266.48,False,
2026-04-17 07:05:22.328330,search-api,cpu_overload,low,us-east,34.11,79.58,290.13,False,
2026-03-31 11:38:22.328330,auth-service,api_timeout,critical,ap-south,60.32,85.03,310.92,True,65.0
2026-04-11 03:21:22.328330,auth-service,deployment_failure,high,ap-south,66.55,64.58,142.17,True,87.0
2026-04-15 02:11:22.328330,search-api,latency_spike,high,us-east,64.44,76.84,194.07,True,205.0
2026-03-27 05:25:22.328330,recommendation-engine,network_issue,low,ap-south,32.04,85.22,235.22,True,165.0
2026-04-05 23:17:22.328330,payment-api,api_timeout,medium,eu-west,59.31,80.29,341.97,False,
2026-03-24 22:12:22.328330,analytics-pipeline,database_failure,critical,ap-south,22.97,75.21,105.87,False,
2026-03-08 03:19:22.328330,payment-api,deployment_failure,medium,eu-west,72.49,71.54,270.86,True,20.0
2026-04-24 08:28:22.328330,analytics-pipeline,latency_spike,low,us-east,57.51,47.52,183.97,False,
2026-03-03 17:39:22.328330,notification-service,latency_spike,low,us-east,71.1,82.18,126.25,False,
2026-02-20 03:39:22.328330,analytics-pipeline,network_issue,medium,ap-south,80.41,62.23,249.0,False,
2026-04-03 08:38:22.328330,auth-service,database_failure,medium,us-east,57.35,72.19,291.35,True,140.0
2026-03-20 18:30:22.328330,payment-api,api_timeout,high,eu-west,46.59,61.84,234.8,True,177.0
2026-05-12 18:21:22.328330,auth-service,network_issue,critical,ap-south,101.02,59.64,383.21,False,
2026-03-13 15:34:22.328330,auth-service,database_failure,high,us-east,95.07,68.83,196.15,False,
2026-05-04 07:03:22.328330,payment-api,memory_leak,critical,ap-south,54.62,69.18,107.46,True,99.0
2026-03-13 23:44:22.328330,search-api,deployment_failure,critical,eu-west,63.86,87.96,171.11,True,84.0
2026-02-20 06:40:22.328330,analytics-pipeline,cpu_overload,low,us-east,61.39,49.59,249.92,True,215.0
2026-04-13 05:08:22.328330,inventory-engine,network_issue,critical,eu-west,68.97,70.76,202.65,False,
2026-02-21 14:38:22.328330,analytics-pipeline,cpu_overload,high,eu-west,60.61,76.02,217.69,True,108.0
2026-03-07 22:39:22.328330,auth-service,network_issue,high,us-east,69.72,72.58,309.87,True,80.0
2026-05-01 06:48:22.328330,analytics-pipeline,network_issue,low,ap-south,75.15,72.31,341.47,True,125.0
2026-04-14 09:21:22.328330,inventory-engine,api_timeout,high,us-east,71.3,85.66,268.56,True,202.0
2026-04-28 04:06:22.328330,search-api,latency_spike,high,eu-west,37.37,85.66,230.81,True,217.0
2026-02-18 07:38:22.328330,inventory-engine,cpu_overload,medium,us-east,64.22,73.38,192.4,True,177.0
2026-03-17 01:59:22.328330,inventory-engine,latency_spike,high,ap-south,68.41,62.9,321.94,True,223.0
2026-04-22 04:59:22.328330,auth-service,memory_leak,medium,eu-west,63.3,65.41,146.01,False,
2026-05-01 00:59:22.328330,analytics-pipeline,database_failure,high,ap-south,69.03,72.25,251.07,False,
2026-02-27 07:31:22.328330,search-api,latency_spike,critical,ap-south,49.59,50.79,270.05,True,211.0
2026-05-05 20:35:22.328330,analytics-pipeline,latency_spike,low,eu-west,87.27,57.68,347.16,False,
2026-03-31 19:59:22.328330,recommendation-engine,network_issue,low,ap-south,69.26,69.92,188.2,True,160.0
2026-02-18 22:18:22.328330,auth-service,memory_leak,low,ap-south,44.23,81.85,157.95,True,131.0
2026-04-28 23:56:22.328330,auth-service,api_timeout,high,eu-west,53.3,81.9,69.36,True,230.0
2026-04-11 17:10:22.328330,analytics-pipeline,latency_spike,low,eu-west,42.15,69.78,243.46,False,
2026-03-10 16:46:22.328330,inventory-engine,api_timeout,low,us-east,72.27,66.38,422.43,False,
2026-03-08 19:57:22.328330,notification-service,network_issue,low,eu-west,61.58,67.23,156.24,True,58.0
2026-03-05 01:26:22.328330,payment-api,deployment_failure,low,ap-south,66.86,77.38,316.29,True,90.0
2026-03-08 20:34:22.328330,recommendation-engine,latency_spike,medium,ap-south,42.66,67.05,255.74,True,67.0
2026-03-17 01:41:22.328330,recommendation-engine,cpu_overload,critical,ap-south,73.81,70.08,263.39,False,
2026-04-24 17:02:22.328330,search-api,cpu_overload,low,ap-south,52.87,88.69,299.41,False,
2026-02-24 07:00:22.328330,payment-api,database_failure,medium,us-east,44.83,57.1,136.25,False,
2026-03-24 05:30:22.328330,analytics-pipeline,cpu_overload,medium,eu-west,75.17,54.58,193.52,True,84.0
2026-03-24 18:43:22.328330,payment-api,deployment_failure,low,ap-south,71.82,69.21,240.71,False,
2026-05-08 19:43:22.328330,notification-service,cpu_overload,medium,eu-west,49.01,77.14,170.94,False,
2026-03-31 11:57:22.328330,recommendation-engine,cpu_overload,low,ap-south,60.13,72.85,228.25,True,198.0
2026-04-11 15:48:22.328330,auth-service,memory_leak,medium,eu-west,65.36,60.99,196.04,True,23.0
2026-04-26 20:55:22.328330,recommendation-engine,cpu_overload,high,us-east,65.03,53.5,183.0,False,
2026-05-11 17:51:22.328330,payment-api,cpu_overload,low,ap-south,70.82,54.67,312.53,False,
2026-05-06 21:24:22.328330,notification-service,database_failure,critical,ap-south,84.04,55.06,328.61,True,217.0
2026-04-15 08:09:22.328330,search-api,latency_spike,high,eu-west,62.85,75.02,180.27,False,
2026-02-22 13:41:22.328330,recommendation-engine,api_timeout,critical,ap-south,78.85,74.87,154.87,True,137.0
2026-03-16 14:08:22.328330,payment-api,latency_spike,medium,us-east,47.52,52.48,235.04,True,15.0
2026-02-21 19:38:22.328330,auth-service,deployment_failure,low,ap-south,73.59,77.81,210.56,True,97.0
2026-04-13 04:15:22.328330,recommendation-engine,database_failure,low,eu-west,47.65,61.82,312.19,False,
2026-05-04 17:06:22.328330,search-api,api_timeout,low,us-east,57.73,71.72,133.95,True,30.0
2026-02-21 00:07:22.328330,auth-service,deployment_failure,medium,us-east,70.05,64.51,303.74,False,
2026-04-16 08:16:22.328330,payment-api,deployment_failure,critical,ap-south,76.6,64.05,209.87,True,116.0
2026-03-27 15:52:22.328330,payment-api,api_timeout,critical,us-east,56.73,52.97,151.4,True,164.0
2026-04-29 12:53:22.328330,notification-service,deployment_failure,high,us-east,67.97,73.9,231.88,True,34.0
2026-04-26 16:38:22.328330,inventory-engine,database_failure,low,ap-south,60.47,81.2,225.08,False,
2026-03-08 17:02:22.328330,auth-service,cpu_overload,high,eu-west,75.55,48.71,-93.79,False,
2026-03-01 04:37:22.328330,search-api,database_failure,medium,us-east,69.26,52.9,203.0,True,59.0
2026-04-27 10:53:22.328330,search-api,cpu_overload,low,eu-west,60.47,89.05,252.0,True,175.0
2026-04-15 00:00:22.328330,recommendation-engine,network_issue,low,ap-south,67.49,80.04,249.48,True,134.0
2026-04-15 05:04:22.328330,notification-service,database_failure,low,us-east,58.13,82.86,131.22,False,
2026-03-27 11:24:22.328330,auth-service,latency_spike,critical,us-east,69.85,51.43,236.32,True,108.0
2026-03-10 21:31:22.328330,notification-service,network_issue,critical,ap-south,67.89,90.12,94.8,False,
2026-02-28 13:53:22.328330,analytics-pipeline,network_issue,high,ap-south,55.99,79.87,246.83,False,
2026-05-10 13:39:22.328330,notification-service,cpu_overload,medium,ap-south,67.7,58.53,172.73,False,
2026-03-27 00:03:22.328330,recommendation-engine,network_issue,medium,eu-west,83.68,69.38,250.03,False,
2026-03-28 06:30:22.328330,payment-api,cpu_overload,low,ap-south,63.27,55.8,294.7,False,
2026-03-27 21:27:22.328330,notification-service,deployment_failure,medium,eu-west,72.55,97.67,138.75,True,32.0
2026-05-01 21:28:22.328330,analytics-pipeline,deployment_failure,medium,us-east,77.34,54.26,232.59,True,203.0
2026-02-19 12:27:22.328330,recommendation-engine,api_timeout,low,us-east,79.65,45.13,203.61,True,147.0
2026-04-05 16:16:22.328330,auth-service,api_timeout,low,us-east,56.55,61.58,250.82,False,
2026-02-19 05:24:22.328330,payment-api,network_issue,critical,eu-west,81.81,68.4,236.44,True,84.0
2026-03-28 14:33:22.328330,search-api,memory_leak,medium,us-east,66.71,70.02,132.85,False,
2026-03-20 13:09:22.328330,auth-service,database_failure,medium,ap-south,81.63,73.54,251.59,True,219.0
2026-03-05 04:52:22.328330,inventory-engine,deployment_failure,low,us-east,52.9,64.49,205.91,False,
2026-02-26 23:13:22.328330,search-api,latency_spike,medium,ap-south,41.99,49.74,171.94,False,
2026-04-17 15:50:22.328330,payment-api,database_failure,medium,us-east,72.84,62.16,138.5,False,
2026-03-30 04:02:22.328330,search-api,memory_leak,critical,ap-south,52.78,64.54,191.69,False,
2026-05-10 05:16:22.328330,analytics-pipeline,database_failure,critical,ap-south,97.48,82.66,301.98,False,
2026-04-17 08:28:22.328330,recommendation-engine,network_issue,low,eu-west,82.53,58.01,122.21,True,148.0
2026-04-04 20:43:22.328330,analytics-pipeline,api_timeout,low,ap-south,48.4,86.01,176.22,True,201.0
2026-05-01 09:49:22.328330,analytics-pipeline,database_failure,high,ap-south,46.23,64.83,200.91,False,
2026-02-18 11:38:22.328330,analytics-pipeline,latency_spike,high,eu-west,69.03,73.01,153.75,False,
2026-04-12 10:36:22.328330,notification-service,memory_leak,medium,ap-south,75.28,62.33,207.5,False,
2026-03-02 09:10:22.328330,notification-service,cpu_overload,low,eu-west,75.3,62.3,174.45,True,127.0
2026-03-11 06:01:22.328330,auth-service,latency_spike,low,ap-south,73.88,59.71,189.22,False,
2026-03-25 01:56:22.328330,recommendation-engine,api_timeout,low,eu-west,73.34,94.65,268.43,True,218.0
2026-02-18 13:26:22.328330,analytics-pipeline,api_timeout,medium,eu-west,72.09,76.37,134.14,True,176.0
2026-05-01 03:10:22.328330,analytics-pipeline,database_failure,high,eu-west,66.73,69.64,245.73,True,21.0
2026-04-14 13:53:22.328330,notification-service,latency_spike,high,eu-west,66.75,74.56,195.08,False,
2026-03-22 09:33:22.328330,notification-service,latency_spike,high,eu-west,65.88,55.27,194.41,False,
2026-04-11 14:41:22.328330,analytics-pipeline,memory_leak,medium,ap-south,85.86,73.83,218.33,False,
2026-03-21 06:53:22.328330,recommendation-engine,network_issue,medium,eu-west,93.44,53.67,131.24,False,
2026-04-28 15:48:22.328330,search-api,cpu_overload,high,eu-west,90.69,70.55,200.59,False,
2026-04-08 14:54:22.328330,recommendation-engine,database_failure,high,us-east,47.01,75.37,263.56,True,19.0
2026-03-14 17:04:22.328330,recommendation-engine,memory_leak,critical,us-east,48.58,68.32,193.16,True,157.0
2026-05-06 05:48:22.328330,inventory-engine,latency_spike,low,ap-south,68.84,56.57,320.16,False,
2026-03-13 17:45:22.328330,search-api,deployment_failure,critical,us-east,78.74,65.64,202.69,True,46.0
2026-03-28 06:20:22.328330,search-api,database_failure,low,us-east,62.95,60.66,184.53,True,106.0
2026-02-22 11:32:22.328330,notification-service,network_issue,high,eu-west,60.95,89.35,295.73,True,55.0
2026-04-30 06:47:22.328330,recommendation-engine,memory_leak,low,eu-west,79.02,74.44,130.61,False,
2026-04-16 03:43:22.328330,search-api,memory_leak,medium,us-east,64.38,81.65,119.34,False,
2026-05-08 20:01:22.328330,recommendation-engine,database_failure,low,us-east,74.55,97.87,304.95,True,57.0
2026-03-02 09:39:22.328330,auth-service,network_issue,low,eu-west,86.21,72.62,297.43,True,5.0
2026-04-14 03:45:22.328330,payment-api,memory_leak,critical,eu-west,54.23,79.55,272.35,False,
2026-05-06 16:22:22.328330,recommendation-engine,api_timeout,high,us-east,69.35,85.79,176.9,True,53.0
2026-04-28 20:44:22.328330,recommendation-engine,latency_spike,high,us-east,62.19,71.15,137.63,False,
2026-03-25 19:03:22.328330,payment-api,network_issue,medium,ap-south,68.4,49.37,303.76,False,
2026-05-14 09:07:22.328330,auth-service,deployment_failure,critical,us-east,65.7,63.75,153.25,True,214.0
2026-05-10 03:02:22.328330,recommendation-engine,cpu_overload,high,eu-west,61.48,78.26,263.82,True,120.0
2026-04-30 01:55:22.328330,search-api,cpu_overload,low,us-east,54.42,59.85,272.55,False,
2026-03-31 02:34:22.328330,payment-api,memory_leak,critical,ap-south,54.16,70.72,229.9,False,
2026-03-18 23:49:22.328330,notification-service,memory_leak,medium,eu-west,69.68,80.3,118.96,True,218.0
2026-05-04 00:45:22.328330,search-api,latency_spike,critical,ap-south,36.33,63.19,364.12,True,31.0
2026-03-22 13:02:22.328330,auth-service,cpu_overload,critical,eu-west,95.33,91.97,204.56,False,
2026-03-12 20:52:22.328330,analytics-pipeline,api_timeout,critical,eu-west,38.27,41.88,170.88,False,
2026-02-28 20:26:22.328330,analytics-pipeline,memory_leak,medium,eu-west,62.03,85.61,289.42,True,144.0
2026-03-17 16:41:22.328330,inventory-engine,api_timeout,low,us-east,68.41,59.32,143.14,True,151.0
2026-03-11 10:31:22.328330,recommendation-engine,network_issue,low,us-east,68.81,78.36,251.35,False,
2026-04-12 01:37:22.328330,search-api,latency_spike,critical,us-east,49.48,77.81,254.07,True,108.0
2026-03-01 08:50:22.328330,recommendation-engine,memory_leak,critical,ap-south,48.94,60.59,275.08,True,225.0
2026-03-07 14:29:22.328330,payment-api,cpu_overload,low,us-east,61.48,89.07,260.09,True,26.0
2026-03-19 18:06:22.328330,analytics-pipeline,memory_leak,medium,eu-west,57.7,69.88,225.07,False,
2026-04-18 21:13:22.328330,search-api,memory_leak,low,us-east,54.07,59.05,276.11,False,
2026-05-17 09:06:22.328330,analytics-pipeline,cpu_overload,critical,eu-west,77.68,77.25,341.23,False,
2026-04-11 20:55:22.328330,notification-service,memory_leak,low,ap-south,56.87,90.09,147.93,True,23.0
2026-02-18 08:57:22.328330,notification-service,memory_leak,high,ap-south,49.81,48.88,184.34,False,
2026-02-19 12:53:22.328330,recommendation-engine,deployment_failure,low,ap-south,57.44,76.31,239.51,False,
2026-04-27 07:40:22.328330,recommendation-engine,database_failure,high,ap-south,47.11,65.29,190.28,True,45.0
2026-05-07 04:21:22.328330,payment-api,deployment_failure,high,eu-west,38.36,58.23,158.33,True,174.0
2026-03-03 02:39:22.328330,notification-service,api_timeout,high,ap-south,86.5,72.3,272.97,False,
2026-03-20 17:07:22.328330,auth-service,cpu_overload,high,ap-south,42.52,84.33,324.09,True,170.0
2026-05-11 01:59:22.328330,inventory-engine,cpu_overload,critical,ap-south,35.02,61.54,259.66,False,
2026-02-20 03:03:22.328330,analytics-pipeline,deployment_failure,low,ap-south,74.67,61.86,195.56,False,
2026-05-10 09:16:22.328330,inventory-engine,memory_leak,medium,ap-south,56.04,71.33,315.77,False,
2026-04-07 23:45:22.328330,recommendation-engine,api_timeout,medium,ap-south,53.43,82.01,157.47,True,11.0
2026-02-22 17:22:22.328330,notification-service,api_timeout,high,us-east,52.29,79.82,293.75,True,162.0
2026-05-12 22:50:22.328330,search-api,network_issue,critical,us-east,77.77,54.21,182.72,False,
2026-04-13 17:37:22.328330,notification-service,memory_leak,critical,ap-south,77.34,70.5,134.1,False,
2026-03-14 07:50:22.328330,analytics-pipeline,memory_leak,medium,us-east,71.87,61.42,363.56,True,131.0
2026-03-11 11:37:22.328330,payment-api,deployment_failure,high,ap-south,88.17,77.25,328.88,True,107.0
2026-03-21 03:39:22.328330,auth-service,network_issue,medium,us-east,65.97,79.19,338.22,True,183.0
2026-04-24 05:09:22.328330,payment-api,network_issue,high,us-east,68.68,66.94,83.63,False,
2026-03-13 11:51:22.328330,notification-service,cpu_overload,critical,ap-south,63.75,79.88,295.65,True,12.0
2026-03-18 11:18:22.328330,payment-api,memory_leak,high,ap-south,72.57,63.5,61.85,True,204.0
2026-03-11 18:49:22.328330,inventory-engine,deployment_failure,high,us-east,57.57,66.35,194.97,False,
2026-05-02 02:43:22.328330,notification-service,api_timeout,critical,ap-south,74.28,93.83,229.88,False,
2026-04-30 21:06:22.328330,auth-service,cpu_overload,high,eu-west,61.75,66.89,229.95,True,167.0
2026-02-21 02:37:22.328330,auth-service,network_issue,high,us-east,52.58,71.44,256.06,True,226.0
2026-02-22 02:43:22.328330,auth-service,database_failure,low,us-east,68.15,75.49,254.7,False,
2026-05-03 18:19:22.328330,inventory-engine,latency_spike,high,eu-west,38.42,77.64,166.32,False,
2026-03-13 23:21:22.328330,recommendation-engine,memory_leak,high,us-east,48.56,56.75,254.68,True,152.0
2026-05-03 02:05:22.328330,recommendation-engine,database_failure,medium,ap-south,61.66,49.82,258.24,True,92.0
2026-03-31 12:16:22.328330,notification-service,deployment_failure,high,eu-west,43.41,71.68,239.08,True,225.0
2026-02-22 04:58:22.328330,notification-service,latency_spike,critical,us-east,78.28,91.38,110.83,False,
2026-05-16 09:27:22.328330,search-api,api_timeout,high,us-east,64.21,66.68,254.7,False,
2026-05-17 07:22:22.328330,notification-service,cpu_overload,critical,ap-south,68.24,65.77,184.73,False,
2026-03-04 15:34:22.328330,inventory-engine,memory_leak,low,eu-west,48.25,81.85,256.74,False,
2026-03-22 13:21:22.328330,notification-service,latency_spike,low,eu-west,78.77,66.28,167.45,False,
2026-03-25 04:58:22.328330,recommendation-engine,memory_leak,low,eu-west,48.83,74.31,136.82,False,
2026-03-26 18:10:22.328330,auth-service,cpu_overload,low,eu-west,92.73,54.31,241.89,False,
2026-04-29 14:21:22.328330,recommendation-engine,cpu_overload,low,us-east,88.5,77.19,234.05,False,
2026-04-07 10:26:22.328330,payment-api,cpu_overload,high,eu-west,50.47,53.42,281.6,True,60.0
2026-03-13 09:08:22.328330,auth-service,cpu_overload,medium,us-east,87.59,64.73,128.88,False,
2026-03-13 11:31:22.328330,analytics-pipeline,database_failure,low,eu-west,28.13,58.23,210.91,False,
2026-04-08 00:18:22.328330,analytics-pipeline,cpu_overload,low,eu-west,88.99,78.08,244.41,False,
2026-02-21 00:14:22.328330,analytics-pipeline,memory_leak,low,us-east,59.0,63.0,332.45,True,14.0
2026-03-09 01:35:22.328330,inventory-engine,memory_leak,critical,us-east,68.01,44.77,166.12,True,183.0
2026-03-25 20:51:22.328330,notification-service,api_timeout,low,ap-south,52.13,63.44,265.03,True,198.0
2026-04-05 05:16:22.328330,payment-api,cpu_overload,high,eu-west,63.39,69.08,325.08,True,221.0
2026-04-01 22:06:22.328330,notification-service,database_failure,high,us-east,54.55,92.37,166.3,True,232.0
2026-05-06 06:33:22.328330,inventory-engine,database_failure,critical,us-east,66.34,66.63,229.87,True,88.0
2026-03-01 02:00:22.328330,analytics-pipeline,database_failure,critical,us-east,71.67,75.21,159.75,False,
2026-04-23 06:51:22.328330,inventory-engine,deployment_failure,medium,eu-west,48.16,100.04,181.28,False,
2026-03-15 11:00:22.328330,inventory-engine,database_failure,high,ap-south,75.49,50.71,197.63,False,
2026-03-30 10:55:22.328330,search-api,cpu_overload,critical,us-east,63.09,75.67,2.2,False,
2026-03-08 00:57:22.328330,search-api,deployment_failure,high,eu-west,67.49,56.2,245.95,True,82.0
2026-02-20 12:43:22.328330,notification-service,latency_spike,low,ap-south,49.46,59.73,198.11,False,
2026-02-18 00:54:22.328330,inventory-engine,latency_spike,medium,eu-west,49.22,64.29,124.53,True,15.0
2026-05-04 12:51:22.328330,analytics-pipeline,cpu_overload,high,ap-south,37.5,82.22,116.32,True,155.0
2026-03-20 19:22:22.328330,auth-service,latency_spike,medium,eu-west,62.32,79.03,170.8,True,209.0
2026-04-19 01:24:22.328330,analytics-pipeline,cpu_overload,low,eu-west,52.62,72.71,309.43,True,87.0
2026-04-17 18:55:22.328330,recommendation-engine,latency_spike,medium,ap-south,47.46,68.2,81.4,False,
2026-03-29 03:54:22.328330,search-api,memory_leak,low,us-east,59.1,70.41,151.63,False,
2026-04-22 20:18:22.328330,analytics-pipeline,database_failure,critical,us-east,58.15,53.1,226.17,False,
2026-05-05 14:47:22.328330,recommendation-engine,deployment_failure,medium,us-east,80.84,56.83,170.19,False,
2026-02-25 21:54:22.328330,search-api,deployment_failure,critical,ap-south,72.54,84.55,100.54,False,
2026-03-21 04:32:22.328330,recommendation-engine,memory_leak,low,eu-west,62.47,73.4,211.84,False,
2026-03-02 17:28:22.328330,notification-service,network_issue,medium,us-east,27.85,76.01,341.55,False,
2026-04-29 16:37:22.328330,payment-api,database_failure,medium,eu-west,66.75,57.63,178.95,True,193.0
2026-05-06 13:23:22.328330,auth-service,deployment_failure,low,eu-west,91.55,80.92,271.2,True,160.0
2026-05-05 16:39:22.328330,analytics-pipeline,network_issue,low,ap-south,70.35,62.07,203.95,False,
2026-03-22 22:13:22.328330,payment-api,latency_spike,critical,ap-south,63.83,76.59,340.71,True,231.0
2026-05-10 13:14:22.328330,notification-service,memory_leak,critical,us-east,81.78,52.97,237.92,False,
2026-05-04 03:39:22.328330,auth-service,network_issue,critical,us-east,76.05,77.43,169.66,True,141.0
2026-05-03 16:56:22.328330,analytics-pipeline,api_timeout,critical,ap-south,108.71,54.67,133.34,True,175.0
2026-04-07 05:18:22.328330,auth-service,deployment_failure,medium,us-east,68.5,95.4,153.1,False,
2026-04-06 11:19:22.328330,inventory-engine,cpu_overload,high,ap-south,61.01,82.93,218.57,False,
2026-04-04 16:33:22.328330,auth-service,api_timeout,medium,ap-south,59.98,76.79,241.8,True,88.0
2026-05-05 18:20:22.328330,notification-service,latency_spike,critical,us-east,80.46,85.5,244.56,True,191.0
2026-05-09 10:08:22.328330,recommendation-engine,latency_spike,medium,ap-south,69.38,72.57,259.13,False,
2026-02-20 07:35:22.328330,payment-api,network_issue,critical,eu-west,65.83,69.99,315.73,True,122.0
2026-03-17 03:41:22.328330,auth-service,memory_leak,critical,ap-south,87.74,51.91,220.8,True,149.0
2026-03-20 01:46:22.328330,notification-service,memory_leak,low,us-east,54.67,66.27,252.2,True,49.0
2026-05-04 14:29:22.328330,notification-service,database_failure,medium,ap-south,75.04,68.65,66.93,False,
2026-02-27 11:43:22.328330,auth-service,latency_spike,critical,us-east,50.52,80.76,0.77,True,168.0
2026-04-21 03:10:22.328330,auth-service,database_failure,medium,eu-west,82.81,76.25,325.29,True,88.0
2026-03-20 06:19:22.328330,inventory-engine,network_issue,medium,ap-south,62.02,45.26,254.43,True,86.0
2026-03-29 03:02:22.328330,inventory-engine,cpu_overload,critical,eu-west,84.12,81.1,166.98,False,
2026-03-13 18:11:22.328330,search-api,api_timeout,critical,eu-west,66.3,63.61,154.46,True,211.0
2026-04-12 22:48:22.328330,inventory-engine,memory_leak,low,ap-south,79.33,55.63,148.49,False,
2026-04-24 23:16:22.328330,analytics-pipeline,cpu_overload,critical,ap-south,48.44,52.12,231.71,True,51.0
2026-02-26 10:08:22.328330,recommendation-engine,database_failure,critical,eu-west,82.42,67.78,99.54,True,151.0
2026-05-02 20:41:22.328330,recommendation-engine,latency_spike,medium,eu-west,77.6,90.23,168.3,False,
2026-04-26 07:03:22.328330,search-api,database_failure,critical,ap-south,57.82,76.19,349.75,False,
2026-03-14 07:21:22.328330,payment-api,memory_leak,critical,ap-south,57.2,54.01,270.51,False,
2026-05-06 03:26:22.328330,notification-service,database_failure,medium,eu-west,76.99,70.07,175.35,True,12.0
2026-03-05 18:58:22.328330,search-api,deployment_failure,low,eu-west,79.92,76.34,158.53,False,
2026-04-12 13:58:22.328330,search-api,deployment_failure,low,ap-south,65.74,53.78,274.87,True,49.0
2026-05-15 07:15:22.328330,payment-api,cpu_overload,critical,ap-south,61.07,64.77,217.37,False,
2026-04-01 12:33:22.328330,notification-service,database_failure,critical,us-east,65.6,80.74,267.29,True,182.0
2026-03-12 09:00:22.328330,search-api,network_issue,high,ap-south,62.65,79.16,252.06,False,
2026-05-01 22:07:22.328330,auth-service,network_issue,critical,eu-west,58.6,68.5,208.14,True,56.0
2026-05-17 03:38:22.328330,inventory-engine,cpu_overload,medium,us-east,72.58,65.6,188.77,True,213.0
2026-03-27 14:30:22.328330,analytics-pipeline,deployment_failure,high,eu-west,94.53,81.28,159.15,False,
2026-05-12 16:26:22.328330,inventory-engine,deployment_failure,medium,eu-west,73.56,71.42,251.32,True,10.0
2026-03-08 19:53:22.328330,auth-service,network_issue,medium,ap-south,67.06,84.28,247.65,False,
2026-03-19 06:58:22.328330,payment-api,latency_spike,high,eu-west,64.07,82.51,238.66,False,
2026-04-23 11:59:22.328330,search-api,deployment_failure,medium,eu-west,66.82,73.77,212.51,True,238.0
2026-05-18 06:47:22.328330,notification-service,api_timeout,critical,eu-west,65.14,62.96,159.91,True,180.0
2026-03-25 17:01:22.328330,recommendation-engine,latency_spike,low,eu-west,50.02,53.3,149.62,False,
2026-05-14 07:44:22.328330,search-api,memory_leak,medium,eu-west,62.39,71.24,198.3,True,45.0
2026-05-07 23:34:22.328330,analytics-pipeline,network_issue,critical,us-east,29.66,88.9,306.92,False,
2026-03-11 05:18:22.328330,search-api,memory_leak,low,eu-west,71.69,92.89,141.81,True,34.0
2026-05-08 11:17:22.328330,recommendation-engine,api_timeout,low,eu-west,93.31,58.42,239.1,True,15.0
2026-05-07 17:16:22.328330,notification-service,network_issue,low,us-east,45.89,70.18,250.89,True,190.0
2026-04-17 12:21:22.328330,search-api,network_issue,critical,eu-west,62.68,78.57,227.92,True,164.0
2026-03-11 18:09:22.328330,search-api,memory_leak,low,us-east,57.16,63.2,284.87,True,115.0
2026-04-14 02:46:22.328330,inventory-engine,memory_leak,low,ap-south,55.19,80.98,317.82,True,121.0
2026-03-20 12:12:22.328330,search-api,deployment_failure,high,ap-south,39.97,83.6,384.83,True,43.0
2026-03-10 03:44:22.328330,analytics-pipeline,cpu_overload,medium,eu-west,68.78,77.19,302.96,True,77.0
2026-05-16 15:54:22.328330,analytics-pipeline,database_failure,critical,ap-south,60.87,72.19,114.86,True,91.0
2026-03-01 11:09:22.328330,payment-api,database_failure,high,eu-west,67.08,75.98,261.29,True,157.0
2026-04-22 15:10:22.328330,recommendation-engine,memory_leak,low,ap-south,80.98,60.7,177.39,True,184.0
2026-03-02 15:29:22.328330,inventory-engine,cpu_overload,critical,eu-west,93.43,68.2,236.0,True,211.0
2026-02-23 00:22:22.328330,auth-service,network_issue,high,eu-west,63.99,60.14,349.88,False,
2026-03-04 18:34:22.328330,payment-api,deployment_failure,low,eu-west,57.08,56.47,183.94,False,
2026-05-07 22:19:22.328330,auth-service,cpu_overload,medium,us-east,34.97,62.18,142.55,False,
2026-03-29 16:41:22.328330,inventory-engine,database_failure,high,us-east,74.26,61.92,291.02,False,
2026-03-10 07:39:22.328330,auth-service,memory_leak,low,us-east,85.98,79.37,202.77,True,232.0
2026-03-12 03:10:22.328330,analytics-pipeline,memory_leak,low,eu-west,67.12,51.7,209.3,False,
2026-02-23 01:29:22.328330,payment-api,api_timeout,low,us-east,52.09,78.33,425.82,True,127.0
2026-04-27 17:18:22.328330,notification-service,api_timeout,high,eu-west,72.5,46.11,191.1,True,158.0
2026-03-23 08:21:22.328330,payment-api,api_timeout,low,us-east,66.84,71.05,161.53,False,
2026-03-01 06:31:22.328330,notification-service,latency_spike,critical,eu-west,68.68,55.09,144.41,True,37.0
2026-03-01 10:47:22.328330,inventory-engine,database_failure,low,us-east,74.69,57.81,263.06,False,
2026-04-24 23:13:22.328330,analytics-pipeline,memory_leak,low,eu-west,44.46,91.18,158.06,False,
2026-05-15 18:46:22.328330,auth-service,latency_spike,low,eu-west,61.65,73.97,174.77,False,
2026-02-25 02:00:22.328330,recommendation-engine,api_timeout,critical,us-east,67.15,76.9,296.85,False,
2026-02-26 10:38:22.328330,analytics-pipeline,cpu_overload,low,us-east,76.87,67.94,208.27,False,
2026-03-26 00:22:22.328330,search-api,deployment_failure,high,us-east,100.24,81.4,146.25,False,
2026-04-10 00:43:22.328330,analytics-pipeline,memory_leak,medium,us-east,66.5,65.98,209.17,False,
2026-03-03 03:03:22.328330,payment-api,memory_leak,high,us-east,46.56,65.06,364.92,False,
2026-05-18 11:32:22.328330,payment-api,latency_spike,low,eu-west,73.69,40.11,317.34,True,14.0
2026-04-29 20:50:22.328330,payment-api,deployment_failure,critical,ap-south,81.34,65.69,277.38,True,30.0
2026-04-07 19:56:22.328330,recommendation-engine,cpu_overload,low,us-east,52.11,64.36,339.88,True,113.0
2026-04-01 17:41:22.328330,payment-api,database_failure,low,ap-south,60.92,47.56,214.94,True,212.0
2026-03-13 13:52:22.328330,search-api,cpu_overload,critical,eu-west,63.82,84.38,221.15,True,156.0
2026-05-15 22:55:22.328330,analytics-pipeline,network_issue,low,us-east,58.68,82.54,229.66,True,123.0
2026-05-11 01:03:22.328330,auth-service,database_failure,low,us-east,53.75,83.86,235.49,False,
2026-05-09 11:25:22.328330,auth-service,latency_spike,critical,ap-south,65.04,72.13,134.35,True,90.0
2026-05-11 11:23:22.328330,payment-api,deployment_failure,high,us-east,57.09,70.04,204.43,False,
2026-04-03 22:39:22.328330,inventory-engine,memory_leak,critical,eu-west,84.09,72.61,288.39,True,185.0
2026-04-30 20:08:22.328330,payment-api,latency_spike,critical,eu-west,65.14,82.68,251.8,False,
2026-03-31 08:01:22.328330,analytics-pipeline,database_failure,high,us-east,65.2,69.84,143.64,False,
2026-03-15 16:53:22.328330,recommendation-engine,database_failure,high,us-east,72.6,69.52,179.84,True,57.0
2026-05-07 18:17:22.328330,notification-service,latency_spike,high,eu-west,81.6,55.0,186.2,True,160.0
2026-04-12 02:04:22.328330,auth-service,deployment_failure,critical,us-east,80.42,73.79,216.17,False,
2026-02-26 18:04:22.328330,recommendation-engine,api_timeout,medium,eu-west,68.77,72.15,98.67,False,
2026-03-26 11:14:22.328330,payment-api,database_failure,medium,eu-west,59.76,89.4,167.25,False,
2026-05-17 00:03:22.328330,payment-api,latency_spike,high,us-east,60.23,63.5,213.04,False,
2026-04-09 23:51:22.328330,payment-api,cpu_overload,high,ap-south,56.25,75.84,235.79,True,198.0
2026-05-12 13:22:22.328330,analytics-pipeline,latency_spike,low,us-east,76.6,57.39,192.77,False,
2026-03-19 01:26:22.328330,recommendation-engine,latency_spike,high,eu-west,61.61,75.47,156.54,True,196.0
2026-03-20 02:25:22.328330,inventory-engine,database_failure,medium,ap-south,78.73,84.24,140.89,True,215.0
2026-03-14 15:47:22.328330,notification-service,deployment_failure,high,ap-south,57.64,63.62,430.59,True,85.0
2026-04-26 00:55:22.328330,search-api,network_issue,low,us-east,58.55,90.13,118.67,True,15.0
2026-04-25 11:19:22.328330,notification-service,database_failure,low,ap-south,50.16,61.76,152.34,False,
2026-03-20 21:01:22.328330,analytics-pipeline,database_failure,critical,us-east,60.98,61.49,154.45,False,
2026-03-21 13:51:22.328330,auth-service,network_issue,low,eu-west,82.38,84.69,295.94,False,
2026-03-25 23:56:22.328330,recommendation-engine,network_issue,low,us-east,72.86,71.11,180.24,False,
2026-03-24 20:16:22.328330,notification-service,network_issue,high,eu-west,50.7,74.36,126.11,False,
2026-02-25 01:47:22.328330,recommendation-engine,latency_spike,medium,eu-west,50.09,83.83,372.05,False,
2026-04-22 15:18:22.328330,payment-api,api_timeout,critical,ap-south,70.9,83.28,200.33,False,
2026-04-26 03:13:22.328330,auth-service,deployment_failure,medium,us-east,44.93,77.35,265.54,False,
2026-05-02 01:42:22.328330,auth-service,network_issue,high,ap-south,66.08,67.09,296.98,True,161.0
2026-04-08 03:03:22.328330,analytics-pipeline,latency_spike,low,ap-south,50.21,60.71,139.35,False,
2026-05-03 16:45:22.328330,recommendation-engine,deployment_failure,medium,eu-west,66.27,56.95,165.26,True,124.0
2026-05-14 02:08:22.328330,notification-service,api_timeout,medium,eu-west,54.41,66.87,101.01,True,110.0
2026-05-13 17:32:22.328330,analytics-pipeline,memory_leak,low,ap-south,66.31,84.97,230.84,False,
2026-05-10 01:48:22.328330,analytics-pipeline,database_failure,low,eu-west,88.12,86.01,282.22,False,
2026-03-17 10:32:22.328330,search-api,deployment_failure,critical,eu-west,66.12,70.27,281.1,True,26.0
2026-02-18 21:23:22.328330,recommendation-engine,latency_spike,high,ap-south,59.12,47.41,259.36,True,213.0
2026-03-05 01:26:22.328330,analytics-pipeline,latency_spike,critical,us-east,48.03,58.45,220.02,False,
2026-03-31 00:33:22.328330,auth-service,memory_leak,low,us-east,63.57,53.06,233.24,False,
2026-04-01 05:18:22.328330,notification-service,network_issue,medium,ap-south,79.49,56.46,321.8,False,
2026-02-19 05:00:22.328330,notification-service,cpu_overload,critical,eu-west,41.6,95.41,187.1,True,20.0
2026-03-05 19:57:22.328330,payment-api,cpu_overload,low,us-east,67.18,47.3,215.03,False,
2026-04-19 14:01:22.328330,recommendation-engine,network_issue,low,eu-west,68.43,68.97,174.95,True,102.0
2026-03-28 10:41:22.328330,payment-api,cpu_overload,critical,eu-west,50.8,83.57,222.46,True,45.0
2026-04-02 05:26:22.328330,recommendation-engine,network_issue,high,eu-west,88.11,63.68,185.22,False,
2026-03-28 18:51:22.328330,notification-service,memory_leak,critical,ap-south,77.23,50.52,122.92,False,
2026-03-27 01:33:22.328330,search-api,deployment_failure,critical,ap-south,81.46,55.94,74.48,True,73.0
2026-05-14 19:17:22.328330,notification-service,cpu_overload,medium,ap-south,93.03,53.27,234.73,True,71.0
2026-02-25 09:07:22.328330,analytics-pipeline,latency_spike,critical,eu-west,66.04,36.27,198.61,False,
2026-04-09 20:23:22.328330,payment-api,api_timeout,medium,eu-west,71.73,74.25,292.28,False,
2026-04-22 20:51:22.328330,search-api,deployment_failure,medium,us-east,59.19,78.55,164.85,False,
2026-04-16 12:05:22.328330,payment-api,deployment_failure,critical,ap-south,43.84,54.43,103.03,False,
2026-05-02 04:31:22.328330,inventory-engine,network_issue,low,ap-south,80.14,51.83,241.92,False,
2026-03-15 19:57:22.328330,search-api,cpu_overload,critical,us-east,61.01,68.77,329.09,True,189.0
2026-04-24 14:59:22.328330,notification-service,api_timeout,low,us-east,58.42,77.34,223.01,False,
2026-04-02 03:41:22.328330,inventory-engine,memory_leak,low,us-east,62.72,97.6,104.69,True,44.0
2026-03-28 16:21:22.328330,inventory-engine,latency_spike,critical,eu-west,84.34,77.88,181.64,True,96.0
2026-03-26 22:29:22.328330,analytics-pipeline,memory_leak,critical,us-east,89.44,47.82,178.26,True,5.0
2026-04-02 23:43:22.328330,notification-service,deployment_failure,medium,us-east,46.87,74.95,130.95,False,
2026-03-31 05:48:22.328330,search-api,database_failure,medium,ap-south,71.5,67.76,181.65,True,230.0
2026-04-09 01:15:22.328330,auth-service,cpu_overload,critical,us-east,70.83,66.78,132.91,True,197.0
2026-03-31 17:48:22.328330,recommendation-engine,database_failure,low,us-east,107.02,64.15,42.59,True,164.0
2026-03-03 21:45:22.328330,payment-api,latency_spike,high,eu-west,52.37,54.79,286.09,True,217.0
2026-05-08 10:46:22.328330,notification-service,deployment_failure,medium,us-east,69.82,74.78,190.4,True,215.0
2026-02-28 06:07:22.328330,auth-service,network_issue,critical,eu-west,60.81,65.55,213.5,True,59.0
2026-04-05 11:37:22.328330,search-api,api_timeout,low,us-east,77.53,74.03,260.01,True,68.0
2026-05-14 17:51:22.328330,inventory-engine,cpu_overload,low,us-east,72.49,80.61,243.05,False,
2026-03-08 18:06:22.328330,analytics-pipeline,network_issue,low,eu-west,70.38,84.27,166.8,False,
2026-02-25 05:23:22.328330,inventory-engine,deployment_failure,high,us-east,52.16,55.77,234.63,True,72.0
2026-05-07 09:23:22.328330,notification-service,latency_spike,critical,us-east,37.19,75.55,211.26,True,228.0
2026-05-01 03:21:22.328330,search-api,cpu_overload,high,eu-west,82.02,61.94,203.73,False,
2026-04-12 03:11:22.328330,analytics-pipeline,latency_spike,critical,ap-south,81.83,86.6,165.59,False,
2026-02-26 02:55:22.328330,search-api,latency_spike,medium,ap-south,67.73,73.53,249.89,False,
2026-03-25 14:42:22.328330,notification-service,database_failure,low,ap-south,61.06,85.38,68.82,True,226.0
2026-04-12 06:09:22.328330,recommendation-engine,deployment_failure,medium,eu-west,58.68,75.38,256.58,False,
2026-05-11 11:35:22.328330,recommendation-engine,cpu_overload,critical,ap-south,85.29,84.38,197.16,True,206.0
2026-04-28 02:46:22.328330,analytics-pipeline,cpu_overload,medium,us-east,84.5,61.43,294.47,False,
2026-02-21 12:21:22.328330,inventory-engine,database_failure,critical,ap-south,92.16,84.58,228.46,True,183.0
2026-02-18 23:02:22.328330,notification-service,api_timeout,critical,us-east,60.02,51.66,244.84,False,
2026-03-28 02:24:22.328330,inventory-engine,network_issue,low,us-east,48.27,60.48,124.74,False,
2026-03-26 04:14:22.328330,inventory-engine,cpu_overload,low,eu-west,58.09,69.66,241.89,True,162.0
2026-05-06 11:06:22.328330,search-api,database_failure,medium,eu-west,55.99,82.83,203.34,False,
2026-04-15 20:12:22.328330,auth-service,network_issue,critical,ap-south,53.18,72.72,377.08,True,94.0
2026-05-08 09:48:22.328330,payment-api,api_timeout,low,us-east,70.03,65.65,97.8,True,63.0
2026-03-03 22:50:22.328330,notification-service,database_failure,critical,eu-west,61.71,72.82,188.99,False,
2026-04-20 02:43:22.328330,auth-service,api_timeout,medium,eu-west,40.02,59.79,336.36,False,
2026-04-18 21:44:22.328330,inventory-engine,database_failure,low,us-east,86.51,59.36,273.82,False,
2026-05-18 00:44:22.328330,payment-api,latency_spike,high,eu-west,47.32,86.85,239.62,False,
2026-03-31 10:56:22.328330,notification-service,cpu_overload,medium,eu-west,79.24,49.42,274.21,False,
2026-02-23 22:38:22.328330,recommendation-engine,api_timeout,high,ap-south,64.88,80.22,293.19,False,
2026-04-09 11:14:22.328330,recommendation-engine,api_timeout,low,us-east,65.99,62.79,282.38,False,
2026-04-24 20:52:22.328330,auth-service,latency_spike,high,us-east,64.1,59.53,146.39,False,
2026-02-28 23:30:22.328330,inventory-engine,api_timeout,critical,us-east,42.84,63.88,308.22,True,151.0
2026-04-07 17:07:22.328330,analytics-pipeline,cpu_overload,high,eu-west,67.67,63.64,284.39,True,205.0
2026-04-02 15:13:22.328330,analytics-pipeline,database_failure,low,us-east,52.51,71.14,205.63,True,67.0
2026-03-01 17:17:22.328330,analytics-pipeline,cpu_overload,high,us-east,76.69,51.07,151.98,False,
2026-03-08 10:25:22.328330,auth-service,deployment_failure,medium,us-east,40.43,66.88,316.91,False,
2026-03-15 23:02:22.328330,inventory-engine,latency_spike,low,us-east,57.42,63.87,289.74,False,
2026-03-24 18:49:22.328330,notification-service,cpu_overload,medium,eu-west,81.03,68.94,274.78,True,182.0
2026-02-22 21:42:22.328330,search-api,api_timeout,medium,eu-west,48.85,86.54,391.9,True,49.0
2026-05-04 21:07:22.328330,inventory-engine,memory_leak,critical,us-east,72.82,44.99,175.34,False,
2026-03-16 13:33:22.328330,search-api,api_timeout,high,us-east,74.19,64.94,321.78,True,200.0
2026-04-19 23:11:22.328330,notification-service,latency_spike,critical,eu-west,73.82,61.52,222.58,True,25.0
2026-05-02 15:07:22.328330,inventory-engine,network_issue,low,eu-west,51.59,67.81,175.63,False,
2026-02-24 20:01:22.328330,analytics-pipeline,database_failure,high,ap-south,82.62,95.39,105.5,False,
2026-05-13 06:30:22.328330,payment-api,deployment_failure,low,eu-west,36.15,67.06,98.53,False,
2026-03-26 03:14:22.328330,notification-service,api_timeout,critical,ap-south,65.69,78.99,339.53,False,
2026-03-28 20:44:22.328330,auth-service,memory_leak,low,eu-west,68.02,67.68,61.73,False,
2026-04-08 07:23:22.328330,analytics-pipeline,latency_spike,high,us-east,65.39,70.86,271.12,True,188.0
2026-04-11 13:01:22.328330,analytics-pipeline,cpu_overload,medium,ap-south,54.37,64.78,101.76,False,
2026-05-11 19:11:22.328330,auth-service,network_issue,low,eu-west,30.63,56.7,94.37,True,57.0
2026-03-31 14:25:22.328330,inventory-engine,memory_leak,critical,us-east,70.05,63.78,176.94,True,115.0
2026-04-17 06:16:22.328330,search-api,database_failure,critical,ap-south,50.23,31.21,340.66,True,123.0
2026-03-29 07:03:22.328330,inventory-engine,deployment_failure,medium,us-east,50.0,65.05,103.61,False,
2026-02-21 10:36:22.328330,notification-service,memory_leak,high,eu-west,79.58,71.72,153.89,True,176.0
2026-03-28 23:39:22.328330,search-api,deployment_failure,medium,ap-south,59.12,90.14,214.16,False,
2026-02-27 18:04:22.328330,inventory-engine,cpu_overload,high,eu-west,62.27,58.7,68.43,True,178.0
2026-02-21 18:03:22.328330,recommendation-engine,cpu_overload,high,ap-south,62.6,73.91,307.97,False,
2026-04-22 18:28:22.328330,search-api,api_timeout,high,ap-south,31.27,56.5,173.54,True,227.0
2026-04-30 19:34:22.328330,analytics-pipeline,latency_spike,low,eu-west,64.95,68.26,210.26,True,44.0
2026-02-22 15:43:22.328330,search-api,api_timeout,high,ap-south,71.12,59.16,294.73,False,
2026-03-17 15:17:22.328330,notification-service,network_issue,low,us-east,71.5,66.16,348.07,False,
2026-02-25 16:52:22.328330,analytics-pipeline,api_timeout,medium,eu-west,88.35,81.19,-21.48,False,
2026-03-21 00:21:22.328330,search-api,network_issue,medium,us-east,88.68,79.54,380.51,True,12.0
2026-05-01 06:53:22.328330,analytics-pipeline,deployment_failure,critical,ap-south,83.56,88.94,290.29,True,214.0
2026-05-12 02:32:22.328330,recommendation-engine,cpu_overload,low,ap-south,85.23,93.93,237.32,True,210.0
2026-03-02 15:39:22.328330,payment-api,database_failure,critical,eu-west,41.42,66.31,251.2,True,70.0
2026-04-18 18:54:22.328330,search-api,network_issue,medium,eu-west,66.12,55.04,89.51,False,
2026-03-24 07:23:22.328330,analytics-pipeline,memory_leak,high,ap-south,53.88,79.69,346.43,True,73.0
2026-03-22 22:05:22.328330,auth-service,cpu_overload,medium,us-east,78.75,82.69,213.53,True,14.0
2026-03-01 15:32:22.328330,analytics-pipeline,network_issue,low,ap-south,38.87,64.54,199.3,True,188.0
2026-02-28 07:19:22.328330,recommendation-engine,api_timeout,critical,ap-south,57.54,70.66,255.31,False,
2026-04-01 22:15:22.328330,payment-api,deployment_failure,critical,us-east,77.8,66.66,67.7,True,76.0
2026-04-25 14:25:22.328330,inventory-engine,network_issue,high,us-east,57.76,70.52,317.82,False,
2026-04-09 19:38:22.328330,payment-api,deployment_failure,medium,ap-south,56.48,76.15,243.21,False,
2026-03-17 01:36:22.328330,payment-api,api_timeout,medium,us-east,65.66,81.17,167.13,True,8.0
2026-03-21 07:30:22.328330,search-api,network_issue,high,eu-west,56.37,69.86,168.79,True,42.0
2026-03-30 21:13:22.328330,recommendation-engine,database_failure,high,ap-south,72.62,61.44,238.1,False,
2026-03-06 13:21:22.328330,notification-service,database_failure,critical,ap-south,63.5,72.58,183.22,True,231.0
2026-02-27 00:26:22.328330,analytics-pipeline,network_issue,low,us-east,59.91,71.15,236.17,False,
2026-04-04 22:13:22.328330,notification-service,network_issue,medium,us-east,64.94,90.46,140.74,True,75.0
2026-03-03 07:03:22.328330,recommendation-engine,network_issue,medium,us-east,64.04,51.12,249.77,False,
2026-04-27 13:30:22.328330,payment-api,deployment_failure,low,ap-south,48.27,66.66,190.23,False,
2026-03-15 01:27:22.328330,inventory-engine,memory_leak,high,eu-west,69.21,63.37,172.38,True,217.0
2026-03-29 01:17:22.328330,search-api,memory_leak,critical,eu-west,86.54,73.41,175.12,True,65.0
2026-03-28 00:40:22.328330,analytics-pipeline,latency_spike,medium,eu-west,61.24,89.74,201.19,False,
2026-05-15 23:47:22.328330,recommendation-engine,deployment_failure,medium,ap-south,54.66,61.78,176.07,True,49.0
2026-04-01 15:56:22.328330,analytics-pipeline,database_failure,low,ap-south,56.08,54.64,130.06,True,47.0
2026-05-05 11:13:22.328330,payment-api,latency_spike,low,eu-west,52.56,77.1,189.5,True,63.0
2026-05-02 17:37:22.328330,payment-api,latency_spike,low,ap-south,61.89,85.24,323.6,False,
2026-04-06 17:46:22.328330,recommendation-engine,api_timeout,low,eu-west,60.77,62.43,150.85,True,135.0
2026-03-03 03:43:22.328330,search-api,database_failure,critical,ap-south,75.39,67.54,189.08,False,
2026-05-07 15:39:22.328330,payment-api,database_failure,low,us-east,52.8,60.76,245.6,True,100.0
2026-04-13 19:16:22.328330,analytics-pipeline,latency_spike,high,eu-west,45.27,81.94,177.29,True,234.0
2026-03-29 09:23:22.328330,inventory-engine,cpu_overload,medium,ap-south,62.76,53.96,219.01,True,155.0
2026-04-02 06:40:22.328330,analytics-pipeline,latency_spike,critical,us-east,60.08,69.4,337.74,False,
2026-03-08 10:56:22.328330,analytics-pipeline,deployment_failure,medium,eu-west,67.67,60.46,163.09,False,
2026-04-20 13:46:22.328330,recommendation-engine,deployment_failure,high,ap-south,73.93,85.58,242.55,True,13.0
2026-05-18 09:32:22.328330,auth-service,network_issue,low,us-east,75.33,77.32,333.53,False,
2026-02-24 08:29:22.328330,auth-service,latency_spike,high,us-east,35.76,78.01,298.7,False,
2026-02-21 00:45:22.328330,search-api,database_failure,critical,us-east,44.92,59.37,151.94,True,89.0
2026-05-16 22:49:22.328330,search-api,latency_spike,critical,us-east,54.07,64.22,239.41,False,
2026-04-10 07:27:22.328330,inventory-engine,latency_spike,low,eu-west,77.99,82.98,152.97,False,
2026-02-24 08:10:22.328330,inventory-engine,cpu_overload,low,ap-south,52.33,85.79,271.74,True,185.0
2026-03-03 04:55:22.328330,auth-service,cpu_overload,low,us-east,66.24,75.68,217.62,False,
2026-05-09 13:48:22.328330,recommendation-engine,database_failure,high,ap-south,72.87,65.97,241.5,False,
2026-05-14 21:51:22.328330,notification-service,database_failure,low,us-east,42.34,61.75,165.84,True,115.0
2026-04-10 12:41:22.328330,notification-service,memory_leak,high,ap-south,59.38,58.88,177.32,True,101.0
2026-03-31 02:19:22.328330,search-api,database_failure,critical,eu-west,42.28,76.58,213.4,False,
2026-03-24 11:39:22.328330,recommendation-engine,deployment_failure,low,ap-south,39.42,59.98,246.93,True,143.0
2026-04-09 06:37:22.328330,notification-service,database_failure,low,us-east,56.85,61.64,214.03,False,
2026-03-08 14:06:22.328330,notification-service,latency_spike,high,eu-west,70.15,52.76,264.01,False,
2026-03-06 15:39:22.328330,notification-service,api_timeout,medium,us-east,53.0,69.78,217.17,False,
2026-03-02 22:00:22.328330,payment-api,database_failure,critical,us-east,57.09,57.72,197.15,True,182.0
2026-03-25 14:22:22.328330,auth-service,memory_leak,low,eu-west,89.38,53.66,355.39,True,115.0
2026-02-27 12:33:22.328330,search-api,deployment_failure,high,us-east,61.1,70.42,133.06,True,102.0
2026-05-17 09:25:22.328330,inventory-engine,latency_spike,low,ap-south,53.43,63.97,136.34,False,
2026-02-22 16:01:22.328330,auth-service,latency_spike,critical,us-east,61.87,65.12,368.06,False,
2026-04-02 06:19:22.328330,inventory-engine,latency_spike,critical,us-east,47.51,71.23,239.83,False,
2026-04-22 06:16:22.328330,search-api,latency_spike,medium,us-east,48.95,78.24,188.13,False,
2026-04-13 16:15:22.328330,notification-service,memory_leak,low,eu-west,27.61,77.92,130.64,True,76.0
2026-05-10 08:45:22.328330,notification-service,network_issue,critical,eu-west,49.28,78.25,192.23,False,
2026-04-24 11:50:22.328330,auth-service,memory_leak,medium,ap-south,78.77,84.52,168.41,False,
2026-04-18 07:17:22.328330,notification-service,database_failure,low,us-east,76.9,60.93,398.65,True,212.0
2026-03-15 08:45:22.328330,inventory-engine,network_issue,high,us-east,54.61,82.31,287.5,True,31.0
2026-03-04 18:58:22.328330,notification-service,cpu_overload,high,us-east,69.74,61.95,207.89,False,
2026-03-03 20:50:22.328330,analytics-pipeline,latency_spike,high,us-east,32.7,72.69,247.97,True,5.0
2026-03-02 19:45:22.328330,notification-service,memory_leak,medium,us-east,67.0,34.32,118.75,False,
2026-03-04 03:15:22.328330,payment-api,network_issue,low,ap-south,53.78,73.5,243.15,True,21.0
2026-03-22 04:37:22.328330,recommendation-engine,memory_leak,high,us-east,62.45,77.62,137.9,False,
2026-02-21 04:48:22.328330,payment-api,api_timeout,medium,eu-west,74.15,75.7,250.2,True,76.0
2026-03-02 13:51:22.328330,analytics-pipeline,api_timeout,medium,ap-south,62.27,91.97,259.46,True,240.0
2026-03-28 18:11:22.328330,notification-service,cpu_overload,high,eu-west,50.47,72.98,280.2,True,27.0
2026-04-04 12:58:22.328330,notification-service,network_issue,medium,eu-west,56.18,83.07,250.56,False,
2026-03-14 11:02:22.328330,recommendation-engine,memory_leak,low,eu-west,29.86,73.6,187.52,False,
2026-05-12 03:09:22.328330,recommendation-engine,database_failure,high,eu-west,73.06,81.33,235.61,False,
2026-05-12 17:31:22.328330,payment-api,deployment_failure,high,ap-south,89.98,67.86,269.99,True,28.0
2026-05-08 03:44:22.328330,notification-service,cpu_overload,low,ap-south,77.07,68.83,282.3,True,221.0
2026-04-06 12:16:22.328330,analytics-pipeline,latency_spike,low,us-east,56.08,64.93,115.0,True,114.0
2026-05-11 08:51:22.328330,search-api,latency_spike,high,eu-west,68.62,73.9,314.34,False,
2026-05-13 21:12:22.328330,analytics-pipeline,database_failure,medium,eu-west,76.87,66.58,125.75,True,13.0
2026-04-06 15:26:22.328330,payment-api,deployment_failure,critical,ap-south,71.49,83.33,280.41,False,
2026-03-17 18:58:22.328330,payment-api,latency_spike,critical,us-east,81.27,67.46,182.67,True,229.0
2026-04-02 20:07:22.328330,notification-service,deployment_failure,high,ap-south,53.95,69.33,213.71,False,
2026-03-16 02:15:22.328330,inventory-engine,memory_leak,medium,ap-south,68.1,68.45,209.31,False,
2026-04-11 02:51:22.328330,notification-service,database_failure,medium,us-east,53.35,81.3,226.12,False,
2026-05-06 18:14:22.328330,notification-service,cpu_overload,high,us-east,62.38,61.03,113.45,True,110.0
2026-03-03 14:31:22.328330,search-api,latency_spike,medium,us-east,84.62,76.66,90.09,True,211.0
2026-04-20 10:26:22.328330,analytics-pipeline,database_failure,low,eu-west,76.45,81.07,229.95,True,14.0
2026-04-25 06:18:22.328330,inventory-engine,latency_spike,medium,us-east,88.97,72.6,106.65,False,
2026-04-28 13:01:22.328330,search-api,memory_leak,low,us-east,70.48,72.94,171.74,False,
2026-04-29 07:28:22.328330,analytics-pipeline,deployment_failure,high,us-east,73.6,49.99,299.25,False,
2026-04-01 00:46:22.328330,analytics-pipeline,deployment_failure,medium,us-east,51.83,58.18,210.89,True,112.0
2026-03-31 11:50:22.328330,payment-api,api_timeout,high,ap-south,71.49,71.97,160.59,False,
2026-05-15 04:29:22.328330,search-api,api_timeout,critical,eu-west,57.41,56.4,202.03,True,188.0
2026-04-25 20:23:22.328330,inventory-engine,database_failure,medium,ap-south,81.13,69.95,288.75,False,
2026-02-19 15:36:22.328330,auth-service,cpu_overload,medium,us-east,86.83,62.94,205.07,False,
2026-04-11 18:49:22.328330,auth-service,database_failure,low,us-east,97.57,87.33,86.21,False,
2026-05-13 21:34:22.328330,recommendation-engine,deployment_failure,critical,us-east,70.81,70.01,286.12,True,105.0
2026-04-15 22:51:22.328330,recommendation-engine,database_failure,high,us-east,53.83,59.92,165.91,True,98.0
2026-02-20 06:21:22.328330,recommendation-engine,memory_leak,medium,ap-south,56.42,79.78,125.5,True,191.0
2026-03-04 16:02:22.328330,payment-api,database_failure,low,ap-south,55.66,48.53,300.57,False,
2026-02-25 14:22:22.328330,analytics-pipeline,cpu_overload,low,eu-west,84.07,66.08,196.16,False,
2026-03-22 11:34:22.328330,search-api,cpu_overload,low,ap-south,71.8,87.69,252.69,True,232.0
2026-04-27 11:16:22.328330,payment-api,latency_spike,low,us-east,54.54,50.57,130.79,False,
2026-05-10 02:31:22.328330,notification-service,network_issue,low,eu-west,66.1,62.14,235.6,False,
2026-03-06 10:00:22.328330,inventory-engine,network_issue,critical,ap-south,56.71,57.3,125.84,False,
2026-05-13 19:35:22.328330,search-api,network_issue,medium,eu-west,88.44,80.67,358.44,True,108.0
2026-03-14 11:01:22.328330,notification-service,cpu_overload,medium,us-east,73.1,64.84,325.87,False,
2026-03-16 03:19:22.328330,payment-api,network_issue,medium,eu-west,64.5,72.65,216.57,True,175.0
2026-05-06 10:05:22.328330,auth-service,api_timeout,high,ap-south,20.8,89.26,259.28,False,
2026-02-28 08:46:22.328330,payment-api,latency_spike,medium,us-east,69.95,69.26,233.07,True,25.0
2026-04-19 15:32:22.328330,payment-api,cpu_overload,medium,ap-south,56.04,77.4,115.43,True,237.0
2026-02-27 18:23:22.328330,inventory-engine,deployment_failure,high,us-east,67.79,76.74,204.11,False,
2026-05-15 19:37:22.328330,recommendation-engine,cpu_overload,low,us-east,70.56,58.1,142.73,True,200.0
2026-04-08 09:53:22.328330,search-api,memory_leak,medium,us-east,68.55,78.14,70.01,True,95.0
2026-03-15 06:13:22.328330,search-api,database_failure,high,ap-south,72.83,63.48,204.58,True,238.0
2026-04-27 17:45:22.328330,search-api,deployment_failure,low,eu-west,44.91,59.78,297.29,True,105.0
2026-04-22 12:42:22.328330,search-api,database_failure,medium,us-east,65.49,65.41,210.68,True,57.0
2026-03-16 22:07:22.328330,notification-service,latency_spike,low,us-east,72.34,75.29,214.0,False,
2026-05-07 06:08:22.328330,payment-api,memory_leak,critical,eu-west,81.39,81.65,253.07,False,
2026-05-12 20:48:22.328330,payment-api,database_failure,high,ap-south,65.82,77.89,245.14,True,61.0
2026-03-20 04:57:22.328330,inventory-engine,database_failure,medium,ap-south,80.91,80.79,138.54,False,
2026-04-17 05:25:22.328330,analytics-pipeline,deployment_failure,medium,us-east,48.71,61.59,298.09,False,
2026-05-05 09:27:22.328330,payment-api,cpu_overload,critical,eu-west,41.36,74.74,249.0,True,20.0
2026-04-11 15:11:22.328330,recommendation-engine,database_failure,low,ap-south,82.44,72.16,112.54,True,106.0
2026-03-27 17:43:22.328330,recommendation-engine,deployment_failure,low,eu-west,50.61,55.82,176.96,False,
2026-03-14 10:55:22.328330,recommendation-engine,api_timeout,high,eu-west,62.26,56.01,337.65,True,127.0
2026-04-03 03:09:22.328330,inventory-engine,network_issue,medium,ap-south,45.12,86.15,314.81,True,174.0
2026-05-01 02:03:22.328330,notification-service,deployment_failure,high,us-east,78.47,61.67,247.4,False,
2026-03-01 06:41:22.328330,auth-service,latency_spike,low,us-east,45.84,80.93,214.08,False,
2026-04-06 23:57:22.328330,recommendation-engine,deployment_failure,medium,us-east,58.86,55.32,21.8,False,
2026-05-17 23:55:22.328330,auth-service,memory_leak,high,eu-west,49.42,83.35,187.77,True,131.0
2026-04-29 09:16:22.328330,recommendation-engine,cpu_overload,high,eu-west,62.46,77.87,364.45,False,
2026-05-02 00:20:22.328330,inventory-engine,latency_spike,critical,ap-south,84.88,58.33,64.59,False,
2026-05-02 00:03:22.328330,notification-service,latency_spike,medium,ap-south,100.39,97.23,235.08,True,61.0
2026-03-07 21:18:22.328330,auth-service,cpu_overload,high,eu-west,45.94,81.56,211.36,True,8.0
2026-03-12 15:00:22.328330,analytics-pipeline,latency_spike,low,ap-south,63.31,80.73,246.75,False,
2026-03-03 08:50:22.328330,search-api,latency_spike,high,eu-west,47.21,66.1,272.89,True,168.0
2026-03-10 03:51:22.328330,notification-service,database_failure,critical,ap-south,72.65,73.14,294.67,False,
2026-04-26 14:43:22.328330,payment-api,memory_leak,low,eu-west,59.57,72.14,-50.05,False,
2026-04-12 23:54:22.328330,recommendation-engine,memory_leak,medium,ap-south,58.26,79.17,188.77,True,77.0
2026-02-26 03:20:22.328330,search-api,cpu_overload,critical,us-east,58.01,57.5,300.27,False,
2026-04-19 07:18:22.328330,analytics-pipeline,database_failure,medium,eu-west,73.23,79.9,81.9,True,156.0
2026-03-12 15:37:22.328330,notification-service,deployment_failure,critical,us-east,62.59,66.64,197.55,True,106.0
2026-05-14 12:05:22.328330,auth-service,deployment_failure,medium,us-east,55.76,65.85,287.97,True,209.0
2026-05-17 23:00:22.328330,search-api,memory_leak,critical,us-east,36.31,91.33,258.71,False,
2026-04-01 08:06:22.328330,auth-service,latency_spike,high,us-east,64.37,80.88,103.85,False,
2026-02-26 17:26:22.328330,payment-api,network_issue,medium,eu-west,55.03,68.55,329.24,False,
2026-05-08 07:18:22.328330,payment-api,deployment_failure,high,eu-west,64.3,75.4,172.83,True,187.0
2026-03-11 06:53:22.328330,notification-service,latency_spike,medium,eu-west,72.3,90.13,299.64,False,
2026-03-15 23:25:22.328330,auth-service,latency_spike,medium,eu-west,63.78,78.11,266.2,False,
2026-02-25 04:21:22.328330,notification-service,deployment_failure,low,ap-south,72.6,83.34,308.36,False,
2026-03-13 22:33:22.328330,payment-api,network_issue,high,ap-south,63.09,77.7,189.35,True,116.0
2026-05-09 01:02:22.328330,analytics-pipeline,latency_spike,critical,eu-west,51.15,66.77,213.9,False,
2026-04-18 11:33:22.328330,notification-service,database_failure,low,ap-south,40.08,80.32,-1.39,False,
2026-03-27 22:34:22.328330,search-api,api_timeout,critical,eu-west,105.72,88.02,199.12,True,102.0
2026-03-29 02:53:22.328330,notification-service,latency_spike,low,us-east,65.14,73.64,172.87,True,127.0
2026-03-31 00:50:22.328330,analytics-pipeline,deployment_failure,medium,eu-west,67.89,68.27,212.46,False,
2026-03-24 07:53:22.328330,auth-service,database_failure,critical,eu-west,67.72,54.24,223.17,False,
2026-04-18 12:54:22.328330,inventory-engine,deployment_failure,low,ap-south,67.45,71.55,202.73,True,136.0
2026-05-06 03:49:22.328330,auth-service,network_issue,critical,eu-west,82.07,65.76,238.19,True,18.0
2026-05-02 13:28:22.328330,notification-service,memory_leak,high,ap-south,84.46,69.05,237.16,True,165.0
2026-02-23 09:16:22.328330,analytics-pipeline,memory_leak,medium,ap-south,63.55,84.85,199.38,True,20.0
2026-04-25 19:05:22.328330,payment-api,cpu_overload,high,us-east,84.25,68.76,151.24,False,
2026-03-20 03:00:22.328330,auth-service,network_issue,medium,ap-south,75.19,66.34,269.64,True,21.0
2026-04-10 08:49:22.328330,inventory-engine,database_failure,medium,ap-south,24.06,70.06,183.23,True,177.0
2026-05-07 05:06:22.328330,search-api,network_issue,low,eu-west,49.05,63.36,174.1,True,167.0
2026-04-29 19:26:22.328330,payment-api,cpu_overload,medium,eu-west,64.28,53.59,245.3,True,38.0
2026-03-14 11:20:22.328330,recommendation-engine,api_timeout,high,eu-west,85.49,73.37,284.72,True,67.0
2026-04-14 18:50:22.328330,search-api,memory_leak,low,eu-west,81.42,84.84,369.61,True,111.0
2026-04-18 04:40:22.328330,payment-api,api_timeout,high,us-east,57.51,61.38,282.68,True,5.0
2026-03-17 15:16:22.328330,analytics-pipeline,latency_spike,high,ap-south,75.62,79.31,371.14,True,217.0
2026-04-08 16:23:22.328330,recommendation-engine,api_timeout,high,us-east,65.17,75.11,141.57,True,161.0
2026-03-30 19:50:22.328330,auth-service,memory_leak,low,ap-south,97.03,65.96,195.34,True,171.0
2026-05-03 23:50:22.328330,notification-service,latency_spike,critical,ap-south,59.8,62.26,161.65,True,125.0
2026-04-21 13:21:22.328330,recommendation-engine,deployment_failure,low,eu-west,57.14,53.61,157.17,True,35.0
2026-02-21 19:04:22.328330,analytics-pipeline,latency_spike,high,eu-west,94.23,78.83,294.07,False,
2026-05-12 15:24:22.328330,notification-service,api_timeout,critical,eu-west,82.66,92.01,78.29,True,150.0
2026-05-11 08:13:22.328330,analytics-pipeline,deployment_failure,medium,eu-west,46.55,60.36,182.42,False,
2026-04-04 09:58:22.328330,payment-api,database_failure,low,us-east,60.49,64.64,237.54,False,
2026-03-29 00:20:22.328330,inventory-engine,deployment_failure,critical,us-east,65.53,61.33,45.96,False,
2026-02-20 21:22:22.328330,analytics-pipeline,latency_spike,critical,eu-west,50.11,63.41,200.23,False,
2026-02-23 02:12:22.328330,auth-service,latency_spike,critical,us-east,48.05,64.11,129.52,False,
2026-05-13 05:28:22.328330,inventory-engine,database_failure,high,us-east,63.11,57.12,152.09,False,
2026-03-20 00:24:22.328330,payment-api,api_timeout,critical,us-east,45.37,68.16,150.68,True,180.0
2026-04-20 20:40:22.328330,notification-service,deployment_failure,medium,ap-south,78.6,74.87,214.41,True,150.0
2026-04-10 18:55:22.328330,inventory-engine,latency_spike,high,ap-south,53.04,74.57,275.26,False,
2026-05-03 12:05:22.328330,recommendation-engine,memory_leak,medium,eu-west,67.14,89.24,256.77,False,
2026-05-06 11:16:22.328330,recommendation-engine,deployment_failure,low,eu-west,78.7,71.6,274.05,False,
2026-02-19 13:27:22.328330,auth-service,cpu_overload,medium,us-east,53.05,64.5,247.95,True,240.0
2026-03-04 07:05:22.328330,search-api,cpu_overload,high,us-east,70.13,76.09,308.03,True,30.0
2026-03-17 21:49:22.328330,notification-service,deployment_failure,low,ap-south,43.63,58.31,238.37,False,
2026-02-21 08:04:22.328330,notification-service,network_issue,low,ap-south,54.13,110.53,261.26,False,
2026-05-05 07:15:22.328330,search-api,memory_leak,high,ap-south,63.83,63.81,181.59,True,173.0
2026-03-25 01:04:22.328330,notification-service,network_issue,critical,us-east,65.45,71.34,183.46,True,56.0
2026-03-28 18:49:22.328330,inventory-engine,deployment_failure,medium,eu-west,60.9,86.13,330.76,False,
2026-02-21 12:15:22.328330,recommendation-engine,memory_leak,high,ap-south,68.78,53.9,263.08,True,98.0
2026-03-31 08:09:22.328330,auth-service,memory_leak,medium,us-east,88.31,86.44,278.75,True,213.0
2026-05-15 13:38:22.328330,analytics-pipeline,network_issue,medium,eu-west,86.34,70.64,270.25,True,185.0
2026-03-03 18:37:22.328330,inventory-engine,deployment_failure,critical,us-east,54.79,73.51,326.36,True,100.0
2026-02-18 12:22:22.328330,search-api,cpu_overload,high,us-east,56.16,59.66,227.8,False,
2026-02-24 08:11:22.328330,search-api,database_failure,high,us-east,61.6,77.79,183.74,False,
2026-03-07 06:29:22.328330,recommendation-engine,api_timeout,high,ap-south,90.78,54.52,320.3,False,
2026-02-21 12:47:22.328330,auth-service,cpu_overload,medium,us-east,53.53,48.45,239.03,False,
2026-03-28 08:44:22.328330,recommendation-engine,deployment_failure,high,us-east,61.18,56.68,85.49,False,
2026-02-22 23:17:22.328330,search-api,database_failure,critical,eu-west,64.87,81.71,266.8,False,
2026-04-29 17:46:22.328330,inventory-engine,memory_leak,low,eu-west,65.85,75.75,217.82,False,
2026-04-22 17:43:22.328330,inventory-engine,latency_spike,low,ap-south,43.55,52.95,203.75,False,
2026-02-23 12:10:22.328330,analytics-pipeline,database_failure,high,ap-south,62.59,80.21,280.58,True,213.0
2026-04-17 15:04:22.328330,auth-service,deployment_failure,critical,ap-south,74.08,66.64,109.55,True,87.0
2026-03-08 03:19:22.328330,inventory-engine,database_failure,critical,us-east,71.18,76.3,28.92,False,
2026-03-02 21:14:22.328330,recommendation-engine,memory_leak,low,eu-west,52.48,61.71,229.47,True,121.0
2026-02-28 12:43:22.328330,inventory-engine,memory_leak,medium,us-east,52.95,69.54,203.16,True,73.0
2026-05-02 04:49:22.328330,recommendation-engine,latency_spike,high,eu-west,62.61,61.4,168.88,False,
2026-03-20 12:07:22.328330,notification-service,database_failure,medium,eu-west,48.8,74.56,265.69,True,111.0
2026-03-05 09:40:22.328330,payment-api,cpu_overload,high,us-east,53.44,88.25,194.83,True,188.0
2026-03-06 00:55:22.328330,payment-api,api_timeout,critical,eu-west,87.95,62.29,57.87,False,
2026-04-28 03:48:22.328330,payment-api,network_issue,low,eu-west,71.03,72.98,222.75,True,131.0
2026-02-22 03:44:22.328330,notification-service,deployment_failure,high,eu-west,55.37,69.59,179.1,True,35.0
2026-05-11 12:03:22.328330,inventory-engine,network_issue,critical,eu-west,60.46,80.1,234.74,False,
2026-04-19 18:06:22.328330,auth-service,memory_leak,high,ap-south,74.15,67.22,192.64,False,
2026-03-12 10:52:22.328330,auth-service,api_timeout,critical,us-east,47.7,65.56,-45.69,False,
2026-03-02 21:27:22.328330,search-api,network_issue,critical,eu-west,56.15,69.02,265.09,True,132.0
2026-05-01 01:43:22.328330,search-api,memory_leak,low,ap-south,60.97,74.17,45.62,False,
2026-03-07 05:14:22.328330,inventory-engine,network_issue,medium,eu-west,64.15,49.85,123.34,False,
2026-04-06 14:30:22.328330,recommendation-engine,memory_leak,critical,us-east,62.19,85.32,249.7,False,
2026-04-11 16:59:22.328330,auth-service,memory_leak,critical,eu-west,65.27,69.77,162.91,True,76.0
2026-02-24 19:20:22.328330,payment-api,network_issue,low,ap-south,56.84,75.13,109.17,False,
2026-03-05 12:29:22.328330,auth-service,deployment_failure,critical,ap-south,73.9,65.34,286.04,True,11.0
2026-02-23 07:12:22.328330,inventory-engine,cpu_overload,low,eu-west,79.42,49.92,173.47,True,240.0
2026-05-04 21:30:22.328330,recommendation-engine,deployment_failure,medium,ap-south,52.17,48.25,137.4,True,21.0
2026-04-20 14:05:22.328330,auth-service,cpu_overload,critical,ap-south,101.62,77.31,373.38,True,35.0
2026-04-10 00:10:22.328330,payment-api,database_failure,high,eu-west,77.44,61.1,189.46,True,201.0
2026-02-24 03:04:22.328330,auth-service,deployment_failure,critical,ap-south,73.83,75.25,173.81,True,131.0
2026-05-03 18:12:22.328330,payment-api,memory_leak,low,eu-west,42.35,109.45,208.71,False,
2026-03-23 01:47:22.328330,inventory-engine,cpu_overload,medium,ap-south,60.11,71.36,200.58,False,
2026-05-02 17:00:22.328330,search-api,latency_spike,medium,ap-south,66.84,85.44,210.04,False,
2026-03-08 08:38:22.328330,auth-service,cpu_overload,medium,ap-south,47.56,68.06,182.85,False,
2026-02-19 18:28:22.328330,notification-service,cpu_overload,medium,eu-west,86.36,84.05,228.6,True,48.0
2026-05-05 00:08:22.328330,search-api,network_issue,critical,eu-west,45.82,55.29,221.21,True,233.0
2026-04-01 04:43:22.328330,notification-service,database_failure,medium,eu-west,70.04,65.5,181.59,False,
2026-04-15 15:14:22.328330,analytics-pipeline,api_timeout,medium,us-east,56.11,69.72,29.38,True,38.0
2026-04-28 02:25:22.328330,recommendation-engine,api_timeout,low,ap-south,48.48,62.48,316.6,False,
2026-02-19 06:09:22.328330,payment-api,api_timeout,critical,eu-west,52.79,72.17,238.12,True,146.0
2026-02-18 21:08:22.328330,recommendation-engine,latency_spike,medium,us-east,84.47,85.15,215.4,False,
2026-03-08 00:17:22.328330,payment-api,deployment_failure,medium,eu-west,57.87,62.03,200.71,False,
2026-05-15 05:14:22.328330,payment-api,latency_spike,critical,eu-west,58.49,76.64,253.62,True,106.0
2026-05-09 15:33:22.328330,inventory-engine,network_issue,medium,ap-south,73.88,85.11,369.03,True,185.0
2026-05-10 13:41:22.328330,analytics-pipeline,api_timeout,critical,ap-south,66.87,83.19,191.87,False,
2026-03-31 02:41:22.328330,analytics-pipeline,cpu_overload,critical,us-east,82.78,82.74,300.67,True,88.0
2026-04-08 10:36:22.328330,analytics-pipeline,cpu_overload,medium,eu-west,66.41,61.98,108.44,True,60.0
2026-02-18 07:58:22.328330,search-api,memory_leak,medium,eu-west,64.4,88.4,195.21,True,167.0
2026-05-09 01:40:22.328330,analytics-pipeline,database_failure,high,us-east,76.78,80.13,197.31,True,93.0
2026-03-28 17:42:22.328330,search-api,deployment_failure,medium,ap-south,84.75,35.1,122.18,True,50.0
2026-03-12 21:31:22.328330,inventory-engine,api_timeout,low,us-east,51.27,60.16,246.9,True,215.0
2026-02-26 20:42:22.328330,notification-service,cpu_overload,medium,us-east,69.35,74.73,267.69,True,235.0
2026-04-13 06:23:22.328330,auth-service,deployment_failure,critical,eu-west,50.75,55.38,251.71,True,223.0
2026-03-20 18:28:22.328330,payment-api,database_failure,low,us-east,55.55,51.15,297.71,False,
2026-03-17 12:00:22.328330,analytics-pipeline,api_timeout,high,eu-west,85.93,88.69,234.96,True,6.0
2026-04-04 12:46:22.328330,search-api,cpu_overload,medium,ap-south,74.39,86.44,168.69,False,
2026-03-09 10:41:22.328330,payment-api,network_issue,high,eu-west,81.66,73.3,293.1,True,232.0
2026-03-19 15:44:22.328330,payment-api,memory_leak,critical,eu-west,67.79,85.56,237.88,False,
2026-03-19 13:19:22.328330,payment-api,database_failure,high,ap-south,42.74,87.42,144.2,False,
2026-04-27 20:44:22.328330,notification-service,deployment_failure,critical,ap-south,83.8,68.92,314.08,False,
2026-04-13 14:01:22.328330,payment-api,cpu_overload,high,us-east,82.02,75.16,260.68,True,97.0
2026-04-19 17:54:22.328330,inventory-engine,database_failure,low,eu-west,71.34,45.83,229.47,True,99.0
2026-05-10 20:36:22.328330,recommendation-engine,network_issue,high,eu-west,48.26,72.05,128.56,True,149.0
2026-03-09 23:13:22.328330,search-api,cpu_overload,high,us-east,47.23,89.26,305.56,False,
2026-05-17 04:34:22.328330,notification-service,network_issue,low,ap-south,64.94,72.22,200.17,False,
2026-03-25 19:20:22.328330,auth-service,database_failure,high,us-east,73.55,61.89,299.5,False,
2026-04-16 03:59:22.328330,analytics-pipeline,memory_leak,low,us-east,61.2,64.96,221.74,True,212.0
2026-05-06 06:02:22.328330,payment-api,cpu_overload,medium,us-east,56.13,73.94,177.01,True,175.0
2026-05-17 08:56:22.328330,payment-api,database_failure,critical,eu-west,72.03,84.59,162.45,True,191.0
2026-03-19 12:09:22.328330,payment-api,memory_leak,high,eu-west,63.04,75.54,185.13,True,151.0
2026-04-26 13:15:22.328330,analytics-pipeline,network_issue,critical,ap-south,71.96,76.66,306.66,False,
2026-04-06 14:36:22.328330,notification-service,database_failure,critical,us-east,55.91,58.69,195.39,True,149.0
2026-02-20 19:31:22.328330,notification-service,api_timeout,medium,eu-west,50.48,76.77,127.06,True,114.0
2026-04-04 01:53:22.328330,recommendation-engine,memory_leak,low,ap-south,100.0,85.55,221.01,True,38.0
2026-04-08 21:01:22.328330,search-api,api_timeout,low,us-east,78.01,50.36,421.87,False,
2026-03-16 10:16:22.328330,notification-service,database_failure,critical,ap-south,56.15,68.55,71.53,False,
2026-04-16 15:39:22.328330,auth-service,deployment_failure,medium,ap-south,72.29,56.72,228.13,False,
2026-04-30 06:01:22.328330,payment-api,database_failure,low,ap-south,56.84,57.07,155.65,False,
2026-04-18 19:12:22.328330,inventory-engine,memory_leak,low,ap-south,68.39,54.62,160.1,False,
2026-05-02 04:36:22.328330,auth-service,latency_spike,medium,eu-west,74.95,101.23,258.21,True,35.0
2026-03-26 09:10:22.328330,payment-api,cpu_overload,low,us-east,51.24,65.59,222.53,False,
2026-03-06 05:23:22.328330,recommendation-engine,cpu_overload,high,ap-south,59.76,80.84,237.4,False,
2026-03-06 22:53:22.328330,inventory-engine,api_timeout,low,ap-south,78.62,66.23,326.04,True,5.0
2026-05-05 23:04:22.328330,recommendation-engine,database_failure,critical,us-east,62.5,58.35,394.19,False,
2026-04-20 14:05:22.328330,notification-service,network_issue,critical,us-east,37.63,61.14,169.84,False,
2026-04-21 15:05:22.328330,notification-service,api_timeout,critical,us-east,102.62,91.68,339.51,True,112.0
2026-03-05 10:27:22.328330,auth-service,api_timeout,high,us-east,60.04,99.11,249.47,True,70.0
2026-03-01 15:24:22.328330,inventory-engine,latency_spike,low,us-east,79.66,72.16,216.04,True,95.0
2026-04-20 01:58:22.328330,search-api,memory_leak,critical,eu-west,61.22,67.48,268.68,True,155.0
2026-03-12 10:53:22.328330,recommendation-engine,cpu_overload,critical,ap-south,70.51,69.62,340.76,True,123.0
2026-04-08 13:18:22.328330,payment-api,latency_spike,high,eu-west,20.5,76.12,277.42,False,
2026-04-28 10:56:22.328330,inventory-engine,memory_leak,low,ap-south,82.2,69.22,236.63,False,
2026-03-25 16:51:22.328330,recommendation-engine,network_issue,low,eu-west,79.79,87.89,195.96,False,
2026-04-16 21:26:22.328330,payment-api,memory_leak,medium,us-east,69.0,90.14,50.08,False,
2026-03-18 08:13:22.328330,auth-service,api_timeout,high,eu-west,54.65,87.59,307.4,True,223.0
2026-04-20 03:32:22.328330,notification-service,cpu_overload,high,ap-south,72.84,64.62,149.45,False,
2026-04-16 23:48:22.328330,inventory-engine,api_timeout,critical,eu-west,56.13,88.58,169.72,False,
2026-02-19 05:19:22.328330,inventory-engine,deployment_failure,high,us-east,66.52,60.96,287.42,True,83.0
2026-03-15 04:36:22.328330,inventory-engine,deployment_failure,low,us-east,56.92,68.83,85.33,True,106.0
2026-03-27 21:40:22.328330,notification-service,database_failure,medium,ap-south,40.8,70.09,113.99,True,218.0
2026-03-15 11:55:22.328330,analytics-pipeline,cpu_overload,high,ap-south,96.58,45.26,155.99,False,
2026-04-22 18:43:22.328330,auth-service,database_failure,high,us-east,65.25,65.62,131.67,False,
2026-05-17 03:59:22.328330,notification-service,deployment_failure,medium,eu-west,50.63,58.11,197.06,True,17.0
2026-03-25 17:23:22.328330,inventory-engine,database_failure,critical,eu-west,94.28,70.94,314.63,False,
2026-03-13 20:54:22.328330,auth-service,database_failure,high,eu-west,72.6,83.37,-4.0,True,45.0
2026-05-09 07:10:22.328330,payment-api,deployment_failure,critical,eu-west,60.43,85.69,174.26,True,181.0
2026-05-02 22:51:22.328330,payment-api,deployment_failure,critical,eu-west,91.44,87.81,182.47,False,
2026-04-18 23:33:22.328330,inventory-engine,deployment_failure,high,eu-west,57.45,57.84,169.63,False,
2026-03-22 08:36:22.328330,search-api,deployment_failure,critical,us-east,46.51,75.15,103.52,False,
2026-04-05 17:04:22.328330,analytics-pipeline,database_failure,medium,eu-west,74.06,77.54,87.1,True,67.0
2026-05-17 19:19:22.328330,payment-api,cpu_overload,high,ap-south,88.25,76.16,279.98,False,
2026-03-02 12:28:22.328330,inventory-engine,api_timeout,low,eu-west,53.62,77.47,310.11,True,150.0
2026-05-13 18:13:22.328330,analytics-pipeline,latency_spike,medium,ap-south,63.52,94.02,223.53,False,
2026-05-09 00:33:22.328330,auth-service,deployment_failure,low,eu-west,82.11,73.52,266.84,False,
2026-04-18 09:22:22.328330,analytics-pipeline,api_timeout,high,ap-south,39.93,74.45,161.2,False,
2026-05-01 09:46:22.328330,inventory-engine,database_failure,high,ap-south,52.3,90.93,202.9,False,
2026-02-19 23:58:22.328330,payment-api,database_failure,critical,eu-west,49.95,65.69,115.96,True,22.0
2026-04-24 23:09:22.328330,search-api,cpu_overload,high,eu-west,86.51,61.65,262.34,False,
2026-03-16 09:35:22.328330,inventory-engine,api_timeout,critical,eu-west,85.34,64.0,262.56,True,23.0
2026-04-28 10:45:22.328330,notification-service,database_failure,high,eu-west,49.55,99.35,294.91,True,80.0
2026-02-26 16:44:22.328330,auth-service,memory_leak,critical,eu-west,62.11,60.73,210.88,True,13.0
2026-03-01 15:14:22.328330,auth-service,memory_leak,high,us-east,59.9,93.44,121.96,False,
2026-05-02 01:30:22.328330,inventory-engine,api_timeout,medium,ap-south,67.02,69.78,210.61,True,9.0
2026-04-21 07:24:22.328330,auth-service,network_issue,critical,ap-south,63.37,68.61,289.85,False,
2026-04-02 19:33:22.328330,search-api,network_issue,critical,ap-south,74.13,75.03,-22.72,True,13.0
2026-03-29 11:17:22.328330,analytics-pipeline,network_issue,high,ap-south,69.5,50.13,271.71,True,150.0
2026-03-01 10:02:22.328330,inventory-engine,api_timeout,low,eu-west,87.12,58.89,199.06,True,170.0
2026-03-19 09:54:22.328330,recommendation-engine,api_timeout,high,eu-west,56.01,84.83,227.6,False,
2026-04-24 17:54:22.328330,auth-service,latency_spike,high,eu-west,90.92,74.97,239.4,False,
2026-05-13 09:50:22.328330,auth-service,memory_leak,high,eu-west,66.02,79.82,80.99,True,46.0
2026-03-05 12:58:22.328330,notification-service,database_failure,high,us-east,66.28,69.16,278.03,False,
2026-04-17 22:24:22.328330,auth-service,api_timeout,high,ap-south,62.18,57.54,220.59,True,55.0
2026-04-30 10:20:22.328330,auth-service,database_failure,medium,ap-south,48.76,46.9,278.17,True,7.0
2026-05-06 07:46:22.328330,payment-api,memory_leak,high,us-east,73.69,75.61,324.23,True,60.0
2026-04-30 02:58:22.328330,payment-api,memory_leak,low,eu-west,55.02,52.83,214.4,True,69.0
2026-04-11 13:35:22.328330,recommendation-engine,api_timeout,low,ap-south,59.79,59.89,213.61,True,176.0
2026-02-25 17:27:22.328330,recommendation-engine,deployment_failure,critical,us-east,55.83,47.97,184.71,True,117.0
2026-03-01 19:46:22.328330,recommendation-engine,memory_leak,critical,ap-south,47.95,72.78,167.52,False,
2026-03-11 09:08:22.328330,analytics-pipeline,cpu_overload,medium,ap-south,81.67,89.25,274.35,True,49.0
2026-04-23 10:13:22.328330,search-api,cpu_overload,medium,eu-west,41.73,88.06,346.06,True,236.0
2026-05-02 23:30:22.328330,auth-service,network_issue,high,us-east,65.28,85.88,175.87,True,65.0
2026-05-16 02:04:22.328330,auth-service,cpu_overload,medium,eu-west,37.01,60.88,358.34,True,143.0
2026-04-21 18:53:22.328330,recommendation-engine,latency_spike,low,eu-west,42.63,69.99,222.73,False,
2026-03-14 09:40:22.328330,auth-service,memory_leak,medium,us-east,57.31,64.68,225.78,True,230.0
2026-04-14 18:01:22.328330,payment-api,api_timeout,critical,us-east,56.57,52.94,237.2,False,
2026-03-13 07:34:22.328330,analytics-pipeline,latency_spike,critical,ap-south,81.1,80.43,155.22,False,
2026-04-19 12:01:22.328330,analytics-pipeline,cpu_overload,critical,eu-west,46.23,66.59,345.42,True,72.0
2026-05-14 04:11:22.328330,recommendation-engine,cpu_overload,medium,ap-south,74.68,78.45,291.19,False,
2026-05-04 16:54:22.328330,analytics-pipeline,network_issue,critical,ap-south,71.31,71.45,272.98,True,91.0
2026-04-02 16:36:22.328330,analytics-pipeline,latency_spike,medium,eu-west,56.81,53.03,277.84,False,
2026-03-25 05:25:22.328330,payment-api,deployment_failure,high,us-east,83.57,56.58,285.75,False,
2026-03-10 17:05:22.328330,notification-service,cpu_overload,high,ap-south,90.21,69.97,154.56,True,68.0
2026-04-04 12:59:22.328330,auth-service,network_issue,medium,us-east,66.85,63.39,170.66,True,208.0
2026-05-01 18:31:22.328330,payment-api,memory_leak,low,eu-west,71.5,50.76,104.49,True,35.0
2026-03-31 09:42:22.328330,recommendation-engine,database_failure,low,eu-west,65.29,69.73,247.48,False,
2026-02-18 07:10:22.328330,search-api,database_failure,critical,ap-south,93.13,71.25,267.85,True,176.0
2026-02-24 07:45:22.328330,payment-api,api_timeout,low,us-east,50.37,79.22,177.89,False,
2026-03-16 14:21:22.328330,payment-api,deployment_failure,medium,ap-south,66.07,68.69,302.64,True,95.0
2026-05-09 07:16:22.328330,notification-service,database_failure,high,ap-south,45.35,42.6,202.93,False,
2026-05-02 12:13:22.328330,notification-service,cpu_overload,low,us-east,72.03,71.83,318.58,True,49.0
2026-05-02 18:07:22.328330,auth-service,api_timeout,critical,ap-south,71.56,63.23,33.97,False,
2026-04-25 23:52:22.328330,auth-service,database_failure,critical,eu-west,61.44,82.34,188.64,True,10.0
2026-04-15 21:31:22.328330,analytics-pipeline,cpu_overload,medium,eu-west,65.42,75.06,138.78,True,101.0
2026-05-02 16:42:22.328330,recommendation-engine,network_issue,high,ap-south,74.35,89.65,206.17,False,
2026-03-25 22:13:22.328330,search-api,api_timeout,medium,eu-west,48.06,69.2,42.05,True,182.0
2026-03-30 14:47:22.328330,analytics-pipeline,memory_leak,medium,us-east,70.05,75.43,354.05,False,
2026-04-21 05:41:22.328330,recommendation-engine,deployment_failure,low,us-east,62.09,74.9,151.1,False,
2026-04-02 10:31:22.328330,notification-service,database_failure,high,eu-west,59.65,51.7,204.42,False,
2026-04-06 10:31:22.328330,payment-api,deployment_failure,medium,eu-west,60.42,73.59,170.11,False,
2026-03-23 20:32:22.328330,search-api,api_timeout,high,eu-west,66.25,66.0,193.48,False,
2026-05-01 11:37:22.328330,analytics-pipeline,network_issue,critical,us-east,66.21,70.49,280.89,False,
2026-03-22 22:33:22.328330,search-api,memory_leak,critical,us-east,63.19,65.8,205.54,True,45.0
2026-02-21 11:23:22.328330,notification-service,network_issue,high,us-east,54.28,65.68,382.49,True,73.0
2026-05-01 21:24:22.328330,recommendation-engine,api_timeout,critical,us-east,51.31,66.66,189.0,True,45.0
2026-02-24 17:06:22.328330,inventory-engine,database_failure,medium,eu-west,61.29,66.03,242.34,False,
2026-05-11 09:32:22.328330,recommendation-engine,cpu_overload,low,eu-west,39.35,82.45,270.61,True,12.0
2026-03-20 04:34:22.328330,inventory-engine,database_failure,medium,eu-west,46.36,42.77,141.83,False,
2026-05-08 01:52:22.328330,payment-api,cpu_overload,critical,eu-west,61.36,100.96,263.46,True,43.0
2026-03-25 21:33:22.328330,inventory-engine,cpu_overload,critical,eu-west,37.89,61.72,215.74,False,
2026-04-26 11:41:22.328330,recommendation-engine,network_issue,medium,ap-south,68.81,54.22,209.2,False,
2026-05-03 00:59:22.328330,analytics-pipeline,database_failure,high,ap-south,54.24,56.75,240.77,True,15.0
2026-04-09 10:58:22.328330,recommendation-engine,latency_spike,high,ap-south,76.61,80.09,265.95,False,
2026-03-22 23:27:22.328330,notification-service,latency_spike,high,eu-west,57.54,78.57,244.72,True,57.0
2026-03-13 20:14:22.328330,payment-api,memory_leak,low,eu-west,67.01,62.66,180.25,False,
2026-03-27 11:49:22.328330,notification-service,deployment_failure,medium,ap-south,66.11,99.28,244.1,True,21.0
2026-03-05 04:33:22.328330,search-api,latency_spike,medium,eu-west,55.83,60.01,180.66,True,217.0
2026-05-02 23:49:22.328330,analytics-pipeline,latency_spike,high,ap-south,97.66,65.21,292.55,False,
2026-04-02 04:25:22.328330,search-api,latency_spike,high,ap-south,59.36,73.13,283.34,True,227.0
2026-04-09 02:16:22.328330,notification-service,api_timeout,critical,us-east,56.42,62.31,352.71,False,
2026-02-26 09:21:22.328330,payment-api,latency_spike,low,ap-south,79.77,79.49,282.98,False,
2026-04-24 20:51:22.328330,notification-service,database_failure,low,us-east,71.89,94.21,223.51,False,
2026-04-20 21:56:22.328330,analytics-pipeline,memory_leak,low,eu-west,73.66,52.59,154.0,False,
2026-05-02 13:24:22.328330,notification-service,database_failure,critical,us-east,46.99,85.29,15.8,False,
2026-04-26 11:17:22.328330,analytics-pipeline,cpu_overload,high,ap-south,58.97,34.08,153.5,False,
2026-03-21 16:12:22.328330,recommendation-engine,cpu_overload,critical,ap-south,57.64,86.62,251.73,False,
2026-03-09 04:20:22.328330,search-api,latency_spike,critical,ap-south,52.5,82.79,221.43,True,60.0
2026-04-21 18:28:22.328330,search-api,memory_leak,low,ap-south,65.56,55.57,140.8,True,188.0
2026-02-23 01:32:22.328330,recommendation-engine,deployment_failure,medium,eu-west,52.62,70.56,226.23,True,54.0
2026-05-02 01:41:22.328330,payment-api,cpu_overload,low,eu-west,88.16,74.62,3.39,False,
2026-05-03 21:13:22.328330,notification-service,cpu_overload,medium,eu-west,68.94,52.6,142.72,False,
2026-03-13 00:49:22.328330,recommendation-engine,database_failure,low,eu-west,52.82,62.04,109.99,False,
2026-03-01 04:55:22.328330,notification-service,api_timeout,medium,us-east,68.05,53.07,248.53,False,
2026-03-27 08:36:22.328330,search-api,database_failure,low,ap-south,98.55,54.05,197.24,True,136.0
2026-03-16 04:02:22.328330,auth-service,latency_spike,low,eu-west,27.15,66.39,271.42,True,229.0
2026-04-09 09:49:22.328330,recommendation-engine,api_timeout,low,ap-south,75.81,70.93,291.14,True,185.0
2026-05-18 12:51:22.328330,payment-api,latency_spike,high,eu-west,103.19,90.55,178.2,True,143.0
2026-04-18 02:04:22.328330,auth-service,database_failure,critical,eu-west,43.23,65.13,144.24,True,5.0
2026-04-19 10:36:22.328330,search-api,latency_spike,high,eu-west,71.77,55.83,214.17,False,
2026-04-26 11:53:22.328330,notification-service,memory_leak,low,us-east,77.57,68.79,144.29,True,111.0
2026-03-03 01:09:22.328330,analytics-pipeline,database_failure,medium,ap-south,82.62,47.45,193.78,True,20.0
2026-04-07 16:04:22.328330,recommendation-engine,database_failure,critical,eu-west,64.38,70.19,234.44,False,
2026-03-10 21:23:22.328330,recommendation-engine,memory_leak,medium,eu-west,74.16,69.58,190.56,True,230.0
2026-02-28 08:25:22.328330,notification-service,database_failure,critical,ap-south,58.89,62.66,283.0,True,59.0
2026-03-05 14:05:22.328330,recommendation-engine,api_timeout,low,ap-south,55.3,80.16,221.52,False,
2026-03-21 22:20:22.328330,payment-api,network_issue,critical,eu-west,57.18,77.42,161.8,False,
2026-04-07 07:49:22.328330,payment-api,memory_leak,critical,ap-south,74.57,72.55,172.29,False,
2026-02-19 21:09:22.328330,analytics-pipeline,latency_spike,low,eu-west,72.93,76.56,312.6,True,44.0
2026-03-19 07:22:22.328330,notification-service,deployment_failure,medium,eu-west,79.49,75.9,129.79,True,188.0
2026-03-24 07:37:22.328330,auth-service,latency_spike,medium,us-east,101.73,53.16,295.94,True,123.0
2026-03-12 15:08:22.328330,notification-service,network_issue,low,ap-south,71.47,55.91,210.06,False,
2026-04-19 02:44:22.328330,search-api,deployment_failure,low,us-east,63.82,85.67,162.94,False,
2026-04-03 20:31:22.328330,recommendation-engine,latency_spike,low,us-east,61.07,41.97,358.78,False,
2026-03-04 14:08:22.328330,notification-service,memory_leak,low,ap-south,48.94,73.92,211.89,True,224.0
2026-03-20 04:25:22.328330,analytics-pipeline,cpu_overload,medium,eu-west,63.53,79.72,353.7,True,124.0
2026-03-24 12:09:22.328330,recommendation-engine,api_timeout,low,us-east,68.77,77.86,246.31,True,95.0
2026-02-19 10:39:22.328330,notification-service,api_timeout,medium,ap-south,80.26,64.45,306.03,False,
2026-04-16 21:03:22.328330,search-api,api_timeout,medium,ap-south,81.66,82.99,167.19,True,188.0
2026-03-04 22:01:22.328330,search-api,memory_leak,critical,us-east,62.47,72.87,110.33,False,
2026-03-16 09:13:22.328330,analytics-pipeline,api_timeout,critical,eu-west,88.92,69.85,242.71,False,
2026-03-27 09:57:22.328330,analytics-pipeline,latency_spike,medium,us-east,56.34,54.08,171.68,False,
2026-04-30 03:33:22.328330,inventory-engine,database_failure,medium,us-east,68.29,78.08,232.94,False,
2026-04-28 09:14:22.328330,notification-service,cpu_overload,critical,ap-south,70.2,65.96,259.7,True,200.0
2026-04-08 06:50:22.328330,search-api,cpu_overload,medium,ap-south,87.24,78.46,284.76,True,118.0
2026-04-24 07:48:22.328330,search-api,api_timeout,medium,ap-south,69.41,51.96,136.43,False,
2026-04-10 05:20:22.328330,notification-service,cpu_overload,low,us-east,71.82,69.87,255.19,False,
2026-04-04 15:15:22.328330,payment-api,database_failure,low,ap-south,90.15,78.71,320.71,False,
2026-04-20 18:52:22.328330,search-api,network_issue,critical,us-east,66.42,60.31,215.37,False,
2026-03-17 07:50:22.328330,notification-service,deployment_failure,high,us-east,52.93,88.7,283.23,False,
2026-05-11 21:05:22.328330,notification-service,memory_leak,high,eu-west,72.81,84.83,58.4,False,
2026-04-06 16:10:22.328330,auth-service,cpu_overload,critical,ap-south,73.82,54.27,219.42,False,
2026-04-29 22:56:22.328330,recommendation-engine,network_issue,low,us-east,60.32,77.94,238.25,False,
2026-03-09 01:25:22.328330,notification-service,database_failure,low,us-east,85.18,62.78,276.73,False,
2026-04-19 23:07:22.328330,payment-api,deployment_failure,medium,ap-south,67.43,50.38,146.51,False,
2026-02-28 00:13:22.328330,payment-api,cpu_overload,medium,eu-west,62.75,83.35,257.1,True,46.0
2026-04-12 11:02:22.328330,auth-service,api_timeout,low,us-east,47.49,68.32,381.42,False,
2026-04-22 08:16:22.328330,notification-service,database_failure,low,eu-west,66.67,66.07,259.34,True,74.0
2026-03-31 01:34:22.328330,analytics-pipeline,cpu_overload,high,ap-south,76.45,64.53,260.21,True,202.0
2026-04-28 13:46:22.328330,payment-api,database_failure,medium,ap-south,60.07,78.63,233.58,True,89.0
2026-04-04 19:33:22.328330,inventory-engine,network_issue,medium,ap-south,72.23,60.89,154.3,False,
2026-04-24 21:21:22.328330,analytics-pipeline,deployment_failure,low,ap-south,79.18,69.05,242.8,False,
2026-04-10 20:45:22.328330,analytics-pipeline,memory_leak,low,eu-west,60.4,80.78,171.38,False,
2026-03-07 23:26:22.328330,inventory-engine,latency_spike,low,eu-west,62.97,79.43,313.84,True,16.0
2026-03-17 20:46:22.328330,inventory-engine,network_issue,critical,ap-south,57.14,93.52,245.06,False,
2026-05-09 11:04:22.328330,notification-service,deployment_failure,high,ap-south,49.36,74.43,189.36,True,9.0
2026-02-24 19:03:22.328330,inventory-engine,api_timeout,high,eu-west,71.51,69.49,225.94,False,
2026-03-09 21:25:22.328330,notification-service,memory_leak,critical,ap-south,51.33,81.88,127.51,False,
2026-04-09 09:48:22.328330,recommendation-engine,database_failure,low,ap-south,48.37,74.41,348.23,False,
2026-02-24 12:53:22.328330,search-api,latency_spike,low,ap-south,59.71,78.41,305.87,False,
2026-05-03 23:37:22.328330,recommendation-engine,network_issue,low,eu-west,77.22,66.27,132.72,True,166.0
2026-03-11 10:51:22.328330,auth-service,api_timeout,high,ap-south,31.89,66.85,314.25,True,17.0
2026-04-27 17:03:22.328330,inventory-engine,cpu_overload,high,us-east,48.14,78.4,143.99,True,158.0
2026-03-25 13:03:22.328330,payment-api,api_timeout,critical,us-east,66.59,78.49,167.24,False,
2026-02-20 19:57:22.328330,recommendation-engine,database_failure,critical,us-east,67.56,65.02,276.41,True,82.0
2026-02-22 04:03:22.328330,payment-api,api_timeout,medium,eu-west,68.53,70.68,344.67,True,87.0
2026-02-24 21:14:22.328330,inventory-engine,database_failure,critical,us-east,74.93,61.72,213.13,True,85.0
2026-02-22 20:34:22.328330,recommendation-engine,deployment_failure,medium,eu-west,63.86,70.96,421.96,True,36.0
2026-03-24 07:09:22.328330,payment-api,cpu_overload,medium,eu-west,70.56,45.57,176.58,False,
2026-04-08 17:14:22.328330,analytics-pipeline,latency_spike,high,us-east,36.01,66.04,61.02,False,
2026-04-05 00:03:22.328330,recommendation-engine,cpu_overload,high,ap-south,51.93,51.75,250.73,False,
2026-04-14 20:04:22.328330,notification-service,memory_leak,critical,us-east,65.01,73.64,211.64,True,29.0
2026-03-02 12:48:22.328330,analytics-pipeline,deployment_failure,medium,ap-south,44.09,76.16,373.78,True,85.0
2026-05-18 04:10:22.328330,recommendation-engine,deployment_failure,low,eu-west,71.14,64.89,105.75,False,
2026-04-18 10:01:22.328330,search-api,cpu_overload,medium,eu-west,51.38,75.44,305.85,True,184.0
2026-03-04 06:45:22.328330,analytics-pipeline,database_failure,low,eu-west,68.91,79.6,276.61,True,105.0
2026-05-07 02:29:22.328330,search-api,memory_leak,low,eu-west,72.6,62.1,233.91,False,
2026-04-27 04:09:22.328330,analytics-pipeline,network_issue,medium,ap-south,52.27,70.21,246.47,False,
2026-04-03 16:55:22.328330,auth-service,api_timeout,high,ap-south,90.18,54.28,258.52,True,163.0
2026-04-17 04:33:22.328330,notification-service,cpu_overload,high,ap-south,87.22,79.11,286.64,False,
2026-05-03 04:01:22.328330,auth-service,database_failure,high,eu-west,73.82,85.58,133.0,False,
2026-05-05 23:48:22.328330,search-api,deployment_failure,high,eu-west,44.21,69.92,47.11,False,
2026-05-08 04:51:22.328330,notification-service,cpu_overload,critical,us-east,83.46,84.65,185.33,True,119.0
2026-05-12 16:06:22.328330,payment-api,cpu_overload,low,ap-south,59.44,69.13,224.16,True,97.0
2026-04-20 15:33:22.328330,notification-service,latency_spike,high,us-east,66.91,76.7,206.19,False,
2026-04-20 18:18:22.328330,inventory-engine,api_timeout,medium,us-east,79.15,75.35,171.44,True,96.0
2026-03-09 10:13:22.328330,auth-service,cpu_overload,critical,ap-south,85.03,53.7,212.63,False,
2026-05-08 12:33:22.328330,analytics-pipeline,deployment_failure,critical,eu-west,79.5,61.32,244.76,False,
2026-03-26 21:13:22.328330,inventory-engine,network_issue,critical,eu-west,73.15,59.67,214.2,False,
2026-04-22 09:20:22.328330,analytics-pipeline,database_failure,medium,eu-west,62.65,63.38,404.13,False,
2026-04-27 16:05:22.328330,recommendation-engine,database_failure,low,eu-west,53.55,82.06,188.58,True,36.0
2026-03-31 12:02:22.328330,auth-service,api_timeout,low,eu-west,48.7,71.23,271.93,True,66.0
2026-03-04 14:11:22.328330,search-api,database_failure,medium,us-east,78.81,88.75,455.62,True,136.0
2026-04-05 13:05:22.328330,notification-service,database_failure,medium,ap-south,68.76,62.04,256.23,True,95.0
2026-03-07 10:06:22.328330,auth-service,api_timeout,critical,eu-west,61.01,81.11,116.23,True,78.0
2026-03-04 10:26:22.328330,notification-service,api_timeout,medium,us-east,100.53,80.27,85.28,True,85.0
2026-05-02 04:56:22.328330,payment-api,api_timeout,high,us-east,54.36,79.79,314.11,False,
2026-03-04 00:34:22.328330,search-api,memory_leak,high,ap-south,45.92,78.56,64.21,True,128.0
2026-03-05 19:18:22.328330,analytics-pipeline,deployment_failure,low,eu-west,63.66,83.34,175.88,True,96.0
2026-04-10 01:24:22.328330,search-api,api_timeout,medium,us-east,42.4,71.75,171.62,False,
2026-02-28 14:22:22.328330,recommendation-engine,api_timeout,low,ap-south,74.44,59.38,158.19,False,
2026-04-08 10:26:22.328330,search-api,api_timeout,medium,ap-south,34.68,72.04,207.13,False,
2026-03-26 03:09:22.328330,payment-api,cpu_overload,medium,eu-west,47.17,72.33,302.17,False,
2026-05-06 07:12:22.328330,notification-service,database_failure,high,us-east,61.77,73.22,241.86,False,
2026-04-24 21:11:22.328330,inventory-engine,latency_spike,low,ap-south,46.94,94.68,182.33,True,33.0
2026-05-14 08:10:22.328330,notification-service,database_failure,high,us-east,74.84,79.23,208.83,True,152.0
2026-05-17 04:27:22.328330,notification-service,memory_leak,high,eu-west,74.1,72.95,106.59,True,185.0
2026-05-10 23:51:22.328330,notification-service,database_failure,critical,ap-south,60.02,62.65,183.06,False,
2026-02-25 09:22:22.328330,inventory-engine,memory_leak,high,us-east,45.44,83.52,348.16,False,
2026-03-12 17:25:22.328330,notification-service,deployment_failure,high,ap-south,79.67,85.25,192.43,False,
2026-03-26 16:17:22.328330,inventory-engine,api_timeout,medium,ap-south,55.46,60.66,271.53,False,
2026-03-04 17:42:22.328330,analytics-pipeline,api_timeout,high,ap-south,68.41,69.07,323.61,False,
2026-03-11 01:52:22.328330,notification-service,memory_leak,low,ap-south,71.07,59.94,165.53,True,50.0
2026-05-05 16:07:22.328330,payment-api,api_timeout,critical,ap-south,75.23,82.5,264.13,True,214.0
2026-05-06 04:47:22.328330,inventory-engine,database_failure,medium,ap-south,93.45,89.62,255.28,False,
2026-02-25 22:14:22.328330,payment-api,api_timeout,low,us-east,52.42,54.28,189.01,False,
2026-02-24 08:41:22.328330,inventory-engine,cpu_overload,low,us-east,76.3,91.92,253.4,True,113.0
2026-04-03 13:14:22.328330,analytics-pipeline,deployment_failure,medium,ap-south,82.53,67.06,269.82,False,
2026-02-18 08:12:22.328330,notification-service,latency_spike,low,eu-west,77.35,46.24,186.92,True,168.0
2026-05-16 00:40:22.328330,auth-service,database_failure,high,us-east,79.25,73.29,124.28,True,203.0
2026-05-11 06:34:22.328330,notification-service,memory_leak,critical,ap-south,28.55,65.61,214.27,True,75.0
2026-02-21 16:33:22.328330,inventory-engine,database_failure,low,eu-west,51.74,71.72,260.51,True,218.0
2026-05-09 03:20:22.328330,recommendation-engine,api_timeout,low,us-east,75.06,41.73,114.86,False,
2026-05-05 06:37:22.328330,notification-service,deployment_failure,critical,us-east,60.43,76.87,259.14,True,61.0
2026-03-04 19:23:22.328330,analytics-pipeline,cpu_overload,low,ap-south,72.08,65.4,193.79,False,
2026-03-11 23:06:22.328330,notification-service,database_failure,low,ap-south,54.08,79.22,146.36,False,
2026-02-20 05:46:22.328330,search-api,latency_spike,high,eu-west,77.75,72.49,216.4,True,177.0
2026-04-12 19:34:22.328330,payment-api,network_issue,low,eu-west,55.15,53.73,168.19,True,206.0
2026-03-26 12:40:22.328330,payment-api,latency_spike,medium,ap-south,60.05,41.57,204.21,True,223.0
2026-03-27 12:40:22.328330,recommendation-engine,cpu_overload,medium,ap-south,78.87,76.81,180.3,False,
2026-04-16 21:53:22.328330,payment-api,memory_leak,critical,eu-west,65.7,63.33,231.9,True,181.0
2026-03-31 09:16:22.328330,inventory-engine,deployment_failure,low,ap-south,88.1,81.62,261.66,True,15.0
2026-04-22 22:24:22.328330,inventory-engine,latency_spike,medium,us-east,57.61,79.0,85.05,True,187.0
2026-04-06 18:21:22.328330,auth-service,api_timeout,low,us-east,61.21,77.0,279.23,False,
2026-04-30 00:17:22.328330,recommendation-engine,deployment_failure,critical,eu-west,75.05,73.54,204.34,False,
2026-05-11 13:13:22.328330,auth-service,network_issue,high,ap-south,73.07,58.57,152.43,False,
2026-03-27 23:56:22.328330,auth-service,memory_leak,high,eu-west,65.93,72.08,73.95,True,185.0
2026-05-18 01:58:22.328330,search-api,cpu_overload,high,us-east,71.83,79.27,213.82,True,98.0
2026-03-22 02:59:22.328330,inventory-engine,api_timeout,medium,eu-west,100.62,61.8,191.11,False,
2026-03-01 09:07:22.328330,recommendation-engine,deployment_failure,critical,eu-west,59.07,69.09,193.7,False,
2026-03-28 00:29:22.328330,auth-service,cpu_overload,high,eu-west,43.9,63.44,212.19,True,102.0
2026-04-22 07:36:22.328330,auth-service,api_timeout,low,ap-south,83.43,96.43,326.84,True,219.0
2026-04-02 11:38:22.328330,auth-service,api_timeout,critical,eu-west,53.37,61.65,207.25,False,
2026-05-16 03:58:22.328330,analytics-pipeline,memory_leak,critical,ap-south,91.77,68.01,113.8,False,
2026-04-11 10:09:22.328330,payment-api,cpu_overload,medium,us-east,57.48,79.08,275.2,True,138.0
2026-05-11 05:55:22.328330,recommendation-engine,deployment_failure,high,us-east,62.0,78.2,38.15,True,214.0
2026-03-15 13:52:22.328330,search-api,api_timeout,low,eu-west,66.56,80.33,153.37,True,164.0
2026-03-16 07:50:22.328330,recommendation-engine,cpu_overload,medium,us-east,52.45,47.6,347.19,False,
2026-04-11 10:44:22.328330,analytics-pipeline,cpu_overload,low,us-east,54.2,72.89,268.31,True,14.0
2026-05-01 12:50:22.328330,search-api,database_failure,low,eu-west,87.68,68.15,176.85,False,
2026-02-18 12:23:22.328330,auth-service,latency_spike,high,eu-west,67.6,85.41,206.39,False,
2026-04-10 12:40:22.328330,auth-service,api_timeout,medium,ap-south,50.68,51.51,122.3,True,72.0
2026-03-22 01:02:22.328330,inventory-engine,network_issue,high,us-east,77.97,66.15,171.4,True,140.0
2026-03-11 00:14:22.328330,notification-service,memory_leak,high,eu-west,54.26,71.02,200.84,True,152.0
2026-04-11 06:00:22.328330,notification-service,deployment_failure,low,us-east,60.9,86.19,343.04,False,
2026-04-12 03:02:22.328330,inventory-engine,network_issue,low,ap-south,40.85,73.93,157.85,True,49.0
2026-04-02 16:53:22.328330,notification-service,deployment_failure,high,ap-south,61.28,73.71,202.98,False,
2026-03-10 01:46:22.328330,inventory-engine,deployment_failure,high,us-east,68.46,78.08,243.57,True,224.0
2026-03-15 09:14:22.328330,auth-service,deployment_failure,high,ap-south,55.3,62.45,104.82,False,
2026-05-06 08:53:22.328330,analytics-pipeline,api_timeout,low,us-east,52.19,93.54,156.64,False,
2026-02-26 21:04:22.328330,auth-service,latency_spike,critical,ap-south,47.1,73.84,211.17,True,206.0
2026-05-09 02:42:22.328330,analytics-pipeline,api_timeout,high,ap-south,62.07,86.91,263.93,True,56.0
2026-04-20 23:05:22.328330,auth-service,database_failure,low,ap-south,57.05,64.91,179.79,False,
2026-04-30 00:29:22.328330,notification-service,api_timeout,critical,ap-south,78.12,66.3,76.55,False,
2026-02-20 04:25:22.328330,notification-service,memory_leak,medium,eu-west,64.28,51.56,394.74,False,
2026-04-22 21:11:22.328330,analytics-pipeline,api_timeout,critical,eu-west,50.51,68.06,240.66,False,
2026-05-10 03:31:22.328330,auth-service,network_issue,low,ap-south,60.67,66.52,253.75,True,164.0
2026-02-24 14:43:22.328330,payment-api,cpu_overload,medium,ap-south,87.89,79.21,338.28,False,
2026-02-19 11:59:22.328330,payment-api,memory_leak,medium,us-east,49.3,73.81,232.42,True,94.0
2026-04-24 15:41:22.328330,analytics-pipeline,memory_leak,low,us-east,70.27,86.51,202.34,True,172.0
2026-03-02 14:22:22.328330,auth-service,deployment_failure,medium,eu-west,58.92,76.41,77.74,True,190.0
2026-03-20 08:23:22.328330,inventory-engine,api_timeout,critical,eu-west,61.45,68.39,146.37,True,73.0
2026-03-10 17:43:22.328330,inventory-engine,latency_spike,low,eu-west,80.86,57.25,209.13,False,
2026-03-16 23:21:22.328330,notification-service,deployment_failure,high,eu-west,69.4,86.24,219.16,True,45.0
2026-04-24 02:06:22.328330,inventory-engine,deployment_failure,medium,ap-south,79.04,78.41,229.88,True,20.0
2026-03-23 04:04:22.328330,recommendation-engine,network_issue,high,eu-west,48.66,52.79,228.52,True,41.0
2026-03-11 09:41:22.328330,inventory-engine,database_failure,critical,eu-west,56.86,81.03,279.67,False,
2026-05-04 23:36:22.328330,search-api,api_timeout,high,ap-south,62.23,56.11,260.86,False,
2026-04-30 02:22:22.328330,auth-service,memory_leak,high,eu-west,49.73,60.9,141.65,False,
2026-03-03 02:10:22.328330,inventory-engine,deployment_failure,medium,eu-west,62.92,84.04,219.6,False,
2026-05-17 10:57:22.328330,inventory-engine,deployment_failure,medium,eu-west,58.35,51.69,264.17,False,
2026-05-09 15:45:22.328330,payment-api,database_failure,low,eu-west,53.29,71.41,191.66,True,83.0
2026-04-13 21:46:22.328330,notification-service,api_timeout,low,ap-south,77.57,68.11,215.29,False,
2026-04-29 03:35:22.328330,payment-api,api_timeout,low,eu-west,72.29,95.28,291.08,False,
2026-04-07 21:25:22.328330,search-api,network_issue,medium,eu-west,63.67,70.04,178.01,True,204.0
2026-05-15 12:44:22.328330,payment-api,database_failure,high,eu-west,50.75,63.37,158.23,False,
2026-02-26 10:09:22.328330,analytics-pipeline,api_timeout,medium,eu-west,74.8,57.15,326.66,False,
2026-04-30 20:03:22.328330,recommendation-engine,database_failure,low,eu-west,76.28,70.25,220.03,False,
2026-04-06 10:02:22.328330,recommendation-engine,database_failure,high,eu-west,56.64,73.24,307.05,True,29.0
2026-04-03 16:19:22.328330,auth-service,memory_leak,high,ap-south,54.45,51.6,276.26,True,11.0
2026-03-07 01:06:22.328330,recommendation-engine,memory_leak,critical,eu-west,69.87,56.56,161.33,True,197.0
2026-03-08 20:26:22.328330,payment-api,network_issue,critical,eu-west,52.11,61.31,194.11,True,28.0
2026-05-08 19:03:22.328330,auth-service,database_failure,critical,ap-south,61.0,62.19,159.35,True,195.0
2026-04-02 08:53:22.328330,recommendation-engine,latency_spike,critical,us-east,61.57,72.01,194.7,True,52.0
2026-05-07 19:28:22.328330,payment-api,deployment_failure,high,us-east,82.38,76.1,92.73,False,
2026-03-12 01:21:22.328330,recommendation-engine,deployment_failure,low,us-east,72.86,77.27,185.22,True,150.0
2026-05-03 12:17:22.328330,notification-service,deployment_failure,low,us-east,42.57,70.1,219.38,True,121.0
2026-04-25 08:27:22.328330,inventory-engine,memory_leak,critical,eu-west,48.18,52.59,213.0,True,216.0
2026-04-28 04:43:22.328330,analytics-pipeline,cpu_overload,high,eu-west,61.5,64.99,213.33,True,97.0
2026-05-05 14:27:22.328330,payment-api,network_issue,critical,eu-west,48.46,64.78,262.67,True,92.0
2026-05-02 05:55:22.328330,auth-service,database_failure,high,eu-west,59.75,49.94,182.18,True,192.0
2026-02-24 13:09:22.328330,search-api,network_issue,low,ap-south,48.95,73.21,245.51,False,
2026-04-20 23:02:22.328330,search-api,deployment_failure,critical,us-east,40.12,79.11,131.03,True,101.0
2026-03-23 13:36:22.328330,payment-api,memory_leak,medium,us-east,88.39,69.41,120.29,False,
2026-04-19 23:37:22.328330,payment-api,memory_leak,medium,us-east,47.87,74.18,188.7,False,
2026-05-11 13:09:22.328330,search-api,api_timeout,high,ap-south,63.55,89.35,164.06,True,178.0
2026-05-06 12:55:22.328330,inventory-engine,cpu_overload,high,ap-south,65.9,87.04,241.64,False,
2026-05-08 12:57:22.328330,recommendation-engine,latency_spike,medium,eu-west,40.9,76.06,126.96,True,152.0
2026-03-18 23:31:22.328330,payment-api,cpu_overload,low,eu-west,86.1,60.13,457.56,False,
2026-03-30 12:47:22.328330,recommendation-engine,deployment_failure,high,ap-south,87.01,60.44,221.6,False,
2026-04-25 11:48:22.328330,recommendation-engine,database_failure,critical,ap-south,76.3,79.4,255.39,False,
2026-05-07 04:17:22.328330,auth-service,api_timeout,critical,eu-west,83.78,68.52,190.66,True,133.0
2026-03-31 21:30:22.328330,inventory-engine,cpu_overload,critical,us-east,59.8,80.3,249.21,True,135.0
2026-03-11 12:51:22.328330,auth-service,api_timeout,low,ap-south,69.37,79.54,55.92,True,151.0
2026-05-15 18:27:22.328330,recommendation-engine,cpu_overload,medium,eu-west,69.65,72.62,353.5,False,
2026-04-21 08:27:22.328330,payment-api,latency_spike,critical,ap-south,42.07,88.69,226.03,True,105.0
2026-03-24 09:28:22.328330,search-api,network_issue,medium,eu-west,72.33,90.11,264.86,False,
2026-02-18 13:26:22.328330,auth-service,cpu_overload,high,ap-south,71.01,72.91,181.32,False,
2026-04-24 02:46:22.328330,recommendation-engine,latency_spike,medium,eu-west,64.57,61.41,216.43,True,151.0
2026-02-19 20:25:22.328330,notification-service,api_timeout,high,us-east,29.96,75.15,210.26,False,
2026-05-01 15:56:22.328330,auth-service,network_issue,low,eu-west,59.96,72.64,105.31,True,47.0
2026-04-30 14:08:22.328330,search-api,network_issue,critical,ap-south,93.94,68.77,208.33,True,226.0
2026-05-17 09:44:22.328330,inventory-engine,cpu_overload,low,eu-west,50.52,70.29,330.96,True,5.0
2026-05-13 04:20:22.328330,payment-api,latency_spike,critical,eu-west,80.54,80.25,263.71,False,
2026-03-12 00:42:22.328330,search-api,api_timeout,critical,eu-west,59.62,52.6,203.92,True,161.0
2026-05-18 06:58:22.328330,payment-api,database_failure,low,eu-west,61.46,82.59,244.75,False,
2026-05-07 21:18:22.328330,recommendation-engine,deployment_failure,low,eu-west,89.18,84.37,183.48,True,103.0
2026-03-28 01:19:22.328330,analytics-pipeline,network_issue,medium,eu-west,38.07,86.63,328.75,True,180.0
2026-04-03 17:19:22.328330,auth-service,api_timeout,critical,ap-south,44.51,88.11,250.57,True,104.0
2026-05-17 22:03:22.328330,notification-service,deployment_failure,high,us-east,67.41,89.38,327.57,True,223.0
2026-02-28 20:23:22.328330,notification-service,api_timeout,critical,us-east,74.77,75.68,269.31,False,
2026-04-26 10:25:22.328330,payment-api,latency_spike,low,ap-south,59.0,69.34,147.81,False,
2026-03-17 10:38:22.328330,auth-service,memory_leak,critical,eu-west,60.0,65.6,169.18,True,190.0
2026-03-03 17:21:22.328330,auth-service,api_timeout,low,eu-west,67.05,66.11,260.18,True,86.0
2026-05-10 07:31:22.328330,search-api,database_failure,high,ap-south,40.67,68.64,230.52,False,
2026-04-18 17:13:22.328330,notification-service,memory_leak,high,eu-west,60.34,67.93,93.18,True,53.0
2026-03-21 20:19:22.328330,inventory-engine,deployment_failure,low,eu-west,70.35,77.77,259.48,False,
2026-04-30 05:03:22.328330,inventory-engine,deployment_failure,medium,us-east,80.58,72.42,258.29,False,
2026-04-11 07:25:22.328330,payment-api,api_timeout,high,us-east,67.34,78.25,93.82,False,
2026-04-22 22:27:22.328330,notification-service,network_issue,high,us-east,51.6,89.04,23.17,False,
2026-04-08 12:47:22.328330,auth-service,network_issue,low,eu-west,62.9,84.07,212.54,True,145.0
2026-05-06 04:09:22.328330,inventory-engine,network_issue,low,eu-west,58.92,71.55,191.75,True,181.0
2026-04-02 13:58:22.328330,auth-service,memory_leak,medium,ap-south,65.46,61.8,308.69,False,
2026-03-25 10:31:22.328330,analytics-pipeline,cpu_overload,low,eu-west,86.35,68.4,109.08,False,
2026-05-05 22:04:22.328330,payment-api,database_failure,high,ap-south,57.14,67.79,260.44,True,132.0
2026-04-24 20:59:22.328330,search-api,cpu_overload,medium,us-east,49.88,60.77,260.85,True,207.0
2026-02-24 15:35:22.328330,inventory-engine,network_issue,medium,us-east,79.08,62.54,113.34,False,
2026-05-04 04:29:22.328330,auth-service,cpu_overload,critical,eu-west,114.26,79.4,198.64,True,80.0
2026-05-10 19:02:22.328330,auth-service,database_failure,low,ap-south,78.04,68.51,289.37,True,146.0
2026-03-15 21:40:22.328330,inventory-engine,latency_spike,low,ap-south,67.39,71.1,210.91,False,
2026-02-22 07:50:22.328330,payment-api,network_issue,medium,ap-south,43.29,93.26,144.68,False,
2026-04-17 05:46:22.328330,notification-service,latency_spike,high,ap-south,44.6,67.45,143.08,False,
2026-05-08 07:33:22.328330,payment-api,latency_spike,critical,ap-south,64.22,78.25,299.62,True,61.0
2026-05-13 16:32:22.328330,inventory-engine,api_timeout,critical,eu-west,77.22,66.33,223.97,True,26.0
2026-05-07 02:21:22.328330,notification-service,memory_leak,medium,us-east,71.12,48.91,265.65,True,12.0
2026-05-10 13:29:22.328330,search-api,network_issue,medium,eu-west,43.14,94.48,187.64,True,150.0
2026-03-12 19:52:22.328330,search-api,api_timeout,low,us-east,62.23,60.76,169.6,True,37.0
2026-05-16 01:22:22.328330,search-api,cpu_overload,high,eu-west,99.11,81.28,96.06,False,
2026-03-12 18:56:22.328330,recommendation-engine,api_timeout,high,eu-west,87.56,84.32,197.5,False,
2026-04-20 07:49:22.328330,recommendation-engine,network_issue,low,us-east,69.6,69.82,377.81,True,233.0
2026-05-05 14:13:22.328330,recommendation-engine,api_timeout,medium,ap-south,53.06,71.75,185.75,False,
2026-04-13 21:14:22.328330,analytics-pipeline,latency_spike,low,ap-south,43.5,96.3,125.47,True,90.0
2026-04-27 04:39:22.328330,payment-api,cpu_overload,critical,ap-south,68.3,49.11,188.07,True,192.0
2026-04-20 14:13:22.328330,recommendation-engine,deployment_failure,medium,us-east,71.33,60.1,266.94,True,94.0
2026-03-28 21:49:22.328330,recommendation-engine,latency_spike,critical,us-east,60.96,83.92,328.94,True,46.0
2026-02-22 03:36:22.328330,inventory-engine,deployment_failure,low,ap-south,56.2,70.92,234.68,True,216.0
2026-04-06 23:08:22.328330,search-api,memory_leak,critical,us-east,74.29,70.17,235.22,True,135.0
2026-04-13 01:12:22.328330,analytics-pipeline,api_timeout,critical,us-east,61.35,71.38,323.84,False,
2026-02-21 00:18:22.328330,auth-service,deployment_failure,medium,us-east,74.69,78.42,277.85,True,164.0
2026-02-27 16:36:22.328330,recommendation-engine,api_timeout,critical,ap-south,62.69,73.83,133.19,False,
2026-03-07 19:30:22.328330,notification-service,cpu_overload,critical,us-east,84.03,36.6,213.03,True,174.0
2026-05-04 04:46:22.328330,notification-service,latency_spike,medium,us-east,82.11,53.63,251.98,True,14.0
2026-04-11 03:46:22.328330,payment-api,deployment_failure,high,ap-south,54.79,65.57,295.68,False,
2026-04-21 07:14:22.328330,auth-service,memory_leak,medium,us-east,67.97,45.59,141.89,False,
2026-03-05 20:20:22.328330,auth-service,cpu_overload,low,us-east,79.63,75.39,359.85,False,
2026-02-27 17:57:22.328330,search-api,deployment_failure,critical,ap-south,90.24,65.89,420.26,True,33.0
2026-05-05 00:03:22.328330,payment-api,cpu_overload,critical,us-east,65.37,58.45,169.31,False,
2026-05-03 20:04:22.328330,inventory-engine,cpu_overload,medium,eu-west,31.15,89.28,347.58,False,
2026-03-19 15:53:22.328330,search-api,cpu_overload,high,ap-south,49.77,67.27,227.65,True,201.0
2026-05-07 11:14:22.328330,payment-api,network_issue,critical,eu-west,50.59,48.94,203.17,True,140.0
2026-05-05 08:55:22.328330,recommendation-engine,memory_leak,low,ap-south,60.18,65.34,237.82,False,
2026-04-27 11:25:22.328330,inventory-engine,memory_leak,high,ap-south,86.44,66.36,233.64,False,
2026-04-03 04:16:22.328330,analytics-pipeline,deployment_failure,medium,ap-south,75.9,76.65,170.85,True,140.0
2026-04-01 16:30:22.328330,inventory-engine,database_failure,critical,ap-south,66.45,76.57,129.73,True,108.0
2026-04-11 20:26:22.328330,inventory-engine,deployment_failure,low,us-east,83.95,87.18,162.18,True,214.0
2026-05-09 13:24:22.328330,payment-api,memory_leak,low,eu-west,67.91,77.71,176.35,False,
2026-04-20 10:07:22.328330,auth-service,network_issue,high,eu-west,72.22,71.96,102.57,True,68.0
2026-03-01 03:50:22.328330,payment-api,latency_spike,critical,eu-west,71.89,56.8,295.14,False,
2026-03-24 02:06:22.328330,search-api,database_failure,critical,eu-west,54.93,68.06,329.78,True,132.0
2026-05-05 18:42:22.328330,payment-api,network_issue,critical,eu-west,72.45,57.05,138.81,True,56.0
2026-05-03 21:05:22.328330,payment-api,network_issue,medium,eu-west,56.01,74.74,248.66,False,
2026-03-29 14:21:22.328330,analytics-pipeline,database_failure,low,eu-west,52.35,55.99,242.53,True,211.0
2026-04-23 14:32:22.328330,payment-api,latency_spike,medium,us-east,62.27,95.89,222.93,False,
2026-03-05 16:51:22.328330,payment-api,memory_leak,low,ap-south,92.21,55.96,94.14,False,
2026-03-11 16:29:22.328330,payment-api,database_failure,critical,ap-south,48.2,84.27,360.49,False,
2026-05-14 13:55:22.328330,analytics-pipeline,network_issue,low,ap-south,53.27,64.47,126.48,False,
2026-02-27 06:09:22.328330,auth-service,deployment_failure,high,ap-south,37.83,78.62,237.84,True,189.0
2026-04-02 13:14:22.328330,inventory-engine,latency_spike,high,ap-south,65.16,53.2,351.2,False,
2026-03-04 22:58:22.328330,notification-service,cpu_overload,high,eu-west,57.45,76.4,103.64,True,24.0
2026-04-29 23:25:22.328330,recommendation-engine,cpu_overload,medium,us-east,62.14,73.5,246.17,True,185.0
2026-05-07 20:43:22.328330,payment-api,api_timeout,medium,ap-south,67.32,75.93,129.56,False,
2026-04-01 03:54:22.328330,search-api,latency_spike,critical,eu-west,67.96,71.37,238.53,False,
2026-03-25 05:32:22.328330,analytics-pipeline,latency_spike,medium,us-east,66.09,54.72,114.58,True,111.0
2026-05-09 02:25:22.328330,recommendation-engine,latency_spike,low,ap-south,31.79,79.81,286.21,False,
2026-02-18 21:31:22.328330,analytics-pipeline,memory_leak,medium,eu-west,77.65,73.68,49.35,False,
2026-04-25 20:30:22.328330,recommendation-engine,api_timeout,low,ap-south,49.6,72.04,230.84,True,129.0
2026-04-17 21:17:22.328330,analytics-pipeline,memory_leak,low,us-east,61.66,74.43,220.93,False,
2026-03-28 18:55:22.328330,analytics-pipeline,latency_spike,low,eu-west,66.81,62.33,298.56,False,
2026-03-29 22:30:22.328330,payment-api,network_issue,high,us-east,58.54,54.03,158.32,False,
2026-02-28 19:14:22.328330,notification-service,latency_spike,low,eu-west,59.77,81.93,216.62,False,
2026-03-18 19:46:22.328330,analytics-pipeline,cpu_overload,medium,eu-west,62.21,55.02,282.84,True,229.0
2026-04-12 18:03:22.328330,auth-service,memory_leak,low,us-east,55.22,68.8,338.41,True,207.0
2026-04-13 17:40:22.328330,notification-service,network_issue,critical,ap-south,72.63,50.46,78.44,False,
2026-03-02 15:24:22.328330,recommendation-engine,cpu_overload,critical,ap-south,64.04,55.45,271.88,False,
2026-05-16 21:59:22.328330,recommendation-engine,deployment_failure,critical,ap-south,65.63,71.98,163.46,False,
2026-05-12 16:41:22.328330,recommendation-engine,database_failure,low,eu-west,91.12,104.11,197.71,False,
2026-03-16 06:56:22.328330,search-api,memory_leak,low,us-east,70.3,71.17,199.23,True,193.0
2026-05-08 05:20:22.328330,analytics-pipeline,api_timeout,high,eu-west,52.52,56.98,129.15,False,
2026-05-12 02:42:22.328330,payment-api,api_timeout,low,eu-west,71.08,63.76,13.74,True,98.0
2026-05-14 12:06:22.328330,analytics-pipeline,network_issue,high,eu-west,71.67,69.54,327.73,False,
2026-03-02 11:51:22.328330,auth-service,network_issue,low,ap-south,70.6,52.26,41.63,True,152.0
2026-05-06 06:20:22.328330,inventory-engine,database_failure,high,ap-south,54.21,62.5,295.45,True,61.0
2026-05-16 13:59:22.328330,payment-api,cpu_overload,low,ap-south,64.87,83.6,114.01,False,
2026-03-25 01:17:22.328330,analytics-pipeline,deployment_failure,low,eu-west,79.48,78.65,58.54,False,
2026-03-01 14:51:22.328330,auth-service,latency_spike,medium,eu-west,84.84,71.12,251.36,False,
2026-02-24 18:06:22.328330,payment-api,api_timeout,critical,ap-south,52.03,85.3,125.13,False,
2026-03-10 05:17:22.328330,analytics-pipeline,network_issue,critical,ap-south,77.48,79.85,142.07,False,
2026-04-11 22:21:22.328330,search-api,deployment_failure,medium,eu-west,94.75,72.78,272.31,False,
2026-04-27 13:14:22.328330,inventory-engine,database_failure,low,eu-west,42.09,95.41,122.04,True,88.0
2026-05-17 04:12:22.328330,analytics-pipeline,latency_spike,high,us-east,80.37,58.06,170.48,False,
2026-04-25 02:27:22.328330,analytics-pipeline,memory_leak,critical,ap-south,76.83,82.33,118.3,False,
2026-03-01 20:35:22.328330,payment-api,cpu_overload,critical,eu-west,81.36,82.54,144.96,False,
2026-04-19 12:23:22.328330,search-api,deployment_failure,low,eu-west,88.98,52.52,170.02,True,236.0
2026-04-07 20:34:22.328330,recommendation-engine,cpu_overload,low,eu-west,72.19,59.76,241.11,True,156.0
2026-04-14 20:37:22.328330,analytics-pipeline,database_failure,critical,ap-south,68.62,67.76,286.59,True,92.0
2026-04-15 18:06:22.328330,inventory-engine,memory_leak,critical,ap-south,61.57,72.78,311.72,True,200.0
2026-03-18 14:43:22.328330,analytics-pipeline,database_failure,critical,eu-west,76.86,79.43,128.07,True,192.0
2026-04-13 20:04:22.328330,payment-api,memory_leak,high,us-east,72.87,59.46,117.49,False,
2026-03-10 16:48:22.328330,search-api,deployment_failure,high,us-east,63.92,59.15,283.25,False,
2026-03-09 08:30:22.328330,recommendation-engine,api_timeout,medium,eu-west,77.22,47.17,153.74,False,
2026-05-12 20:16:22.328330,recommendation-engine,latency_spike,low,us-east,43.1,64.45,256.41,True,20.0
2026-03-04 11:06:22.328330,notification-service,api_timeout,low,us-east,61.37,62.92,324.01,False,
2026-03-06 09:51:22.328330,inventory-engine,deployment_failure,critical,ap-south,30.43,84.84,176.46,True,128.0
2026-03-19 05:43:22.328330,search-api,latency_spike,medium,eu-west,63.83,63.67,343.43,False,
2026-04-19 18:43:22.328330,inventory-engine,memory_leak,low,eu-west,46.54,70.14,262.2,False,
2026-04-21 17:47:22.328330,analytics-pipeline,latency_spike,high,ap-south,40.83,58.96,208.15,False,
2026-03-15 11:56:22.328330,recommendation-engine,network_issue,medium,us-east,51.7,60.21,192.01,True,46.0
2026-03-28 12:26:22.328330,auth-service,cpu_overload,high,us-east,74.74,65.89,306.27,False,
2026-02-18 09:54:22.328330,auth-service,api_timeout,medium,ap-south,50.03,54.98,374.11,False,
2026-05-14 13:41:22.328330,recommendation-engine,api_timeout,critical,us-east,55.13,54.27,80.64,True,7.0
2026-04-08 04:42:22.328330,search-api,api_timeout,medium,eu-west,81.13,65.9,199.7,False,
2026-02-21 15:49:22.328330,payment-api,deployment_failure,medium,us-east,62.61,82.16,205.64,True,191.0
2026-03-29 19:19:22.328330,recommendation-engine,api_timeout,critical,ap-south,100.16,71.61,304.94,True,96.0
2026-03-24 18:37:22.328330,auth-service,memory_leak,critical,ap-south,77.08,69.56,173.04,False,
2026-03-24 10:40:22.328330,payment-api,api_timeout,low,us-east,69.98,76.12,174.19,False,
2026-03-25 21:45:22.328330,search-api,memory_leak,medium,eu-west,67.5,84.83,385.6,False,
2026-03-08 17:12:22.328330,inventory-engine,deployment_failure,medium,us-east,77.82,92.35,169.65,True,93.0
2026-03-07 23:39:22.328330,payment-api,network_issue,medium,us-east,75.53,86.06,148.29,True,152.0
2026-04-10 16:07:22.328330,search-api,latency_spike,high,ap-south,57.72,90.85,141.99,False,
2026-04-09 16:12:22.328330,inventory-engine,deployment_failure,low,us-east,44.88,88.34,315.74,True,179.0
2026-03-19 23:56:22.328330,search-api,cpu_overload,critical,us-east,71.48,69.45,184.92,True,193.0
2026-04-05 14:43:22.328330,notification-service,database_failure,critical,us-east,69.23,88.96,239.09,False,
2026-04-17 09:27:22.328330,inventory-engine,memory_leak,critical,eu-west,97.5,59.22,218.43,True,66.0
2026-03-04 01:47:22.328330,analytics-pipeline,database_failure,high,eu-west,59.4,56.98,207.75,True,127.0
2026-04-29 14:38:22.328330,analytics-pipeline,api_timeout,medium,us-east,71.26,76.29,393.64,True,51.0
2026-05-13 07:14:22.328330,search-api,memory_leak,medium,ap-south,71.97,83.8,225.29,True,128.0
2026-05-09 07:52:22.328330,payment-api,deployment_failure,low,us-east,90.17,98.78,262.49,False,
2026-03-20 10:50:22.328330,recommendation-engine,api_timeout,low,us-east,50.11,63.41,242.55,True,113.0
2026-05-03 18:25:22.328330,payment-api,deployment_failure,high,eu-west,71.85,78.38,256.82,False,
2026-05-08 08:26:22.328330,inventory-engine,cpu_overload,critical,ap-south,65.1,62.37,252.09,True,13.0
2026-04-14 14:45:22.328330,auth-service,latency_spike,critical,ap-south,92.82,82.24,262.78,True,58.0
2026-03-26 12:37:22.328330,analytics-pipeline,deployment_failure,medium,eu-west,80.44,65.55,179.34,True,235.0
2026-05-02 07:54:22.328330,search-api,api_timeout,low,eu-west,53.78,68.5,186.24,False,
2026-05-01 22:43:22.328330,search-api,api_timeout,high,us-east,83.12,64.3,155.78,True,20.0
2026-04-10 06:58:22.328330,notification-service,latency_spike,low,us-east,94.14,64.58,232.28,False,
2026-02-27 07:23:22.328330,analytics-pipeline,latency_spike,medium,eu-west,71.77,56.36,318.84,False,
2026-02-23 15:20:22.328330,auth-service,api_timeout,low,us-east,74.56,88.7,165.66,True,13.0
2026-04-22 05:22:22.328330,notification-service,memory_leak,medium,eu-west,66.49,70.47,241.11,False,
2026-03-03 17:08:22.328330,recommendation-engine,memory_leak,high,us-east,43.18,71.33,105.88,False,
2026-03-27 03:47:22.328330,auth-service,deployment_failure,low,us-east,70.38,44.46,71.87,True,149.0
2026-04-23 08:49:22.328330,analytics-pipeline,api_timeout,critical,eu-west,77.28,63.44,140.97,True,143.0
2026-04-28 11:54:22.328330,notification-service,latency_spike,critical,us-east,84.06,73.93,289.77,False,
2026-05-13 04:33:22.328330,auth-service,cpu_overload,high,eu-west,62.51,102.16,171.64,True,193.0
2026-03-24 16:30:22.328330,auth-service,memory_leak,critical,ap-south,91.17,69.26,87.64,True,199.0
2026-04-03 19:58:22.328330,auth-service,database_failure,low,eu-west,72.24,73.78,135.89,True,215.0
2026-04-13 10:45:22.328330,auth-service,cpu_overload,low,us-east,51.17,69.7,247.98,False,
2026-05-13 07:32:22.328330,auth-service,deployment_failure,critical,ap-south,27.94,82.64,180.44,False,
2026-04-07 12:52:22.328330,recommendation-engine,network_issue,high,eu-west,45.02,81.29,218.11,False,
2026-03-01 04:14:22.328330,auth-service,database_failure,high,us-east,83.24,75.26,219.88,True,155.0
2026-04-04 04:43:22.328330,inventory-engine,database_failure,high,eu-west,62.71,75.79,186.92,False,
2026-03-13 22:33:22.328330,payment-api,database_failure,critical,us-east,52.21,77.32,208.44,True,112.0
2026-03-11 15:05:22.328330,recommendation-engine,cpu_overload,critical,eu-west,65.5,83.07,210.89,True,16.0
2026-03-30 01:32:22.328330,payment-api,network_issue,low,ap-south,65.23,62.8,254.46,True,157.0
2026-05-14 12:01:22.328330,auth-service,memory_leak,low,us-east,70.25,80.81,173.67,False,
2026-02-27 10:30:22.328330,analytics-pipeline,memory_leak,low,us-east,58.13,79.51,240.18,False,
2026-03-30 09:01:22.328330,notification-service,latency_spike,medium,eu-west,51.41,85.68,84.12,True,94.0
2026-02-20 14:39:22.328330,auth-service,memory_leak,medium,eu-west,76.76,54.82,370.86,True,47.0
2026-04-26 11:00:22.328330,inventory-engine,latency_spike,low,eu-west,41.83,83.83,213.47,False,
2026-02-25 06:37:22.328330,search-api,deployment_failure,high,us-east,59.5,72.22,270.55,True,34.0
2026-03-23 11:03:22.328330,search-api,memory_leak,high,us-east,51.43,60.21,271.97,False,
2026-03-07 06:09:22.328330,search-api,network_issue,low,eu-west,39.39,62.99,463.25,False,
2026-03-26 20:31:22.328330,notification-service,deployment_failure,high,ap-south,50.48,83.77,173.12,True,164.0
2026-05-01 02:30:22.328330,analytics-pipeline,deployment_failure,medium,eu-west,72.64,77.85,310.32,True,80.0
2026-03-02 09:05:22.328330,auth-service,api_timeout,medium,ap-south,62.0,93.87,172.85,False,
2026-05-06 16:35:22.328330,payment-api,deployment_failure,low,us-east,68.51,72.94,130.24,True,36.0
2026-05-07 05:33:22.328330,analytics-pipeline,deployment_failure,high,us-east,60.71,71.94,185.43,True,46.0
2026-02-27 15:46:22.328330,notification-service,latency_spike,critical,us-east,101.61,59.94,314.35,False,
2026-04-20 05:38:22.328330,analytics-pipeline,database_failure,medium,eu-west,77.85,69.83,150.78,True,41.0
2026-04-26 15:16:22.328330,recommendation-engine,api_timeout,medium,eu-west,53.48,63.78,77.14,False,
2026-04-06 21:05:22.328330,inventory-engine,database_failure,high,us-east,49.95,52.21,327.67,True,21.0
2026-02-25 05:25:22.328330,payment-api,api_timeout,medium,ap-south,74.28,79.43,267.11,False,
2026-03-21 09:24:22.328330,payment-api,database_failure,medium,us-east,67.5,87.53,171.14,False,
2026-03-23 02:26:22.328330,analytics-pipeline,latency_spike,medium,eu-west,66.6,78.96,114.3,False,
2026-04-08 02:28:22.328330,payment-api,network_issue,medium,eu-west,111.45,70.34,231.36,False,
2026-04-14 20:02:22.328330,auth-service,network_issue,critical,eu-west,83.85,80.98,223.05,False,
2026-03-01 21:48:22.328330,inventory-engine,api_timeout,high,eu-west,66.95,51.95,175.48,False,
2026-04-25 19:17:22.328330,recommendation-engine,latency_spike,medium,ap-south,72.76,75.33,317.69,True,232.0
2026-03-23 05:20:22.328330,recommendation-engine,latency_spike,critical,eu-west,63.19,53.35,304.54,True,6.0
2026-03-27 17:58:22.328330,notification-service,memory_leak,high,us-east,86.54,80.78,206.91,True,74.0
2026-05-13 04:04:22.328330,auth-service,memory_leak,low,eu-west,80.67,111.15,229.21,False,
2026-03-16 19:49:22.328330,auth-service,deployment_failure,high,us-east,45.32,62.96,270.04,True,86.0
2026-05-10 03:58:22.328330,inventory-engine,memory_leak,medium,eu-west,40.93,72.03,250.43,True,81.0
2026-04-27 02:06:22.328330,search-api,deployment_failure,low,ap-south,88.03,85.72,289.17,False,
2026-04-04 13:46:22.328330,notification-service,api_timeout,medium,us-east,32.56,81.05,276.44,False,
2026-03-24 14:51:22.328330,auth-service,cpu_overload,high,eu-west,68.84,49.24,157.86,True,28.0
2026-04-03 01:29:22.328330,notification-service,memory_leak,high,ap-south,47.5,45.82,219.77,False,
2026-03-15 23:26:22.328330,notification-service,deployment_failure,low,ap-south,53.03,101.5,206.5,True,193.0
2026-02-23 06:59:22.328330,payment-api,cpu_overload,critical,us-east,84.41,51.17,177.59,True,115.0
2026-04-03 21:10:22.328330,search-api,api_timeout,medium,eu-west,66.45,59.1,186.22,True,198.0
2026-05-03 05:48:22.328330,notification-service,database_failure,critical,us-east,61.73,67.19,368.41,True,96.0
2026-02-28 07:16:22.328330,notification-service,latency_spike,medium,us-east,70.67,75.75,263.17,False,
2026-03-14 12:29:22.328330,notification-service,network_issue,high,us-east,74.19,69.01,194.34,False,
2026-05-13 12:16:22.328330,notification-service,cpu_overload,high,ap-south,67.5,83.88,310.1,True,217.0
2026-03-12 11:32:22.328330,notification-service,memory_leak,high,ap-south,61.39,79.21,204.43,False,
2026-03-15 01:11:22.328330,analytics-pipeline,api_timeout,medium,us-east,65.51,64.32,205.47,True,9.0
2026-03-12 09:42:22.328330,notification-service,cpu_overload,critical,us-east,85.12,71.11,230.82,True,173.0
2026-03-26 12:39:22.328330,analytics-pipeline,memory_leak,high,us-east,43.29,66.29,200.69,True,225.0
2026-03-08 17:16:22.328330,search-api,deployment_failure,high,ap-south,52.56,70.26,185.67,False,
2026-05-11 10:25:22.328330,analytics-pipeline,database_failure,critical,eu-west,66.2,71.46,143.54,True,49.0
2026-05-02 00:30:22.328330,analytics-pipeline,cpu_overload,low,eu-west,59.02,70.93,314.74,True,95.0
2026-03-13 08:15:22.328330,analytics-pipeline,network_issue,critical,eu-west,68.85,62.06,251.92,False,
2026-04-08 00:32:22.328330,auth-service,database_failure,critical,eu-west,90.61,81.0,263.8,False,
2026-02-27 13:21:22.328330,auth-service,network_issue,low,eu-west,75.88,87.28,306.05,True,207.0
2026-05-03 22:28:22.328330,auth-service,cpu_overload,low,us-east,73.5,82.82,133.47,True,157.0
2026-05-17 16:30:22.328330,analytics-pipeline,latency_spike,critical,us-east,42.47,71.89,225.49,True,217.0
2026-03-16 14:16:22.328330,recommendation-engine,latency_spike,medium,us-east,56.84,79.91,70.97,False,
2026-05-18 16:58:22.328330,inventory-engine,deployment_failure,high,eu-west,56.98,64.18,89.1,False,
2026-04-09 13:29:22.328330,auth-service,memory_leak,low,us-east,87.42,53.69,172.93,False,
2026-03-20 20:05:22.328330,payment-api,latency_spike,medium,ap-south,78.62,77.75,131.35,True,17.0
2026-03-12 14:48:22.328330,analytics-pipeline,latency_spike,medium,eu-west,75.24,73.48,406.64,False,
2026-03-10 06:41:22.328330,auth-service,database_failure,medium,eu-west,71.06,68.31,151.48,True,81.0
2026-03-03 14:28:22.328330,recommendation-engine,latency_spike,low,ap-south,53.84,60.09,329.69,True,102.0
2026-03-02 03:54:22.328330,payment-api,network_issue,low,us-east,65.27,76.78,341.14,True,140.0
2026-05-05 15:53:22.328330,recommendation-engine,api_timeout,low,us-east,29.62,85.35,224.43,False,
2026-04-23 03:41:22.328330,recommendation-engine,latency_spike,critical,eu-west,71.53,60.06,159.59,False,
2026-02-18 22:14:22.328330,recommendation-engine,deployment_failure,medium,us-east,72.33,98.62,300.27,False,
2026-04-28 20:26:22.328330,search-api,database_failure,high,eu-west,83.98,67.7,171.98,True,151.0
2026-04-19 02:18:22.328330,auth-service,api_timeout,medium,eu-west,53.29,64.14,55.78,False,
2026-04-10 04:01:22.328330,payment-api,api_timeout,critical,ap-south,54.13,63.28,205.97,True,224.0
2026-04-28 10:30:22.328330,search-api,latency_spike,medium,eu-west,66.98,74.35,218.81,False,
2026-05-08 07:01:22.328330,payment-api,network_issue,high,us-east,56.28,46.44,173.98,True,116.0
2026-04-21 10:52:22.328330,auth-service,memory_leak,low,us-east,50.41,75.59,292.74,False,
2026-04-23 14:32:22.328330,analytics-pipeline,cpu_overload,low,ap-south,79.08,79.08,209.32,True,122.0
2026-05-02 11:11:22.328330,recommendation-engine,api_timeout,critical,ap-south,57.17,61.03,99.4,False,
2026-04-05 08:20:22.328330,recommendation-engine,deployment_failure,low,us-east,79.88,67.9,120.29,True,207.0
2026-04-25 21:10:22.328330,notification-service,cpu_overload,medium,ap-south,52.6,59.6,223.44,True,214.0
2026-04-23 11:25:22.328330,recommendation-engine,deployment_failure,low,us-east,81.01,65.82,39.8,False,
2026-03-01 14:25:22.328330,inventory-engine,latency_spike,critical,eu-west,62.16,68.13,202.01,True,218.0
2026-03-02 16:53:22.328330,recommendation-engine,database_failure,medium,eu-west,55.59,72.61,225.29,False,
2026-03-16 06:10:22.328330,auth-service,latency_spike,medium,us-east,64.63,74.95,185.61,True,118.0
2026-04-20 17:26:22.328330,inventory-engine,deployment_failure,high,eu-west,57.7,86.56,264.75,False,
2026-05-03 10:02:22.328330,auth-service,cpu_overload,high,us-east,77.4,84.71,262.08,False,
2026-03-07 06:20:22.328330,auth-service,database_failure,critical,ap-south,78.93,51.05,236.33,False,
2026-04-07 21:27:22.328330,notification-service,deployment_failure,low,eu-west,62.26,90.13,294.21,False,
2026-02-28 03:54:22.328330,inventory-engine,deployment_failure,high,ap-south,55.54,74.47,233.41,True,101.0
2026-03-03 01:59:22.328330,analytics-pipeline,memory_leak,critical,ap-south,71.81,57.77,248.8,True,76.0
2026-03-17 02:05:22.328330,recommendation-engine,memory_leak,medium,ap-south,61.58,73.39,162.05,False,
2026-03-12 22:11:22.328330,search-api,cpu_overload,low,ap-south,56.22,84.09,135.88,True,5.0
2026-03-25 12:21:22.328330,inventory-engine,memory_leak,high,ap-south,50.33,69.38,158.25,False,
2026-04-04 21:12:22.328330,search-api,cpu_overload,medium,eu-west,51.72,71.26,99.59,False,
2026-03-13 15:17:22.328330,inventory-engine,memory_leak,high,ap-south,49.88,94.65,256.76,True,218.0
2026-03-07 02:04:22.328330,payment-api,database_failure,medium,us-east,53.8,75.02,265.39,True,72.0
2026-03-18 13:35:22.328330,recommendation-engine,latency_spike,high,us-east,79.92,68.47,298.12,False,
2026-03-12 15:25:22.328330,payment-api,cpu_overload,medium,us-east,34.42,57.32,233.11,False,
2026-04-23 15:00:22.328330,auth-service,api_timeout,low,us-east,69.94,59.06,240.75,False,
2026-05-11 05:36:22.328330,notification-service,deployment_failure,critical,ap-south,55.64,66.68,301.98,False,
2026-02-27 18:28:22.328330,recommendation-engine,cpu_overload,critical,us-east,78.63,58.04,135.42,True,178.0
2026-02-27 22:01:22.328330,recommendation-engine,deployment_failure,medium,us-east,58.83,69.68,167.37,True,99.0
2026-03-19 17:38:22.328330,inventory-engine,network_issue,low,ap-south,80.61,74.17,252.49,False,
2026-03-05 09:53:22.328330,notification-service,network_issue,low,eu-west,46.0,84.01,-5.61,True,120.0
2026-04-05 11:02:22.328330,search-api,memory_leak,low,eu-west,77.51,81.21,185.41,False,
2026-04-18 06:44:22.328330,payment-api,network_issue,critical,ap-south,84.09,69.24,224.99,False,
2026-05-16 20:52:22.328330,inventory-engine,memory_leak,high,us-east,70.09,108.24,327.55,False,
2026-05-15 16:50:22.328330,inventory-engine,latency_spike,medium,ap-south,75.52,59.05,231.49,True,118.0
2026-04-24 10:13:22.328330,recommendation-engine,database_failure,medium,eu-west,52.8,79.87,231.24,True,106.0
2026-04-04 18:17:22.328330,search-api,api_timeout,medium,eu-west,48.13,70.97,152.05,False,
2026-04-05 20:35:22.328330,search-api,deployment_failure,low,ap-south,67.27,59.69,222.2,True,51.0
2026-03-12 20:06:22.328330,auth-service,api_timeout,critical,us-east,76.26,69.36,188.73,False,
2026-03-09 02:05:22.328330,payment-api,database_failure,low,ap-south,68.05,78.37,131.43,False,
2026-04-02 11:35:22.328330,search-api,database_failure,critical,us-east,68.91,85.81,265.89,True,133.0
2026-03-10 13:25:22.328330,inventory-engine,network_issue,low,us-east,65.87,77.68,256.2,False,
2026-03-11 07:59:22.328330,auth-service,database_failure,critical,eu-west,76.3,45.71,95.72,False,
2026-03-17 20:36:22.328330,analytics-pipeline,memory_leak,critical,us-east,80.07,51.94,252.12,True,194.0
2026-03-02 22:07:22.328330,inventory-engine,deployment_failure,high,eu-west,59.72,58.05,247.97,False,
2026-03-27 18:08:22.328330,auth-service,memory_leak,low,ap-south,68.02,95.32,170.02,False,
2026-05-13 09:19:22.328330,inventory-engine,network_issue,critical,ap-south,86.6,74.23,167.12,True,144.0
2026-03-01 01:23:22.328330,recommendation-engine,network_issue,critical,eu-west,76.99,76.79,222.87,False,
2026-04-13 03:54:22.328330,auth-service,memory_leak,low,eu-west,68.99,62.84,153.94,False,
2026-03-10 06:42:22.328330,auth-service,database_failure,low,us-east,76.39,67.31,213.59,True,212.0
2026-03-26 22:00:22.328330,notification-service,memory_leak,low,ap-south,69.2,73.18,105.65,True,130.0
2026-05-07 19:22:22.328330,notification-service,memory_leak,critical,ap-south,84.29,71.45,203.79,False,
2026-02-19 19:44:22.328330,analytics-pipeline,memory_leak,medium,us-east,71.46,72.84,281.37,True,122.0
2026-03-12 14:20:22.328330,payment-api,database_failure,critical,us-east,73.07,78.61,328.08,False,
2026-05-03 02:36:22.328330,recommendation-engine,database_failure,high,eu-west,78.25,68.07,130.17,True,57.0
2026-03-14 09:06:22.328330,search-api,database_failure,medium,eu-west,90.02,67.15,182.15,True,88.0
2026-04-21 04:43:22.328330,search-api,network_issue,low,eu-west,38.95,74.06,231.91,False,
2026-04-16 01:43:22.328330,analytics-pipeline,database_failure,critical,us-east,42.27,75.44,180.14,True,102.0
2026-03-25 05:23:22.328330,auth-service,latency_spike,high,ap-south,105.35,63.17,185.18,False,
2026-05-01 10:46:22.328330,payment-api,cpu_overload,high,ap-south,51.88,85.33,190.18,True,74.0
2026-04-27 14:42:22.328330,notification-service,database_failure,high,ap-south,54.13,78.48,109.57,True,212.0
2026-05-13 18:53:22.328330,search-api,memory_leak,low,us-east,74.38,91.38,265.33,True,111.0
2026-04-05 19:33:22.328330,notification-service,deployment_failure,low,us-east,74.57,80.44,356.78,False,
2026-02-20 21:48:22.328330,search-api,cpu_overload,medium,ap-south,83.15,75.28,292.31,True,92.0
2026-02-27 08:30:22.328330,search-api,database_failure,low,eu-west,51.71,79.32,139.56,False,
2026-03-20 12:29:22.328330,analytics-pipeline,cpu_overload,medium,ap-south,59.49,33.01,252.11,True,89.0
2026-05-18 14:17:22.328330,auth-service,api_timeout,low,eu-west,55.34,83.33,251.22,False,
2026-05-13 18:40:22.328330,notification-service,memory_leak,critical,ap-south,81.86,57.0,303.07,False,
2026-05-14 20:36:22.328330,recommendation-engine,latency_spike,medium,eu-west,96.59,79.17,283.23,True,137.0
2026-03-21 10:03:22.328330,analytics-pipeline,deployment_failure,low,us-east,67.54,63.7,280.9,True,107.0
2026-05-05 01:21:22.328330,notification-service,memory_leak,critical,ap-south,42.41,64.99,78.32,True,171.0
2026-02-28 12:42:22.328330,analytics-pipeline,cpu_overload,high,ap-south,54.45,77.7,260.43,False,
2026-03-11 06:10:22.328330,payment-api,network_issue,low,us-east,65.76,72.04,69.13,True,137.0
2026-04-02 12:33:22.328330,search-api,database_failure,high,ap-south,59.41,61.82,167.28,True,169.0
2026-03-20 20:27:22.328330,recommendation-engine,network_issue,high,eu-west,73.99,59.67,171.63,True,112.0
2026-03-30 14:13:22.328330,payment-api,api_timeout,low,ap-south,33.69,66.47,132.97,False,
2026-03-01 13:55:22.328330,payment-api,memory_leak,critical,us-east,66.19,58.59,228.36,False,
2026-05-06 16:12:22.328330,payment-api,database_failure,low,ap-south,62.83,90.06,259.78,True,220.0
2026-05-17 04:56:22.328330,auth-service,database_failure,low,us-east,37.41,54.82,224.42,True,167.0
2026-03-10 18:55:22.328330,analytics-pipeline,memory_leak,critical,eu-west,51.05,34.38,327.96,False,
2026-04-23 04:30:22.328330,inventory-engine,memory_leak,high,ap-south,75.8,76.25,171.41,False,
2026-03-22 08:47:22.328330,search-api,memory_leak,high,us-east,71.42,61.55,236.39,False,
2026-02-25 19:27:22.328330,payment-api,latency_spike,medium,eu-west,51.19,88.2,94.38,False,
2026-03-05 22:56:22.328330,search-api,network_issue,medium,us-east,83.48,70.47,180.84,True,173.0
2026-02-27 21:53:22.328330,inventory-engine,memory_leak,critical,ap-south,67.51,78.8,329.34,True,154.0
2026-05-10 12:51:22.328330,auth-service,memory_leak,critical,us-east,69.7,59.31,224.45,True,7.0
2026-05-02 02:32:22.328330,notification-service,cpu_overload,critical,us-east,92.25,86.17,292.7,True,68.0
2026-03-24 04:51:22.328330,recommendation-engine,network_issue,critical,eu-west,76.94,78.39,312.7,True,240.0
2026-03-11 01:54:22.328330,inventory-engine,memory_leak,critical,us-east,58.15,53.74,225.52,True,221.0
2026-03-10 02:39:22.328330,search-api,cpu_overload,low,us-east,52.74,57.34,162.38,False,
2026-04-28 11:52:22.328330,search-api,deployment_failure,critical,us-east,102.28,71.63,248.95,True,184.0
2026-03-31 05:37:22.328330,analytics-pipeline,api_timeout,high,us-east,46.66,47.87,154.48,True,67.0
2026-02-28 04:52:22.328330,recommendation-engine,deployment_failure,high,ap-south,86.57,74.01,267.89,True,35.0
2026-04-16 15:57:22.328330,analytics-pipeline,network_issue,critical,us-east,76.08,62.9,331.04,True,137.0
2026-04-15 02:27:22.328330,inventory-engine,network_issue,critical,us-east,55.51,86.87,255.38,True,55.0
2026-02-20 06:46:22.328330,auth-service,memory_leak,critical,eu-west,38.16,61.02,77.2,False,
2026-04-12 00:38:22.328330,analytics-pipeline,api_timeout,critical,us-east,82.45,69.7,41.73,True,38.0
2026-04-14 19:03:22.328330,notification-service,cpu_overload,critical,ap-south,70.64,63.55,101.3,True,39.0
2026-03-11 14:24:22.328330,payment-api,cpu_overload,medium,ap-south,90.17,71.29,196.53,False,
2026-05-01 22:25:22.328330,auth-service,api_timeout,medium,eu-west,59.01,51.84,115.64,False,
2026-04-10 18:40:22.328330,recommendation-engine,latency_spike,critical,ap-south,84.27,64.31,221.77,False,
2026-05-02 15:01:22.328330,auth-service,cpu_overload,critical,ap-south,34.34,54.18,268.79,True,155.0
2026-02-24 11:04:22.328330,search-api,database_failure,medium,eu-west,70.67,91.04,327.44,False,
2026-03-11 07:50:22.328330,notification-service,network_issue,critical,us-east,61.54,75.68,194.67,False,
2026-03-15 02:14:22.328330,recommendation-engine,api_timeout,medium,us-east,95.82,83.79,233.57,False,
2026-05-17 14:31:22.328330,inventory-engine,latency_spike,medium,us-east,68.01,87.34,266.37,True,17.0
2026-04-01 02:26:22.328330,analytics-pipeline,deployment_failure,high,ap-south,88.38,43.68,256.9,True,29.0
2026-04-18 22:21:22.328330,auth-service,database_failure,medium,ap-south,57.27,91.08,343.71,True,44.0
2026-05-07 06:08:22.328330,recommendation-engine,latency_spike,low,eu-west,65.49,88.43,362.65,True,79.0
2026-04-21 15:38:22.328330,payment-api,network_issue,critical,us-east,66.12,99.66,217.49,True,220.0
2026-03-23 13:47:22.328330,search-api,network_issue,low,us-east,61.78,80.39,191.7,True,223.0
2026-05-15 15:46:22.328330,analytics-pipeline,cpu_overload,low,eu-west,66.28,86.91,221.54,False,
2026-05-07 23:17:22.328330,payment-api,memory_leak,critical,us-east,39.57,74.41,164.3,True,235.0
2026-03-21 21:05:22.328330,analytics-pipeline,database_failure,critical,eu-west,77.98,78.35,337.71,True,156.0
2026-03-23 22:37:22.328330,notification-service,api_timeout,high,ap-south,78.61,83.08,166.47,False,
2026-04-21 16:26:22.328330,auth-service,network_issue,medium,us-east,77.06,93.62,164.91,True,89.0
2026-03-23 04:44:22.328330,search-api,network_issue,medium,eu-west,92.0,63.41,151.84,True,64.0
2026-04-18 01:41:22.328330,analytics-pipeline,memory_leak,low,ap-south,69.44,78.59,292.94,False,
2026-04-09 21:32:22.328330,recommendation-engine,database_failure,low,ap-south,50.57,75.21,165.16,False,
2026-03-28 21:01:22.328330,notification-service,api_timeout,medium,ap-south,42.67,58.86,159.93,True,171.0
2026-02-17 19:46:22.328330,analytics-pipeline,cpu_overload,critical,ap-south,72.82,83.83,102.14,True,230.0
2026-05-18 08:05:22.328330,payment-api,api_timeout,high,eu-west,70.28,55.88,270.33,True,119.0
2026-03-23 16:31:22.328330,recommendation-engine,api_timeout,low,ap-south,55.66,57.38,283.97,False,
2026-03-27 16:14:22.328330,inventory-engine,api_timeout,medium,ap-south,56.2,66.21,42.4,False,
2026-03-02 09:35:22.328330,analytics-pipeline,latency_spike,high,eu-west,79.2,79.85,220.44,False,
2026-04-04 01:27:22.328330,inventory-engine,latency_spike,medium,us-east,42.09,84.51,166.7,True,23.0
2026-03-19 23:02:22.328330,auth-service,api_timeout,high,us-east,58.2,97.74,163.71,True,8.0
2026-05-14 00:17:22.328330,recommendation-engine,api_timeout,critical,eu-west,76.13,76.75,251.21,True,23.0
2026-04-03 13:16:22.328330,inventory-engine,latency_spike,medium,us-east,69.23,74.52,241.76,True,198.0
2026-03-27 08:06:22.328330,analytics-pipeline,network_issue,medium,eu-west,64.22,88.14,114.99,True,182.0
2026-04-18 08:55:22.328330,analytics-pipeline,database_failure,low,ap-south,80.32,79.87,275.87,True,137.0
2026-04-04 15:35:22.328330,auth-service,memory_leak,critical,eu-west,81.75,68.89,70.48,True,81.0
2026-03-13 02:57:22.328330,auth-service,deployment_failure,high,us-east,63.92,58.11,161.45,False,
2026-03-02 16:01:22.328330,recommendation-engine,cpu_overload,low,us-east,46.36,64.27,172.27,False,
2026-04-09 11:25:22.328330,payment-api,api_timeout,critical,eu-west,29.34,78.4,397.63,True,85.0
2026-02-17 22:35:22.328330,payment-api,latency_spike,critical,us-east,74.09,67.56,215.62,False,
2026-05-11 19:01:22.328330,analytics-pipeline,deployment_failure,low,us-east,58.69,71.08,217.04,True,240.0
2026-03-17 02:25:22.328330,notification-service,deployment_failure,high,eu-west,52.38,90.19,101.03,False,
2026-03-16 11:05:22.328330,auth-service,network_issue,medium,ap-south,75.77,68.79,372.07,False,
2026-05-11 14:07:22.328330,inventory-engine,cpu_overload,critical,eu-west,70.11,65.68,200.18,False,
2026-05-15 08:36:22.328330,notification-service,deployment_failure,low,ap-south,65.6,56.29,158.65,False,
2026-04-02 09:50:22.328330,payment-api,cpu_overload,high,ap-south,38.23,58.92,227.51,True,191.0
2026-03-12 16:22:22.328330,analytics-pipeline,latency_spike,high,us-east,69.5,46.25,209.02,False,
2026-04-24 00:57:22.328330,search-api,deployment_failure,critical,ap-south,73.45,68.05,169.3,False,
2026-04-26 01:50:22.328330,notification-service,network_issue,low,us-east,58.82,63.51,169.06,True,170.0
2026-04-03 22:57:22.328330,analytics-pipeline,api_timeout,low,eu-west,67.61,97.69,160.5,False,
2026-05-17 16:48:22.328330,notification-service,memory_leak,low,ap-south,60.23,69.38,165.01,False,
2026-04-19 16:47:22.328330,inventory-engine,latency_spike,high,eu-west,81.47,41.55,177.52,True,159.0
2026-02-23 16:55:22.328330,analytics-pipeline,network_issue,medium,eu-west,77.27,66.47,154.33,True,210.0
2026-03-30 14:40:22.328330,payment-api,network_issue,medium,ap-south,71.61,80.88,236.85,False,
2026-04-12 21:33:22.328330,analytics-pipeline,memory_leak,low,eu-west,52.98,75.47,187.84,False,
2026-02-24 09:55:22.328330,analytics-pipeline,database_failure,critical,ap-south,76.18,87.8,11.55,False,
2026-03-22 12:52:22.328330,search-api,network_issue,low,ap-south,66.67,49.17,415.34,False,
2026-03-31 02:35:22.328330,notification-service,latency_spike,medium,us-east,57.98,78.96,217.17,False,
2026-05-04 09:33:22.328330,notification-service,network_issue,high,eu-west,52.95,58.94,346.85,False,
2026-04-23 00:25:22.328330,search-api,api_timeout,medium,eu-west,79.34,93.32,224.44,True,92.0
2026-03-14 02:49:22.328330,recommendation-engine,memory_leak,medium,eu-west,69.32,66.79,197.03,True,159.0
2026-02-18 00:45:22.328330,recommendation-engine,cpu_overload,high,eu-west,49.37,71.01,156.86,True,200.0
2026-03-09 18:26:22.328330,analytics-pipeline,api_timeout,critical,eu-west,71.63,72.04,243.01,False,
2026-02-19 13:05:22.328330,payment-api,database_failure,medium,eu-west,90.13,69.55,280.54,True,158.0
2026-03-16 01:53:22.328330,notification-service,latency_spike,high,eu-west,95.77,85.68,312.25,True,28.0
2026-04-30 13:16:22.328330,search-api,deployment_failure,medium,us-east,60.4,72.76,114.54,False,
2026-05-09 14:29:22.328330,payment-api,cpu_overload,high,ap-south,72.48,73.29,221.87,False,
2026-03-28 16:15:22.328330,payment-api,cpu_overload,medium,us-east,80.41,55.51,350.79,True,52.0
2026-03-19 19:47:22.328330,payment-api,latency_spike,critical,eu-west,78.53,69.15,208.1,False,
2026-04-07 07:56:22.328330,analytics-pipeline,network_issue,medium,eu-west,72.21,88.25,228.13,True,85.0
2026-04-28 04:03:22.328330,notification-service,api_timeout,low,us-east,67.16,70.22,362.56,False,
2026-02-21 01:53:22.328330,inventory-engine,cpu_overload,high,us-east,59.47,69.65,337.07,False,
2026-03-13 14:39:22.328330,search-api,deployment_failure,low,ap-south,67.21,83.64,147.1,True,240.0
2026-03-21 10:09:22.328330,auth-service,latency_spike,critical,eu-west,61.92,87.81,165.89,False,
2026-04-13 04:40:22.328330,search-api,latency_spike,high,ap-south,62.73,73.08,140.87,True,152.0
2026-04-23 22:40:22.328330,recommendation-engine,deployment_failure,critical,us-east,58.79,71.35,223.73,False,
2026-05-06 16:34:22.328330,analytics-pipeline,api_timeout,medium,eu-west,84.21,88.5,151.51,False,
2026-03-15 17:31:22.328330,analytics-pipeline,database_failure,critical,eu-west,66.67,78.09,341.31,False,
2026-04-27 14:30:22.328330,payment-api,memory_leak,critical,eu-west,75.78,73.49,273.32,False,
2026-05-17 05:35:22.328330,auth-service,cpu_overload,critical,ap-south,75.11,58.87,235.42,False,
2026-05-18 04:32:22.328330,auth-service,api_timeout,critical,eu-west,86.89,67.51,230.36,False,
2026-02-23 05:59:22.328330,analytics-pipeline,latency_spike,critical,eu-west,61.36,42.23,221.65,True,106.0
2026-04-12 16:51:22.328330,auth-service,api_timeout,low,us-east,69.53,63.85,127.63,True,38.0
2026-03-13 04:46:22.328330,notification-service,network_issue,low,ap-south,51.79,79.17,377.8,False,
2026-04-24 12:28:22.328330,analytics-pipeline,latency_spike,low,eu-west,85.74,53.87,288.37,True,155.0
2026-05-14 17:49:22.328330,notification-service,latency_spike,medium,eu-west,55.05,63.01,183.04,True,168.0
2026-05-16 02:34:22.328330,auth-service,cpu_overload,medium,eu-west,75.59,81.51,212.16,False,
2026-04-17 21:01:22.328330,auth-service,network_issue,medium,us-east,63.78,75.57,265.44,False,
2026-03-27 23:46:22.328330,recommendation-engine,network_issue,high,eu-west,82.64,54.59,221.6,True,152.0
2026-03-20 15:10:22.328330,analytics-pipeline,memory_leak,critical,eu-west,48.98,69.39,201.91,True,164.0
2026-03-14 12:03:22.328330,notification-service,api_timeout,low,eu-west,64.3,60.4,101.02,False,
2026-04-16 23:30:22.328330,analytics-pipeline,api_timeout,high,ap-south,33.58,68.43,185.52,False,
2026-04-25 06:22:22.328330,analytics-pipeline,cpu_overload,medium,eu-west,54.86,85.87,151.24,False,
2026-04-22 17:06:22.328330,search-api,database_failure,high,ap-south,86.25,89.49,63.93,False,
2026-02-23 11:13:22.328330,inventory-engine,memory_leak,low,eu-west,66.39,65.2,-12.94,True,166.0
2026-03-28 15:51:22.328330,payment-api,network_issue,critical,us-east,43.33,79.3,381.54,False,
2026-03-31 13:02:22.328330,auth-service,cpu_overload,high,us-east,78.54,73.88,218.29,False,
2026-02-18 11:54:22.328330,recommendation-engine,memory_leak,medium,ap-south,90.24,95.78,173.05,False,
2026-05-05 03:07:22.328330,payment-api,api_timeout,critical,eu-west,35.0,44.82,325.75,False,
2026-03-16 01:37:22.328330,recommendation-engine,api_timeout,low,eu-west,64.29,72.2,76.75,False,
2026-05-09 09:29:22.328330,analytics-pipeline,api_timeout,medium,us-east,53.7,66.45,236.63,False,
2026-05-15 22:55:22.328330,recommendation-engine,latency_spike,high,us-east,59.02,57.55,157.23,True,198.0
2026-04-10 08:31:22.328330,recommendation-engine,latency_spike,medium,eu-west,83.12,72.94,268.97,False,
2026-03-06 22:22:22.328330,payment-api,cpu_overload,high,eu-west,51.52,34.55,178.15,True,100.0
2026-02-20 19:31:22.328330,auth-service,network_issue,low,eu-west,52.0,74.19,482.86,False,
2026-04-27 18:12:22.328330,search-api,network_issue,low,us-east,75.43,102.83,265.5,False,
2026-03-06 02:18:22.328330,payment-api,cpu_overload,critical,eu-west,55.55,74.17,362.45,False,
2026-03-31 19:13:22.328330,recommendation-engine,database_failure,low,us-east,92.44,63.1,240.25,True,50.0
2026-04-25 11:01:22.328330,inventory-engine,latency_spike,medium,eu-west,43.56,79.9,344.27,False,
2026-04-20 17:34:22.328330,recommendation-engine,database_failure,high,eu-west,65.6,61.99,248.81,False,
2026-02-19 13:30:22.328330,inventory-engine,network_issue,high,eu-west,71.26,70.97,234.3,True,179.0
2026-03-05 20:26:22.328330,inventory-engine,network_issue,critical,ap-south,62.39,81.95,278.9,True,86.0
2026-03-13 22:47:22.328330,recommendation-engine,latency_spike,low,ap-south,50.25,57.87,199.65,False,
2026-04-09 03:50:22.328330,search-api,cpu_overload,critical,ap-south,76.05,71.78,168.55,True,114.0
2026-04-18 16:24:22.328330,recommendation-engine,latency_spike,medium,eu-west,68.92,66.03,290.44,False,
2026-03-14 18:53:22.328330,notification-service,api_timeout,high,ap-south,70.0,66.22,238.52,False,
2026-04-12 16:28:22.328330,notification-service,latency_spike,high,ap-south,84.73,63.16,252.21,False,
2026-05-14 06:05:22.328330,analytics-pipeline,memory_leak,medium,ap-south,63.94,75.12,167.63,False,
2026-03-02 13:58:22.328330,recommendation-engine,deployment_failure,low,ap-south,66.66,83.29,145.04,False,
2026-04-26 11:42:22.328330,analytics-pipeline,latency_spike,low,ap-south,45.06,54.5,126.35,True,46.0
2026-05-16 09:44:22.328330,notification-service,cpu_overload,critical,us-east,73.93,53.13,196.17,True,60.0
2026-05-01 11:12:22.328330,analytics-pipeline,deployment_failure,medium,ap-south,74.27,75.0,189.16,False,
2026-04-29 08:51:22.328330,analytics-pipeline,network_issue,medium,eu-west,67.86,71.29,202.06,False,
2026-04-22 09:58:22.328330,inventory-engine,latency_spike,medium,ap-south,61.84,96.83,284.74,True,87.0
2026-04-26 21:04:22.328330,analytics-pipeline,memory_leak,critical,us-east,102.21,64.04,213.2,False,
2026-03-23 12:58:22.328330,analytics-pipeline,database_failure,medium,us-east,45.02,60.29,372.15,True,117.0
2026-04-05 15:21:22.328330,auth-service,database_failure,medium,eu-west,57.17,93.03,120.53,False,
2026-03-20 09:50:22.328330,auth-service,latency_spike,medium,eu-west,49.2,65.91,214.9,True,10.0
2026-03-27 08:54:22.328330,payment-api,cpu_overload,low,eu-west,78.85,75.41,186.69,False,
2026-03-23 13:59:22.328330,auth-service,memory_leak,medium,ap-south,63.0,66.17,146.83,False,
2026-04-22 00:42:22.328330,auth-service,memory_leak,high,us-east,51.68,82.33,73.75,True,159.0
2026-03-25 22:28:22.328330,notification-service,memory_leak,low,ap-south,89.26,65.88,158.2,False,
2026-04-18 13:33:22.328330,analytics-pipeline,cpu_overload,low,us-east,76.1,87.82,309.41,False,
2026-03-16 22:05:22.328330,inventory-engine,memory_leak,critical,eu-west,72.53,83.04,82.68,False,
2026-04-19 06:35:22.328330,recommendation-engine,database_failure,low,eu-west,57.17,59.07,317.97,True,36.0
2026-05-16 01:10:22.328330,payment-api,network_issue,critical,us-east,59.25,80.14,262.87,True,59.0
2026-03-18 10:22:22.328330,auth-service,memory_leak,critical,ap-south,52.07,62.96,323.51,True,238.0
2026-05-07 01:16:22.328330,recommendation-engine,api_timeout,critical,us-east,53.37,71.5,157.4,True,57.0
2026-02-22 05:43:22.328330,payment-api,api_timeout,low,us-east,60.29,69.45,157.37,False,
2026-02-23 05:00:22.328330,inventory-engine,network_issue,critical,eu-west,50.59,73.44,152.42,False,
2026-05-18 09:58:22.328330,auth-service,database_failure,high,eu-west,52.84,58.73,213.77,True,101.0
2026-03-07 03:11:22.328330,payment-api,cpu_overload,high,eu-west,79.16,88.08,161.93,False,
2026-05-06 10:00:22.328330,search-api,cpu_overload,low,ap-south,97.25,57.94,306.68,True,168.0
2026-04-05 16:24:22.328330,analytics-pipeline,network_issue,high,ap-south,54.17,59.55,160.42,True,38.0
2026-02-26 00:13:22.328330,recommendation-engine,cpu_overload,low,ap-south,64.21,76.96,273.59,False,
2026-04-05 15:42:22.328330,analytics-pipeline,deployment_failure,high,ap-south,50.84,58.12,146.67,True,114.0
2026-04-07 10:57:22.328330,recommendation-engine,memory_leak,high,ap-south,63.33,67.48,143.99,True,220.0
2026-02-23 10:45:22.328330,recommendation-engine,deployment_failure,medium,eu-west,69.04,97.15,179.62,True,67.0
2026-03-15 09:57:22.328330,recommendation-engine,memory_leak,high,ap-south,58.5,76.72,175.29,False,
2026-02-27 08:29:22.328330,analytics-pipeline,cpu_overload,critical,ap-south,75.03,61.38,366.57,True,77.0
2026-03-27 12:18:22.328330,recommendation-engine,cpu_overload,high,ap-south,70.17,62.56,172.9,False,
2026-03-20 22:59:22.328330,notification-service,memory_leak,low,ap-south,57.29,86.47,118.5,True,155.0
2026-03-16 02:33:22.328330,analytics-pipeline,database_failure,critical,ap-south,54.98,63.26,218.74,False,
2026-03-03 01:53:22.328330,notification-service,deployment_failure,low,us-east,60.93,52.11,188.01,False,
2026-05-15 14:24:22.328330,notification-service,network_issue,high,us-east,63.51,62.46,274.94,True,226.0
2026-04-23 01:16:22.328330,notification-service,network_issue,medium,eu-west,78.79,69.06,238.44,False,
2026-03-09 04:20:22.328330,analytics-pipeline,api_timeout,high,eu-west,32.58,64.95,300.39,True,38.0
2026-03-11 21:22:22.328330,auth-service,database_failure,high,us-east,58.65,61.15,402.22,True,38.0
2026-05-09 13:13:22.328330,auth-service,network_issue,low,ap-south,92.29,75.61,311.11,True,89.0
2026-03-23 16:01:22.328330,inventory-engine,database_failure,high,eu-west,31.61,60.55,182.4,False,
2026-05-17 05:56:22.328330,payment-api,network_issue,low,eu-west,61.46,64.12,16.0,False,
2026-04-08 23:00:22.328330,search-api,network_issue,medium,eu-west,70.79,76.52,348.15,True,214.0
2026-03-25 21:11:22.328330,notification-service,network_issue,high,us-east,53.18,59.56,5.6,False,
2026-05-03 00:24:22.328330,analytics-pipeline,network_issue,medium,us-east,60.6,80.81,171.06,False,
2026-03-14 15:17:22.328330,recommendation-engine,network_issue,critical,eu-west,97.15,66.92,231.76,True,237.0
2026-02-19 21:01:22.328330,auth-service,memory_leak,critical,ap-south,44.55,73.45,61.65,False,
2026-05-13 11:13:22.328330,inventory-engine,network_issue,high,eu-west,75.41,78.69,328.74,False,
2026-04-01 04:50:22.328330,payment-api,api_timeout,low,ap-south,49.7,71.93,265.11,True,183.0
2026-03-13 21:21:22.328330,inventory-engine,database_failure,high,us-east,71.63,59.62,28.64,False,
2026-04-06 04:09:22.328330,search-api,database_failure,high,us-east,70.2,68.17,174.67,True,197.0
2026-03-17 21:14:22.328330,inventory-engine,database_failure,critical,ap-south,76.46,69.46,114.46,False,
2026-03-22 23:23:22.328330,inventory-engine,database_failure,critical,eu-west,36.03,56.45,411.44,True,5.0
2026-03-01 18:51:22.328330,notification-service,deployment_failure,critical,eu-west,75.84,72.26,205.47,True,106.0
2026-03-06 13:11:22.328330,payment-api,latency_spike,low,ap-south,61.29,84.01,180.75,True,111.0
2026-05-11 02:43:22.328330,recommendation-engine,api_timeout,medium,eu-west,73.65,65.82,375.21,True,112.0
2026-04-19 08:40:22.328330,inventory-engine,cpu_overload,critical,ap-south,76.13,84.95,173.25,False,
2026-02-21 03:50:22.328330,inventory-engine,cpu_overload,critical,ap-south,80.87,66.25,228.8,False,
2026-04-19 09:03:22.328330,inventory-engine,deployment_failure,high,us-east,89.53,57.49,236.26,False,
2026-05-09 15:20:22.328330,auth-service,cpu_overload,critical,us-east,71.57,76.24,183.94,False,
2026-05-18 05:01:22.328330,payment-api,latency_spike,critical,ap-south,96.29,54.46,336.71,False,
2026-04-18 00:03:22.328330,notification-service,deployment_failure,critical,ap-south,83.23,92.81,92.94,True,79.0
2026-03-17 12:50:22.328330,payment-api,cpu_overload,low,us-east,51.97,87.9,69.84,False,
2026-04-16 14:35:22.328330,inventory-engine,cpu_overload,low,eu-west,40.9,64.14,235.36,True,233.0
2026-04-25 08:46:22.328330,analytics-pipeline,cpu_overload,high,eu-west,88.88,67.78,171.34,False,
2026-02-22 19:26:22.328330,inventory-engine,latency_spike,medium,eu-west,69.67,75.64,255.3,True,140.0
2026-04-11 17:25:22.328330,notification-service,api_timeout,low,ap-south,62.33,46.54,146.59,True,219.0
2026-04-19 18:13:22.328330,analytics-pipeline,api_timeout,low,ap-south,86.3,72.24,194.2,True,120.0
2026-05-16 22:05:22.328330,auth-service,api_timeout,medium,eu-west,81.77,56.44,201.97,False,
2026-03-06 00:17:22.328330,inventory-engine,memory_leak,medium,ap-south,67.07,64.7,228.06,False,
2026-05-13 04:46:22.328330,auth-service,latency_spike,high,ap-south,62.18,53.21,234.52,True,143.0
2026-03-24 01:45:22.328330,search-api,database_failure,medium,eu-west,45.07,71.99,329.93,False,
2026-03-11 18:18:22.328330,payment-api,memory_leak,high,ap-south,60.78,55.94,209.84,True,154.0
2026-03-09 15:04:22.328330,recommendation-engine,network_issue,low,ap-south,52.52,77.13,208.16,False,
2026-03-25 10:42:22.328330,recommendation-engine,deployment_failure,critical,eu-west,90.65,83.96,207.75,False,
2026-04-18 02:07:22.328330,auth-service,database_failure,high,eu-west,75.73,65.28,222.72,True,97.0
2026-04-13 07:12:22.328330,notification-service,cpu_overload,low,us-east,59.58,79.2,334.64,False,
2026-02-24 12:02:22.328330,payment-api,api_timeout,medium,us-east,76.98,81.06,293.84,False,
2026-03-11 07:12:22.328330,search-api,api_timeout,high,ap-south,73.27,56.33,356.08,True,151.0
2026-04-19 10:23:22.328330,recommendation-engine,network_issue,medium,ap-south,92.07,67.19,190.34,False,
2026-03-18 02:57:22.328330,payment-api,cpu_overload,low,eu-west,74.19,76.61,203.84,False,
2026-05-18 15:08:22.328330,auth-service,network_issue,high,us-east,46.25,73.67,264.11,True,171.0
2026-02-28 08:47:22.328330,analytics-pipeline,deployment_failure,low,eu-west,75.89,74.19,198.31,True,95.0
2026-02-24 18:38:22.328330,notification-service,database_failure,medium,us-east,79.91,70.79,182.81,False,
2026-03-24 03:48:22.328330,analytics-pipeline,deployment_failure,low,us-east,62.29,49.05,205.42,True,221.0
2026-04-20 07:33:22.328330,auth-service,latency_spike,medium,eu-west,75.33,74.08,341.65,False,
2026-03-19 04:49:22.328330,recommendation-engine,api_timeout,high,ap-south,61.06,75.85,283.42,False,
2026-04-06 20:01:22.328330,inventory-engine,database_failure,high,eu-west,100.14,71.74,136.47,False,
2026-05-12 15:49:22.328330,notification-service,api_timeout,high,ap-south,77.72,92.39,194.2,True,56.0
2026-05-18 09:26:22.328330,notification-service,database_failure,medium,ap-south,77.62,84.74,301.37,False,
2026-03-08 02:55:22.328330,search-api,database_failure,critical,ap-south,66.88,61.62,213.5,False,
2026-05-09 01:54:22.328330,notification-service,api_timeout,medium,eu-west,71.88,80.9,246.72,True,48.0
2026-02-19 08:10:22.328330,recommendation-engine,latency_spike,high,ap-south,59.3,76.66,288.81,False,
2026-03-14 12:26:22.328330,notification-service,deployment_failure,high,eu-west,70.69,59.97,205.49,False,
2026-04-10 12:02:22.328330,analytics-pipeline,api_timeout,high,ap-south,79.22,53.4,52.55,True,30.0
2026-03-02 10:10:22.328330,recommendation-engine,memory_leak,low,us-east,87.62,76.14,268.54,False,
2026-05-02 04:22:22.328330,analytics-pipeline,database_failure,medium,ap-south,48.85,78.85,242.02,True,100.0
2026-05-10 07:56:22.328330,analytics-pipeline,database_failure,low,us-east,41.24,87.09,232.69,True,80.0
2026-03-08 19:53:22.328330,auth-service,api_timeout,high,us-east,59.06,65.46,58.78,False,
2026-04-11 00:25:22.328330,notification-service,database_failure,low,us-east,73.9,73.14,204.47,True,65.0
2026-05-06 13:50:22.328330,recommendation-engine,network_issue,medium,eu-west,84.18,53.39,172.26,False,
2026-05-07 21:27:22.328330,recommendation-engine,database_failure,low,eu-west,52.25,66.65,225.4,True,63.0
2026-04-05 19:27:22.328330,search-api,deployment_failure,low,eu-west,71.45,65.84,149.81,False,
2026-04-19 22:25:22.328330,analytics-pipeline,cpu_overload,critical,eu-west,90.29,98.94,231.46,False,
2026-03-06 00:13:22.328330,recommendation-engine,api_timeout,high,ap-south,53.65,87.71,104.26,False,
2026-05-12 07:17:22.328330,search-api,deployment_failure,critical,us-east,59.98,61.65,127.24,False,
2026-04-20 03:39:22.328330,inventory-engine,memory_leak,low,ap-south,60.8,59.63,221.01,True,220.0
2026-04-07 13:09:22.328330,search-api,memory_leak,critical,ap-south,65.41,62.54,190.36,True,95.0
2026-03-26 15:31:22.328330,payment-api,cpu_overload,critical,ap-south,61.54,79.72,208.13,True,147.0
2026-03-26 20:14:22.328330,inventory-engine,cpu_overload,critical,eu-west,77.37,77.03,265.72,False,
2026-03-04 11:24:22.328330,notification-service,memory_leak,high,ap-south,85.82,56.57,182.15,False,
2026-04-11 07:37:22.328330,auth-service,database_failure,low,eu-west,91.45,66.91,-5.21,True,180.0
2026-04-05 03:09:22.328330,recommendation-engine,latency_spike,medium,eu-west,61.96,71.62,10.63,False,
2026-03-17 17:17:22.328330,payment-api,memory_leak,low,ap-south,85.01,61.44,246.29,True,166.0
2026-03-02 09:15:22.328330,inventory-engine,network_issue,low,ap-south,61.61,54.54,134.36,True,44.0
2026-02-23 05:23:22.328330,notification-service,network_issue,critical,ap-south,50.97,83.03,208.2,True,135.0
2026-03-09 21:56:22.328330,auth-service,deployment_failure,low,ap-south,57.17,58.78,315.69,False,
2026-05-18 02:07:22.328330,recommendation-engine,api_timeout,low,eu-west,86.96,84.22,259.39,True,121.0
2026-03-26 09:04:22.328330,auth-service,memory_leak,critical,eu-west,69.35,55.41,200.33,True,104.0
2026-03-29 08:51:22.328330,notification-service,memory_leak,medium,us-east,54.74,48.09,304.56,False,
2026-03-19 12:46:22.328330,inventory-engine,database_failure,critical,eu-west,54.56,84.35,290.54,True,187.0
2026-04-19 22:48:22.328330,payment-api,api_timeout,critical,us-east,73.35,77.35,170.77,False,
2026-04-02 05:08:22.328330,notification-service,api_timeout,medium,eu-west,92.87,70.52,244.15,False,
2026-04-16 11:30:22.328330,search-api,api_timeout,low,us-east,55.26,58.83,258.18,False,
2026-04-27 05:41:22.328330,search-api,latency_spike,medium,ap-south,68.26,60.53,104.93,True,30.0
2026-04-19 08:07:22.328330,inventory-engine,cpu_overload,low,ap-south,45.95,84.35,170.94,False,
2026-04-08 16:22:22.328330,search-api,latency_spike,high,eu-west,59.92,87.4,130.23,True,139.0
2026-04-05 04:20:22.328330,notification-service,database_failure,medium,ap-south,54.1,60.77,349.45,False,
2026-03-15 00:30:22.328330,analytics-pipeline,cpu_overload,high,eu-west,94.9,79.02,282.67,False,
2026-04-15 06:23:22.328330,notification-service,database_failure,medium,eu-west,56.29,93.37,241.42,True,84.0
2026-05-12 21:56:22.328330,inventory-engine,api_timeout,low,ap-south,77.8,68.73,198.56,True,197.0
2026-05-04 20:37:22.328330,auth-service,network_issue,high,eu-west,89.95,76.48,336.11,True,107.0
2026-03-30 23:08:22.328330,recommendation-engine,latency_spike,high,ap-south,68.83,59.82,173.33,False,
2026-03-05 04:05:22.328330,analytics-pipeline,database_failure,low,ap-south,66.54,62.48,131.4,True,154.0
2026-03-21 13:53:22.328330,recommendation-engine,deployment_failure,critical,ap-south,83.02,63.46,231.06,False,
2026-03-30 18:50:22.328330,payment-api,deployment_failure,medium,eu-west,69.44,62.94,336.06,False,
2026-03-06 12:30:22.328330,analytics-pipeline,network_issue,high,us-east,48.24,73.14,239.69,False,
2026-04-02 02:12:22.328330,inventory-engine,cpu_overload,critical,us-east,64.19,54.44,289.67,False,
2026-05-16 11:28:22.328330,analytics-pipeline,memory_leak,critical,ap-south,76.15,61.89,276.6,False,
2026-02-20 21:57:22.328330,inventory-engine,deployment_failure,low,eu-west,70.62,54.63,151.69,False,
2026-04-28 21:26:22.328330,auth-service,database_failure,high,us-east,82.07,73.71,174.86,True,199.0
2026-04-03 08:17:22.328330,notification-service,network_issue,medium,eu-west,52.12,63.82,184.44,False,
2026-03-26 17:28:22.328330,recommendation-engine,cpu_overload,critical,ap-south,52.31,49.1,311.2,True,158.0
2026-02-24 21:33:22.328330,search-api,network_issue,medium,ap-south,79.56,54.72,230.9,False,
2026-04-27 11:22:22.328330,payment-api,database_failure,critical,ap-south,51.47,66.86,192.42,True,186.0
2026-05-15 07:03:22.328330,auth-service,database_failure,low,us-east,58.58,94.04,184.77,False,
2026-02-23 19:53:22.328330,search-api,network_issue,high,ap-south,52.88,60.85,303.5,True,215.0
2026-04-28 02:07:22.328330,auth-service,memory_leak,high,eu-west,40.22,60.85,335.75,False,
2026-03-01 22:45:22.328330,search-api,cpu_overload,low,ap-south,68.66,72.3,390.57,False,
2026-03-22 16:11:22.328330,search-api,cpu_overload,medium,ap-south,68.7,61.5,197.43,False,
2026-03-07 04:13:22.328330,recommendation-engine,latency_spike,critical,eu-west,47.97,85.07,265.96,False,
2026-04-22 04:25:22.328330,analytics-pipeline,api_timeout,critical,ap-south,81.87,84.56,186.86,False,
2026-04-13 08:13:22.328330,auth-service,network_issue,low,us-east,50.83,69.38,150.18,False,
2026-03-30 03:26:22.328330,inventory-engine,network_issue,low,ap-south,67.47,83.59,206.55,False,
2026-04-24 08:38:22.328330,search-api,database_failure,low,us-east,67.25,68.87,284.22,True,118.0
2026-05-18 11:05:22.328330,inventory-engine,latency_spike,medium,eu-west,54.98,43.64,257.67,True,136.0
2026-03-19 06:06:22.328330,payment-api,api_timeout,low,ap-south,79.82,75.36,168.78,False,
2026-02-26 14:34:22.328330,payment-api,memory_leak,high,us-east,47.97,75.93,231.32,False,
2026-04-13 12:58:22.328330,search-api,latency_spike,high,ap-south,63.11,91.87,144.26,True,182.0
2026-04-04 09:58:22.328330,analytics-pipeline,api_timeout,high,eu-west,91.63,70.38,73.15,True,156.0
2026-03-05 23:14:22.328330,search-api,deployment_failure,medium,ap-south,62.31,81.51,190.8,False,
2026-04-22 11:01:22.328330,search-api,network_issue,medium,eu-west,42.88,68.03,151.43,True,212.0
2026-05-04 22:25:22.328330,recommendation-engine,deployment_failure,high,ap-south,72.38,79.28,135.5,True,152.0
2026-03-13 15:31:22.328330,search-api,database_failure,critical,ap-south,54.41,79.08,151.29,True,34.0
2026-03-28 22:55:22.328330,auth-service,api_timeout,critical,us-east,48.77,55.86,248.16,False,
2026-05-07 12:34:22.328330,notification-service,network_issue,critical,us-east,69.64,61.79,220.41,False,
2026-04-09 02:08:22.328330,payment-api,latency_spike,medium,us-east,87.91,58.31,63.86,False,
2026-02-24 10:04:22.328330,auth-service,cpu_overload,medium,eu-west,71.83,68.68,163.2,True,208.0
2026-03-02 10:46:22.328330,analytics-pipeline,memory_leak,medium,ap-south,74.78,80.07,43.34,True,73.0
2026-03-23 20:49:22.328330,notification-service,database_failure,low,eu-west,55.21,97.81,266.67,True,190.0
2026-04-08 21:18:22.328330,recommendation-engine,database_failure,medium,us-east,75.14,84.07,221.37,False,
2026-04-16 03:16:22.328330,notification-service,network_issue,low,eu-west,76.95,78.62,263.12,False,
2026-03-01 01:32:22.328330,recommendation-engine,database_failure,low,us-east,60.17,72.06,172.93,True,167.0
2026-04-21 00:28:22.328330,inventory-engine,deployment_failure,critical,eu-west,65.19,55.98,156.75,False,
2026-04-21 23:46:22.328330,payment-api,database_failure,medium,eu-west,60.77,58.68,179.6,True,203.0
2026-03-01 14:25:22.328330,inventory-engine,latency_spike,critical,us-east,62.54,74.83,295.94,False,
2026-02-25 02:02:22.328330,inventory-engine,api_timeout,high,eu-west,58.04,86.02,295.09,False,
2026-03-05 16:16:22.328330,payment-api,latency_spike,critical,eu-west,72.56,71.84,245.53,False,
2026-03-11 07:36:22.328330,auth-service,api_timeout,medium,eu-west,82.81,84.68,326.8,False,
2026-03-12 19:44:22.328330,search-api,api_timeout,high,us-east,65.62,76.66,327.48,True,168.0
2026-05-02 02:23:22.328330,recommendation-engine,network_issue,critical,us-east,55.64,66.18,221.28,False,
2026-03-05 19:54:22.328330,payment-api,cpu_overload,low,eu-west,78.49,80.98,201.53,True,224.0
2026-02-19 13:15:22.328330,analytics-pipeline,deployment_failure,high,eu-west,42.37,72.95,146.53,True,195.0
2026-03-06 18:26:22.328330,inventory-engine,cpu_overload,low,ap-south,42.65,54.83,246.11,True,217.0
2026-02-22 11:03:22.328330,analytics-pipeline,cpu_overload,high,ap-south,85.42,70.47,236.91,False,
2026-02-28 02:02:22.328330,notification-service,api_timeout,critical,eu-west,82.74,51.47,261.61,True,141.0
2026-02-24 20:16:22.328330,notification-service,memory_leak,low,us-east,64.83,76.79,181.32,False,
2026-03-11 00:07:22.328330,auth-service,memory_leak,low,us-east,52.73,71.69,351.94,False,
2026-04-23 14:36:22.328330,recommendation-engine,network_issue,low,us-east,77.91,63.91,112.72,False,
2026-04-22 02:44:22.328330,notification-service,deployment_failure,medium,eu-west,39.77,85.79,143.59,False,
2026-05-10 06:48:22.328330,payment-api,cpu_overload,critical,ap-south,60.12,85.85,90.89,False,
2026-03-26 01:24:22.328330,analytics-pipeline,cpu_overload,medium,eu-west,87.38,66.96,128.11,True,228.0
2026-03-17 02:06:22.328330,payment-api,cpu_overload,low,ap-south,61.29,61.33,255.27,False,
2026-04-22 18:01:22.328330,auth-service,api_timeout,critical,ap-south,55.28,47.06,202.35,False,
2026-04-10 01:15:22.328330,payment-api,database_failure,medium,eu-west,44.65,72.45,125.03,False,
2026-04-03 00:46:22.328330,payment-api,latency_spike,low,ap-south,57.68,72.19,203.0,False,
2026-02-19 21:22:22.328330,auth-service,latency_spike,high,eu-west,68.76,78.16,127.37,True,88.0
2026-05-10 08:19:22.328330,payment-api,cpu_overload,medium,us-east,64.03,30.05,239.79,False,
2026-03-31 01:05:22.328330,recommendation-engine,memory_leak,low,eu-west,60.49,58.2,245.26,False,
2026-03-07 01:18:22.328330,notification-service,latency_spike,critical,eu-west,82.59,64.29,144.41,True,162.0
2026-03-18 14:50:22.328330,recommendation-engine,network_issue,high,us-east,67.48,53.97,167.17,False,
2026-05-06 23:59:22.328330,inventory-engine,deployment_failure,critical,eu-west,83.34,70.75,69.64,False,
2026-03-21 06:21:22.328330,notification-service,network_issue,low,eu-west,38.05,71.95,288.99,False,
2026-03-04 21:53:22.328330,notification-service,network_issue,medium,eu-west,40.74,75.4,326.43,True,100.0
2026-02-21 23:32:22.328330,inventory-engine,memory_leak,medium,eu-west,93.32,73.97,260.54,False,
2026-05-15 16:54:22.328330,payment-api,memory_leak,medium,eu-west,33.0,95.2,173.96,True,133.0
2026-04-09 10:22:22.328330,analytics-pipeline,cpu_overload,high,ap-south,51.0,66.94,340.93,True,177.0
2026-04-19 00:23:22.328330,analytics-pipeline,memory_leak,medium,us-east,98.12,71.5,299.85,True,29.0
2026-04-22 09:35:22.328330,analytics-pipeline,memory_leak,low,us-east,65.65,57.55,338.14,False,
2026-04-05 00:04:22.328330,payment-api,latency_spike,high,eu-west,55.67,88.43,323.88,False,
2026-04-19 14:59:22.328330,search-api,database_failure,medium,eu-west,74.21,91.95,398.59,True,225.0
2026-04-12 03:46:22.328330,recommendation-engine,memory_leak,medium,ap-south,62.37,60.29,70.86,True,37.0
2026-05-06 09:06:22.328330,analytics-pipeline,memory_leak,high,eu-west,98.67,64.72,310.8,True,86.0
2026-04-27 14:28:22.328330,analytics-pipeline,database_failure,medium,eu-west,53.88,88.46,163.99,True,17.0
2026-04-14 19:54:22.328330,recommendation-engine,memory_leak,low,eu-west,47.12,67.5,177.46,True,222.0
2026-05-11 20:31:22.328330,payment-api,deployment_failure,medium,us-east,73.94,69.38,270.22,False,
2026-04-29 16:47:22.328330,auth-service,database_failure,low,eu-west,60.63,62.02,173.32,True,169.0
2026-05-02 20:43:22.328330,inventory-engine,memory_leak,critical,eu-west,95.67,72.7,61.3,True,45.0
2026-04-26 14:06:22.328330,search-api,database_failure,high,us-east,57.2,71.16,367.63,False,
2026-03-17 21:37:22.328330,inventory-engine,cpu_overload,medium,eu-west,80.43,58.94,413.47,False,
2026-05-01 19:54:22.328330,notification-service,api_timeout,high,us-east,64.53,84.96,127.6,False,
2026-04-09 18:06:22.328330,analytics-pipeline,latency_spike,medium,us-east,29.03,53.1,-40.03,False,
2026-04-09 15:28:22.328330,auth-service,cpu_overload,medium,ap-south,96.68,72.57,146.03,True,191.0
2026-03-05 23:31:22.328330,notification-service,cpu_overload,medium,us-east,71.79,72.27,269.67,False,
2026-03-21 18:43:22.328330,search-api,api_timeout,medium,us-east,83.14,66.52,149.61,False,
2026-05-02 14:05:22.328330,notification-service,api_timeout,medium,us-east,77.42,79.63,228.06,False,
2026-03-03 17:46:22.328330,analytics-pipeline,latency_spike,high,ap-south,97.66,64.75,148.01,True,103.0
2026-02-18 08:39:22.328330,recommendation-engine,cpu_overload,high,ap-south,71.27,61.9,259.64,True,73.0
2026-04-04 07:37:22.328330,analytics-pipeline,api_timeout,medium,us-east,52.5,65.2,371.27,True,228.0
2026-03-21 12:19:22.328330,notification-service,latency_spike,critical,us-east,58.92,60.41,313.65,False,
2026-05-09 03:38:22.328330,inventory-engine,api_timeout,high,eu-west,49.23,61.68,266.12,True,108.0
2026-03-02 10:51:22.328330,notification-service,network_issue,high,eu-west,79.08,84.65,160.22,False,
2026-02-27 19:09:22.328330,recommendation-engine,deployment_failure,high,us-east,73.94,64.41,171.55,False,
2026-03-14 05:21:22.328330,inventory-engine,network_issue,medium,us-east,83.05,63.41,242.26,True,148.0
2026-03-26 21:15:22.328330,search-api,network_issue,critical,eu-west,67.33,57.15,297.29,False,
2026-03-11 15:37:22.328330,auth-service,memory_leak,high,eu-west,73.4,46.16,242.19,False,
2026-04-03 18:40:22.328330,notification-service,memory_leak,high,eu-west,53.41,83.16,104.37,False,
2026-04-05 12:15:22.328330,payment-api,memory_leak,critical,ap-south,59.65,74.34,224.35,False,
2026-02-21 04:14:22.328330,auth-service,network_issue,medium,us-east,76.44,51.78,352.15,False,
2026-04-29 09:17:22.328330,search-api,cpu_overload,critical,ap-south,72.88,86.32,289.94,False,
2026-04-03 04:47:22.328330,search-api,api_timeout,medium,ap-south,64.83,54.59,174.92,True,110.0
2026-03-08 07:06:22.328330,payment-api,api_timeout,medium,us-east,88.84,86.63,170.43,False,
2026-03-26 00:07:22.328330,search-api,memory_leak,low,us-east,22.73,67.45,196.98,True,95.0
2026-03-01 09:50:22.328330,auth-service,network_issue,low,eu-west,61.25,76.34,290.1,False,
2026-02-26 02:07:22.328330,analytics-pipeline,database_failure,medium,ap-south,79.85,75.35,75.94,False,
2026-05-10 16:26:22.328330,payment-api,memory_leak,low,us-east,59.88,97.65,249.94,True,126.0
2026-05-06 19:46:22.328330,recommendation-engine,latency_spike,critical,ap-south,70.52,74.31,253.23,True,203.0
2026-03-04 04:08:22.328330,analytics-pipeline,latency_spike,low,us-east,29.25,67.13,216.97,False,
2026-03-05 14:10:22.328330,recommendation-engine,database_failure,low,ap-south,84.22,70.57,88.28,True,103.0
2026-03-13 02:37:22.328330,inventory-engine,database_failure,medium,eu-west,71.45,60.35,122.66,True,36.0
2026-02-18 14:45:22.328330,inventory-engine,api_timeout,medium,ap-south,52.49,76.51,320.7,False,
2026-03-08 11:01:22.328330,analytics-pipeline,api_timeout,critical,eu-west,72.24,77.58,257.84,False,
2026-03-21 06:04:22.328330,inventory-engine,deployment_failure,medium,ap-south,66.52,78.36,26.5,True,104.0
2026-03-03 01:09:22.328330,search-api,cpu_overload,high,us-east,66.67,57.46,313.03,True,239.0
2026-03-05 11:03:22.328330,auth-service,database_failure,low,us-east,62.79,70.37,99.59,True,196.0
2026-02-23 00:16:22.328330,notification-service,deployment_failure,high,eu-west,80.25,77.53,264.56,True,106.0
2026-03-05 00:45:22.328330,notification-service,cpu_overload,low,ap-south,52.8,60.72,237.89,True,51.0
2026-03-21 06:58:22.328330,recommendation-engine,network_issue,critical,ap-south,54.58,75.22,47.13,False,
2026-03-28 02:32:22.328330,recommendation-engine,latency_spike,critical,us-east,57.69,91.56,255.16,True,110.0
2026-03-17 15:49:22.328330,notification-service,memory_leak,medium,us-east,67.5,93.82,33.12,True,158.0
2026-05-08 15:10:22.328330,payment-api,latency_spike,critical,eu-west,52.77,65.19,288.67,True,94.0
2026-03-08 06:04:22.328330,analytics-pipeline,database_failure,low,eu-west,78.13,59.61,299.84,False,
2026-03-09 02:09:22.328330,search-api,memory_leak,high,ap-south,58.95,84.54,137.39,True,199.0
2026-03-11 01:36:22.328330,payment-api,memory_leak,medium,eu-west,63.15,64.12,304.48,False,
2026-02-19 06:00:22.328330,inventory-engine,memory_leak,critical,ap-south,57.16,69.49,260.54,False,
2026-03-03 21:17:22.328330,recommendation-engine,network_issue,medium,ap-south,73.18,80.64,236.89,False,
2026-03-31 04:06:22.328330,analytics-pipeline,latency_spike,high,eu-west,58.73,65.8,222.05,False,
2026-05-10 15:56:22.328330,search-api,latency_spike,low,us-east,68.74,68.23,221.54,False,
2026-03-25 01:42:22.328330,auth-service,latency_spike,low,us-east,42.24,78.01,234.49,True,31.0
2026-04-12 06:42:22.328330,payment-api,cpu_overload,low,eu-west,80.03,70.0,80.93,True,222.0
2026-04-20 08:55:22.328330,search-api,memory_leak,low,eu-west,59.62,67.6,279.43,False,
2026-03-02 01:38:22.328330,recommendation-engine,latency_spike,critical,ap-south,33.95,70.49,261.09,True,196.0
2026-02-19 21:50:22.328330,payment-api,database_failure,low,eu-west,55.08,70.9,169.84,False,
2026-05-05 14:06:22.328330,payment-api,deployment_failure,medium,us-east,54.06,65.1,163.14,False,
2026-04-21 04:59:22.328330,notification-service,cpu_overload,medium,eu-west,75.25,61.18,147.77,True,86.0
2026-04-30 18:06:22.328330,payment-api,api_timeout,low,ap-south,91.52,81.53,71.08,False,
2026-03-28 06:13:22.328330,search-api,latency_spike,critical,ap-south,53.53,72.91,245.9,True,57.0
2026-02-23 22:02:22.328330,notification-service,api_timeout,low,eu-west,42.64,83.9,286.02,False,
2026-03-08 01:50:22.328330,recommendation-engine,latency_spike,low,us-east,72.23,86.28,256.18,True,57.0
2026-02-27 21:53:22.328330,auth-service,deployment_failure,low,ap-south,71.73,88.69,308.1,False,
2026-02-23 10:09:22.328330,analytics-pipeline,deployment_failure,low,eu-west,52.38,77.6,166.86,False,
2026-02-25 05:51:22.328330,recommendation-engine,network_issue,low,eu-west,72.56,75.72,109.32,True,79.0
2026-05-10 08:30:22.328330,payment-api,memory_leak,critical,ap-south,63.17,73.18,185.1,False,
2026-04-19 20:46:22.328330,auth-service,api_timeout,low,ap-south,69.72,79.67,217.55,True,116.0
2026-04-05 08:43:22.328330,analytics-pipeline,database_failure,high,us-east,68.37,86.6,257.86,False,
2026-04-21 22:01:22.328330,analytics-pipeline,api_timeout,medium,ap-south,68.01,58.5,273.68,True,66.0
2026-03-29 07:02:22.328330,analytics-pipeline,latency_spike,low,ap-south,69.95,85.4,223.75,False,
2026-04-21 06:31:22.328330,notification-service,latency_spike,critical,eu-west,37.76,49.6,278.85,False,
2026-05-03 07:37:22.328330,auth-service,network_issue,medium,eu-west,56.45,75.24,229.14,False,
2026-04-22 21:11:22.328330,payment-api,latency_spike,medium,eu-west,62.5,68.84,150.77,False,
2026-04-28 21:44:22.328330,inventory-engine,latency_spike,critical,ap-south,64.76,62.99,190.22,False,
2026-02-19 19:40:22.328330,search-api,memory_leak,critical,eu-west,60.15,67.28,293.77,False,
2026-03-29 20:40:22.328330,inventory-engine,deployment_failure,high,us-east,63.05,82.28,343.03,True,87.0
2026-05-02 18:07:22.328330,analytics-pipeline,network_issue,critical,ap-south,77.82,76.41,246.15,False,
2026-02-26 09:48:22.328330,payment-api,latency_spike,medium,ap-south,77.98,71.07,298.77,False,
2026-04-22 23:18:22.328330,recommendation-engine,network_issue,low,ap-south,74.21,65.68,291.67,False,
2026-03-26 14:17:22.328330,notification-service,database_failure,high,ap-south,66.37,68.73,181.9,False,
2026-04-09 23:04:22.328330,recommendation-engine,database_failure,high,ap-south,67.49,81.96,291.12,True,19.0
2026-05-15 22:36:22.328330,inventory-engine,latency_spike,high,us-east,70.3,77.2,321.74,False,
2026-04-17 01:35:22.328330,search-api,api_timeout,medium,us-east,62.75,56.61,324.09,False,
2026-03-08 21:18:22.328330,notification-service,cpu_overload,medium,eu-west,57.05,61.72,76.3,False,
2026-03-21 15:27:22.328330,search-api,latency_spike,critical,eu-west,73.57,50.54,159.98,False,
2026-04-11 22:30:22.328330,auth-service,deployment_failure,high,us-east,73.82,78.66,167.86,False,
2026-05-16 08:57:22.328330,inventory-engine,api_timeout,low,us-east,62.99,59.53,176.13,True,174.0
2026-05-14 19:56:22.328330,payment-api,cpu_overload,high,eu-west,68.99,63.98,200.46,True,6.0
2026-02-17 21:45:22.328330,analytics-pipeline,api_timeout,critical,eu-west,43.03,83.6,260.81,False,
2026-05-15 00:59:22.328330,analytics-pipeline,network_issue,critical,eu-west,76.89,85.49,153.98,True,5.0
2026-02-19 13:58:22.328330,search-api,deployment_failure,critical,us-east,59.62,47.26,471.23,True,177.0
2026-04-23 23:26:22.328330,analytics-pipeline,deployment_failure,low,us-east,62.76,82.46,120.95,True,142.0
2026-05-05 22:06:22.328330,payment-api,api_timeout,critical,eu-west,79.95,92.29,215.18,True,133.0
2026-03-14 04:24:22.328330,payment-api,latency_spike,high,ap-south,49.84,68.33,41.86,True,40.0
2026-04-27 20:27:22.328330,auth-service,database_failure,medium,eu-west,64.43,79.85,217.14,True,147.0
2026-05-04 14:51:22.328330,inventory-engine,latency_spike,high,us-east,60.74,76.33,268.32,False,
2026-02-28 20:59:22.328330,auth-service,database_failure,medium,us-east,40.1,71.07,414.88,False,
2026-05-15 19:43:22.328330,payment-api,cpu_overload,low,eu-west,44.97,68.97,375.34,False,
2026-04-07 13:17:22.328330,notification-service,deployment_failure,low,eu-west,81.56,63.84,236.49,False,
2026-02-26 17:29:22.328330,analytics-pipeline,latency_spike,low,eu-west,64.97,61.02,214.06,False,
2026-03-19 00:24:22.328330,payment-api,deployment_failure,high,eu-west,60.8,71.35,160.13,False,
2026-02-19 16:40:22.328330,analytics-pipeline,api_timeout,medium,eu-west,45.85,69.5,357.21,True,216.0
2026-05-18 00:47:22.328330,analytics-pipeline,api_timeout,high,eu-west,66.23,66.02,280.33,False,
2026-02-20 16:00:22.328330,recommendation-engine,database_failure,low,ap-south,62.63,92.42,219.69,False,
2026-04-01 00:24:22.328330,auth-service,latency_spike,medium,ap-south,75.51,60.94,260.25,True,222.0
2026-05-12 02:30:22.328330,payment-api,cpu_overload,low,ap-south,69.13,69.32,179.86,False,
2026-02-24 21:31:22.328330,analytics-pipeline,network_issue,high,eu-west,55.43,73.39,270.32,False,
2026-05-11 16:52:22.328330,notification-service,cpu_overload,medium,ap-south,63.09,73.45,216.97,True,172.0
2026-04-24 19:46:22.328330,inventory-engine,api_timeout,critical,us-east,66.48,67.59,221.44,False,
2026-03-13 00:46:22.328330,search-api,memory_leak,low,eu-west,105.47,73.74,271.62,True,169.0
2026-04-02 07:32:22.328330,search-api,database_failure,medium,eu-west,71.57,66.85,323.52,False,
2026-04-28 12:31:22.328330,analytics-pipeline,cpu_overload,critical,ap-south,60.63,82.66,193.26,True,177.0
2026-04-28 00:52:22.328330,recommendation-engine,database_failure,low,ap-south,50.6,74.38,131.63,True,29.0
2026-04-28 12:43:22.328330,analytics-pipeline,network_issue,critical,us-east,73.03,55.67,194.48,True,215.0
2026-03-14 03:34:22.328330,recommendation-engine,database_failure,low,us-east,43.52,103.89,87.68,False,
2026-03-29 10:27:22.328330,inventory-engine,cpu_overload,critical,us-east,65.15,83.72,302.91,False,
2026-03-16 04:59:22.328330,analytics-pipeline,latency_spike,high,eu-west,77.77,66.19,328.09,True,218.0
2026-04-10 13:58:22.328330,notification-service,api_timeout,low,ap-south,78.7,72.55,239.25,False,
2026-04-16 00:38:22.328330,auth-service,database_failure,critical,eu-west,60.44,59.08,318.97,False,
2026-05-12 15:51:22.328330,search-api,latency_spike,critical,us-east,84.68,59.39,207.7,False,
